[INFO] cosmic_applet: ========== cosmic-applet starting ==========
[INFO] cosmic_applet: cosmic-applet starting in PANEL MODE — config: config.toml
[DEBUG] cosmic_config: Using standard config dir: Some("/home/mark/.config")
[DEBUG] cosmic_config: Using standard config dir: Some("/home/mark/.config")
[DEBUG] cosmic_config: Using standard config dir: Some("/home/mark/.config")
[DEBUG] cosmic_config: Using standard config dir: Some("/home/mark/.config")
[ERROR] cosmic::theme: error loading system dark theme error=GetKey("list_button", Os { code: 2, kind: NotFound, message: "No such file or directory" })
[ERROR] cosmic::theme: error loading system dark theme error=GetKey("frosted_maximized_apps", Os { code: 2, kind: NotFound, message: "No such file or directory" })
[DEBUG] cosmic_config: Using standard config dir: Some("/home/mark/.config")
[DEBUG] cosmic_config: Using standard config dir: Some("/home/mark/.config")
[DEBUG] cosmic_config: Using standard config dir: Some("/home/mark/.config")
[ERROR] cosmic::theme: error loading system dark theme error=GetKey("list_button", Os { code: 2, kind: NotFound, message: "No such file or directory" })
[ERROR] cosmic::theme: error loading system dark theme error=GetKey("frosted_maximized_apps", Os { code: 2, kind: NotFound, message: "No such file or directory" })
[DEBUG] cosmic_text::font::system: Locale: en-AU
[DEBUG] cosmic_text::font::system: Parsed 646 font faces in 34ms.
[DEBUG] cosmic_config: Using standard config dir: Some("/home/mark/.config")
[DEBUG] tracing::span: winit::EventLoopBuilder::build;
[DEBUG] sctk: Bound new global [58] wl_output v4
[DEBUG] sctk: Bound new global [59] wl_output v4
[DEBUG] sctk: Bound new global [60] wl_output v4
[DEBUG] sctk: Bound new global [7] zxdg_output_manager_v1 v3
[DEBUG] sctk: Bound new global [61] wl_seat v9
[DEBUG] sctk: Bound new global [19] wp_cursor_shape_manager_v1 v2
[DEBUG] sctk: supported wl_shm format Xrgb8888
[DEBUG] sctk: supported wl_shm format Argb8888
[DEBUG] sctk: supported wl_shm format Xbgr8888
[DEBUG] sctk: supported wl_shm format Abgr8888
[INFO] zbus::connection::handshake::common: write_command; command=Auth(Some(External), Some([49, 48, 48, 48]))
[INFO] zbus::connection::handshake::common: write_commands; commands=[Auth(Some(External), Some([49, 48, 48, 48]))] extra_bytes=None
[INFO] tracing::span: read_command;
[INFO] zbus::connection::handshake::common: read_commands; n_commands=1
[INFO] zbus::connection::handshake::common: write_commands; commands=[NegotiateUnixFD, Begin] extra_bytes=Some([108, 1, 0, 1, 0, 0, 0, 0, 1, 0, 0, 0, 109, 0, 0, 0, 1, 1, 111, 0, 21, 0, 0, 0, 47, 111, 114, 103, 47, 102, 114, 101, 101, 100, 101, 115, 107, 116, 111, 112, 47, 68, 66, 117, 115, 0, 0, 0, 2, 1, 115, 0, 20, 0, 0, 0, 111, 114, 103, 46, 102, 114, 101, 101, 100, 101, 115, 107, 116, 111, 112, 46, 68, 66, 117, 115, 0, 0, 0, 0, 3, 1, 115, 0, 5, 0, 0, 0, 72, 101, 108, 108, 111, 0, 0, 0, 6, 1, 115, 0, 20, 0, 0, 0, 111, 114, 103, 46, 102, 114, 101, 101, 100, 101, 115, 107, 116, 111, 112, 46, 68, 66, 117, 115, 0, 0, 0, 0])
[INFO] zbus::connection::handshake::common: read_commands; n_commands=1
[INFO] cosmic_applet: 📂 Loading config from config.toml
[INFO] cosmic_applet::config::manager: Loaded config from config.toml — 1 machines configured
[DEBUG] cosmic_config: Using standard config dir: Some("/home/mark/.config")
[INFO] cosmic_applet: Loaded MinimonConfig from COSMIC config system
[INFO] iced_winit: System theme: None
[DEBUG] cosmic_config: Using standard config dir: Some("/home/mark/.config")
[DEBUG] cosmic_config: Using standard config dir: Some("/home/mark/.config")
[DEBUG] cosmic_config: Using standard config dir: Some("/home/mark/.config")
[DEBUG] cosmic_config: Using standard config dir: Some("/home/mark/.config")
[INFO] iced_winit: Window attributes for id `Id(
    1,
)`: WindowAttributes {
    surface_size: Some(
        Logical(
            LogicalSize {
                width: 48.0,
                height: 40.0,
            },
        ),
    ),
    min_surface_size: Some(
        Logical(
            LogicalSize {
                width: 48.0,
                height: 40.0,
            },
        ),
    ),
    max_surface_size: None,
    surface_resize_increments: None,
    position: None,
    resizable: false,
    enabled_buttons: WindowButtons(
        CLOSE | MINIMIZE,
    ),
    title: "Cosmic - Iced",
    maximized: false,
    visible: false,
    transparent: true,
    blur: false,
    decorations: false,
    window_icon: None,
    preferred_theme: None,
    content_protected: false,
    window_level: Normal,
    active: true,
    cursor: Icon(
        Default,
    ),
    parent_window: None,
    fullscreen: None,
    platform: Some(
        WindowAttributesWayland {
            name: Some(
                ApplicationName {
                    general: "com.cosmic.network_system_monitor",
                    instance: "com.cosmic.network_system_monitor",
                },
            ),
            activation_token: None,
            prefer_csd: false,
        },
    ),
}
[WARN] winit_wayland::window::state: `xdg_toplevel_icon_manager_v1` is not supported
[DEBUG] sctk: Bound new global [61] wl_seat v9
[DEBUG] sctk: Bound new global [58] wl_output v4
[DEBUG] sctk: Bound new global [59] wl_output v4
[DEBUG] sctk: Bound new global [60] wl_output v4
[DEBUG] sctk: Bound new global [7] zxdg_output_manager_v1 v3
[DEBUG] sctk: Bound new global [49] ext_foreign_toplevel_list_v1 v1
[DEBUG] sctk: Bound new global [48] zcosmic_toplevel_info_v1 v3
[DEBUG] sctk: Bound new global [3] cosmic_corner_radius_manager_v1 v2
[DEBUG] sctk: Bound new global [50] zcosmic_toplevel_manager_v1 v4
[DEBUG] sctk: Bound new global [6] zwp_keyboard_shortcuts_inhibit_manager_v1 v1
[DEBUG] sctk: Bound new global [32] zwp_text_input_manager_v3 v1
[DEBUG] sctk: Bound new global [1] wl_compositor v5
[DEBUG] sctk: Bound new global [2] wl_subcompositor v1
[DEBUG] sctk: Bound new global [20] wp_viewporter v1
[DEBUG] sctk: Bound new global [18] wl_shm v1
[DEBUG] sctk: Bound new global [55] zwp_linux_dmabuf_v1 v4
[DEBUG] sctk: Bound new global [34] wp_alpha_modifier_v1 v1
[INFO] iced_winit::platform_specific::wayland::event_loop: SCTK setup complete.
[INFO] cosmic_applet::network::udp_receiver: 🔌 Starting UDP receiver...
[INFO] cosmic_applet::network::udp_receiver: UDP receiver config: port=51057, secret_key_path=/tmp/nmd/secret.key
[INFO] cosmic_applet::network::udp_receiver: ✓ Loaded HMAC secret key (32 bytes)
[INFO] cosmic_applet::network::udp_receiver: ✓ Bound UDP socket to 0.0.0.0:51057
[INFO] cosmic_applet::network::udp_receiver: 🎧 UDP receiver ready — waiting for packets...
[DEBUG] sctk: Bound new global [19] wp_cursor_shape_manager_v1 v2
[DEBUG] sctk: supported wl_shm format Xrgb8888
[DEBUG] sctk: supported wl_shm format Argb8888
[DEBUG] sctk: supported wl_shm format Xbgr8888
[DEBUG] sctk: supported wl_shm format Abgr8888
[DEBUG] sctk: supported wl_shm format Xrgb8888
[DEBUG] sctk: supported wl_shm format Argb8888
[DEBUG] sctk: supported wl_shm format Xbgr8888
[DEBUG] sctk: supported wl_shm format Abgr8888
[DEBUG] cosmic_applet: 🖼️  Rendering Panel: machine 'Neptune' CPU=0.0%, mem=0/1
[INFO] zbus::connection::handshake::common: write_command; command=Auth(Some(External), Some([49, 48, 48, 48]))
[INFO] zbus::connection::handshake::common: write_commands; commands=[Auth(Some(External), Some([49, 48, 48, 48]))] extra_bytes=None
[INFO] tracing::span: read_command;
[INFO] zbus::connection::handshake::common: read_commands; n_commands=1
[INFO] zbus::connection::handshake::common: write_commands; commands=[NegotiateUnixFD, Begin] extra_bytes=Some([108, 1, 0, 1, 0, 0, 0, 0, 14, 0, 0, 0, 109, 0, 0, 0, 1, 1, 111, 0, 21, 0, 0, 0, 47, 111, 114, 103, 47, 102, 114, 101, 101, 100, 101, 115, 107, 116, 111, 112, 47, 68, 66, 117, 115, 0, 0, 0, 2, 1, 115, 0, 20, 0, 0, 0, 111, 114, 103, 46, 102, 114, 101, 101, 100, 101, 115, 107, 116, 111, 112, 46, 68, 66, 117, 115, 0, 0, 0, 0, 3, 1, 115, 0, 5, 0, 0, 0, 72, 101, 108, 108, 111, 0, 0, 0, 6, 1, 115, 0, 20, 0, 0, 0, 111, 114, 103, 46, 102, 114, 101, 101, 100, 101, 115, 107, 116, 111, 112, 46, 68, 66, 117, 115, 0, 0, 0, 0])
[INFO] zbus::connection::handshake::common: read_commands; n_commands=1
[INFO] zbus::proxy: {}; task_name="org.a11y.Status proxy caching"
[DEBUG] cosmic_text::font::system: font matches for Attrs { color_opt: None, family: SansSerif, stretch: Normal, style: Normal, weight: Weight(400), metadata: 0, cache_key_flags: CacheKeyFlags(0x0), metrics_opt: None, letter_spacing_opt: None, font_features: FontFeatures { features: [] }, text_decoration: TextDecoration { underline: None, underline_color_opt: None, strikethrough: false, strikethrough_color_opt: None, overline: false, overline_color_opt: None } } in 2.900584ms
[DEBUG] cosmic_text::font::system: font matches for Attrs { color_opt: None, family: Name("Open Sans"), stretch: Normal, style: Normal, weight: Weight(400), metadata: 0, cache_key_flags: CacheKeyFlags(0x0), metrics_opt: None, letter_spacing_opt: None, font_features: FontFeatures { features: [] }, text_decoration: TextDecoration { underline: None, underline_color_opt: None, strikethrough: false, strikethrough_color_opt: None, overline: false, overline_color_opt: None } } in 2.544551ms
[DEBUG] cosmic_config: Using standard config dir: Some("/home/mark/.config")
[DEBUG] cosmic_config: Using standard config dir: Some("/home/mark/.config")
[DEBUG] sctk: Bound new global [58] wl_output v4
[DEBUG] sctk: Bound new global [59] wl_output v4
[DEBUG] sctk: Bound new global [60] wl_output v4
[DEBUG] sctk: Bound new global [7] zxdg_output_manager_v1 v3
[DEBUG] sctk: Bound new global [61] wl_seat v9
[DEBUG] sctk: supported wl_shm format Xrgb8888
[DEBUG] sctk: supported wl_shm format Argb8888
[DEBUG] sctk: supported wl_shm format Xbgr8888
[DEBUG] sctk: supported wl_shm format Abgr8888
[ERROR] cosmic::theme: error loading system dark theme error=GetKey("list_button", Os { code: 2, kind: NotFound, message: "No such file or directory" })
[ERROR] cosmic::theme: error loading system dark theme error=GetKey("frosted_maximized_apps", Os { code: 2, kind: NotFound, message: "No such file or directory" })
[DEBUG] cosmic_applet: 🖼️  Rendering Panel: machine 'Neptune' CPU=0.0%, mem=0/1
[DEBUG] cosmic_applet: 🖼️  Rendering Panel: machine 'Neptune' CPU=0.0%, mem=0/1
[DEBUG] cosmic_applet: 🖼️  Rendering Panel: machine 'Neptune' CPU=0.0%, mem=0/1
[DEBUG] cosmic_applet: 🖼️  Rendering Panel: machine 'Neptune' CPU=0.0%, mem=0/1
[DEBUG] cosmic_applet: 🖼️  Rendering Panel: machine 'Neptune' CPU=0.0%, mem=0/1
[INFO] cosmic::app::cosmic: Suggested bounds: Some(Size { width: 1920.0, height: 1080.0 })
[DEBUG] cosmic_applet: 🖼️  Rendering Panel: machine 'Neptune' CPU=0.0%, mem=0/1
[DEBUG] cosmic_applet: 🖼️  Rendering Panel: machine 'Neptune' CPU=0.0%, mem=0/1
[DEBUG] cosmic_applet::network::udp_receiver:   Tag offset in buffer: 360 (buffer len: 392)
[DEBUG] cosmic_applet::network::udp_receiver: 🔐 HMAC verification:
[DEBUG] cosmic_applet::network::udp_receiver:   Secret key (first 8 bytes): [30, 30, 30, 30, 30, 30, 30, 30]
[DEBUG] cosmic_applet::network::udp_receiver:   Received tag:  [48, 36, 86, 62, 2e, 0c, 06, d7]
[DEBUG] cosmic_applet::network::udp_receiver:   Computed tag:  [48, 36, 86, 62, 2e, 0c, 06, d7]
[DEBUG] cosmic_applet::network::udp_receiver:   ✓ Tags match
[DEBUG] cosmic_applet::simple_sensors: 📊 CPU packet data - usage: 3.5%, temp: Some(43.0)
[DEBUG] cosmic_applet::simple_sensors: 📊 Memory packet data - used: 36871217152 bytes, total: 134819328000 bytes
[DEBUG] cosmic_applet::simple_sensors: 📊 GPU VRAM used: 3329 MB → 3490709504 bytes
[DEBUG] cosmic_applet::simple_sensors: 📊 GPU VRAM total: 24564 MB → 25757220864 bytes
[DEBUG] cosmic_applet::simple_sensors: 📊 GPU load percent: Some(10.0)
[DEBUG] cosmic_applet::simple_sensors: 📊 GPU temperature: Some(35.0)
[DEBUG] cosmic_applet::simple_sensors: 📊 Temperature packet data - celsius: 43
[DEBUG] cosmic_applet::network::udp_receiver: 📊 Updated metrics for machine: Neptune (CPU: 3.5%, Mem: 36871217152/134819328000 bytes)
[DEBUG] cosmic_applet: 🔄 RefreshMetrics: machine 'Neptune' CPU=3.5%, mem=36871217152/134819328000
[DEBUG] cosmic_applet: 🖼️  Rendering Panel: machine 'Neptune' CPU=3.5%, mem=36871217152/134819328000
[DEBUG] cosmic_applet: 🔄 RefreshMetrics: machine 'Neptune' CPU=3.5%, mem=36871217152/134819328000
[DEBUG] cosmic_applet: 🖼️  Rendering Panel: machine 'Neptune' CPU=3.5%, mem=36871217152/134819328000
[DEBUG] cosmic_applet::network::udp_receiver:   Tag offset in buffer: 360 (buffer len: 392)
[DEBUG] cosmic_applet::network::udp_receiver: 🔐 HMAC verification:
[DEBUG] cosmic_applet::network::udp_receiver:   Secret key (first 8 bytes): [30, 30, 30, 30, 30, 30, 30, 30]
[DEBUG] cosmic_applet::network::udp_receiver:   Received tag:  [2a, 6b, 64, 0e, 70, 61, de, 2c]
[DEBUG] cosmic_applet::network::udp_receiver:   Computed tag:  [2a, 6b, 64, 0e, 70, 61, de, 2c]
[DEBUG] cosmic_applet::network::udp_receiver:   ✓ Tags match
[DEBUG] cosmic_applet::simple_sensors: 📊 CPU packet data - usage: 6.6%, temp: Some(38.0)
[DEBUG] cosmic_applet::simple_sensors: 📊 Memory packet data - used: 36808089600 bytes, total: 134819328000 bytes
[DEBUG] cosmic_applet::simple_sensors: 📊 GPU VRAM used: 3325 MB → 3486515200 bytes
[DEBUG] cosmic_applet::simple_sensors: 📊 GPU VRAM total: 24564 MB → 25757220864 bytes
[DEBUG] cosmic_applet::simple_sensors: 📊 GPU load percent: Some(13.0)
[DEBUG] cosmic_applet::simple_sensors: 📊 GPU temperature: Some(35.0)
[DEBUG] cosmic_applet::simple_sensors: 📊 Temperature packet data - celsius: 38
[DEBUG] cosmic_applet::network::udp_receiver: 📊 Updated metrics for machine: Neptune (CPU: 6.6%, Mem: 36808089600/134819328000 bytes)
[DEBUG] cosmic_applet: 🔄 RefreshMetrics: machine 'Neptune' CPU=6.6%, mem=36808089600/134819328000
[DEBUG] cosmic_applet: 🖼️  Rendering Panel: machine 'Neptune' CPU=6.6%, mem=36808089600/134819328000
[DEBUG] cosmic_applet: 🔄 RefreshMetrics: machine 'Neptune' CPU=6.6%, mem=36808089600/134819328000
[DEBUG] cosmic_applet: 🖼️  Rendering Panel: machine 'Neptune' CPU=6.6%, mem=36808089600/134819328000
[DEBUG] cosmic_applet::network::udp_receiver:   Tag offset in buffer: 360 (buffer len: 392)
[DEBUG] cosmic_applet::network::udp_receiver: 🔐 HMAC verification:
[DEBUG] cosmic_applet::network::udp_receiver:   Secret key (first 8 bytes): [30, 30, 30, 30, 30, 30, 30, 30]
[DEBUG] cosmic_applet::network::udp_receiver:   Received tag:  [60, e0, af, 6b, a7, 0c, 93, 62]
[DEBUG] cosmic_applet::network::udp_receiver:   Computed tag:  [60, e0, af, 6b, a7, 0c, 93, 62]
[DEBUG] cosmic_applet::network::udp_receiver:   ✓ Tags match
[DEBUG] cosmic_applet::simple_sensors: 📊 CPU packet data - usage: 4.6%, temp: Some(37.0)
[DEBUG] cosmic_applet::simple_sensors: 📊 Memory packet data - used: 36786102272 bytes, total: 134819328000 bytes
[DEBUG] cosmic_applet::simple_sensors: 📊 GPU VRAM used: 3323 MB → 3484418048 bytes
[DEBUG] cosmic_applet::simple_sensors: 📊 GPU VRAM total: 24564 MB → 25757220864 bytes
[DEBUG] cosmic_applet::simple_sensors: 📊 GPU load percent: Some(12.0)
[DEBUG] cosmic_applet::simple_sensors: 📊 GPU temperature: Some(35.0)
[DEBUG] cosmic_applet::simple_sensors: 📊 Temperature packet data - celsius: 37
[DEBUG] cosmic_applet::network::udp_receiver: 📊 Updated metrics for machine: Neptune (CPU: 4.6%, Mem: 36786102272/134819328000 bytes)
[DEBUG] cosmic_applet: 🔄 RefreshMetrics: machine 'Neptune' CPU=4.6%, mem=36786102272/134819328000
[DEBUG] cosmic_applet: 🖼️  Rendering Panel: machine 'Neptune' CPU=4.6%, mem=36786102272/134819328000
[DEBUG] cosmic_applet: 🔄 RefreshMetrics: machine 'Neptune' CPU=4.6%, mem=36786102272/134819328000
[DEBUG] cosmic_applet: 🖼️  Rendering Panel: machine 'Neptune' CPU=4.6%, mem=36786102272/134819328000
[DEBUG] cosmic_applet::network::udp_receiver:   Tag offset in buffer: 360 (buffer len: 392)
[DEBUG] cosmic_applet::network::udp_receiver: 🔐 HMAC verification:
[DEBUG] cosmic_applet::network::udp_receiver:   Secret key (first 8 bytes): [30, 30, 30, 30, 30, 30, 30, 30]
[DEBUG] cosmic_applet::network::udp_receiver:   Received tag:  [3c, ab, 5f, e4, b3, c4, e4, b8]
[DEBUG] cosmic_applet::network::udp_receiver:   Computed tag:  [3c, ab, 5f, e4, b3, c4, e4, b8]
[DEBUG] cosmic_applet::network::udp_receiver:   ✓ Tags match
[DEBUG] cosmic_applet::simple_sensors: 📊 CPU packet data - usage: 2.9%, temp: Some(37.0)
[DEBUG] cosmic_applet::simple_sensors: 📊 Memory packet data - used: 36771753984 bytes, total: 134819328000 bytes
[DEBUG] cosmic_applet::simple_sensors: 📊 GPU VRAM used: 3324 MB → 3485466624 bytes
[DEBUG] cosmic_applet::simple_sensors: 📊 GPU VRAM total: 24564 MB → 25757220864 bytes
[DEBUG] cosmic_applet::simple_sensors: 📊 GPU load percent: Some(11.0)
[DEBUG] cosmic_applet::simple_sensors: 📊 GPU temperature: Some(35.0)
[DEBUG] cosmic_applet::simple_sensors: 📊 Temperature packet data - celsius: 37
[DEBUG] cosmic_applet::network::udp_receiver: 📊 Updated metrics for machine: Neptune (CPU: 2.9%, Mem: 36771753984/134819328000 bytes)
[DEBUG] cosmic_applet: 🔄 RefreshMetrics: machine 'Neptune' CPU=2.9%, mem=36771753984/134819328000
[DEBUG] cosmic_applet: 🖼️  Rendering Panel: machine 'Neptune' CPU=2.9%, mem=36771753984/134819328000
[DEBUG] cosmic_applet: 🔄 RefreshMetrics: machine 'Neptune' CPU=2.9%, mem=36771753984/134819328000
[DEBUG] cosmic_applet: 🖼️  Rendering Panel: machine 'Neptune' CPU=2.9%, mem=36771753984/134819328000
[DEBUG] cosmic_applet::network::udp_receiver:   Tag offset in buffer: 360 (buffer len: 392)
[DEBUG] cosmic_applet::network::udp_receiver: 🔐 HMAC verification:
[DEBUG] cosmic_applet::network::udp_receiver:   Secret key (first 8 bytes): [30, 30, 30, 30, 30, 30, 30, 30]
[DEBUG] cosmic_applet::network::udp_receiver:   Received tag:  [29, ef, 2f, b9, 67, 78, d8, e2]
[DEBUG] cosmic_applet::network::udp_receiver:   Computed tag:  [29, ef, 2f, b9, 67, 78, d8, e2]
[DEBUG] cosmic_applet::network::udp_receiver:   ✓ Tags match
[DEBUG] cosmic_applet::simple_sensors: 📊 CPU packet data - usage: 3.9%, temp: Some(62.0)
[DEBUG] cosmic_applet::simple_sensors: 📊 Memory packet data - used: 36760678400 bytes, total: 134819328000 bytes
[DEBUG] cosmic_applet::simple_sensors: 📊 GPU VRAM used: 3324 MB → 3485466624 bytes
[DEBUG] cosmic_applet::simple_sensors: 📊 GPU VRAM total: 24564 MB → 25757220864 bytes
[DEBUG] cosmic_applet::simple_sensors: 📊 GPU load percent: Some(12.0)
[DEBUG] cosmic_applet::simple_sensors: 📊 GPU temperature: Some(35.0)
[DEBUG] cosmic_applet::simple_sensors: 📊 Temperature packet data - celsius: 62
[DEBUG] cosmic_applet::network::udp_receiver: 📊 Updated metrics for machine: Neptune (CPU: 3.9%, Mem: 36760678400/134819328000 bytes)
[DEBUG] cosmic_applet: 🔄 RefreshMetrics: machine 'Neptune' CPU=3.9%, mem=36760678400/134819328000
[DEBUG] cosmic_applet: 🖼️  Rendering Panel: machine 'Neptune' CPU=3.9%, mem=36760678400/134819328000
[DEBUG] cosmic_applet: 🔄 RefreshMetrics: machine 'Neptune' CPU=3.9%, mem=36760678400/134819328000
[DEBUG] cosmic_applet: 🖼️  Rendering Panel: machine 'Neptune' CPU=3.9%, mem=36760678400/134819328000
[DEBUG] cosmic_applet::network::udp_receiver:   Tag offset in buffer: 360 (buffer len: 392)
[DEBUG] cosmic_applet::network::udp_receiver: 🔐 HMAC verification:
[DEBUG] cosmic_applet::network::udp_receiver:   Secret key (first 8 bytes): [30, 30, 30, 30, 30, 30, 30, 30]
[DEBUG] cosmic_applet::network::udp_receiver:   Received tag:  [2d, 4b, 15, 9a, 8a, b9, 78, 8f]
[DEBUG] cosmic_applet::network::udp_receiver:   Computed tag:  [2d, 4b, 15, 9a, 8a, b9, 78, 8f]
[DEBUG] cosmic_applet::network::udp_receiver:   ✓ Tags match
[DEBUG] cosmic_applet::simple_sensors: 📊 CPU packet data - usage: 2.8%, temp: Some(36.0)
[DEBUG] cosmic_applet::simple_sensors: 📊 Memory packet data - used: 36738760704 bytes, total: 134819328000 bytes
[DEBUG] cosmic_applet::simple_sensors: 📊 GPU VRAM used: 3309 MB → 3469737984 bytes
[DEBUG] cosmic_applet::simple_sensors: 📊 GPU VRAM total: 24564 MB → 25757220864 bytes
[DEBUG] cosmic_applet::simple_sensors: 📊 GPU load percent: Some(10.0)
[DEBUG] cosmic_applet::simple_sensors: 📊 GPU temperature: Some(35.0)
[DEBUG] cosmic_applet::simple_sensors: 📊 Temperature packet data - celsius: 36
[DEBUG] cosmic_applet::network::udp_receiver: 📊 Updated metrics for machine: Neptune (CPU: 2.8%, Mem: 36738760704/134819328000 bytes)
[DEBUG] cosmic_applet: 🔄 RefreshMetrics: machine 'Neptune' CPU=2.8%, mem=36738760704/134819328000
[DEBUG] cosmic_applet: 🖼️  Rendering Panel: machine 'Neptune' CPU=2.8%, mem=36738760704/134819328000
[DEBUG] cosmic_applet: 🔄 RefreshMetrics: machine 'Neptune' CPU=2.8%, mem=36738760704/134819328000
[DEBUG] cosmic_applet: 🖼️  Rendering Panel: machine 'Neptune' CPU=2.8%, mem=36738760704/134819328000
[DEBUG] cosmic_applet::network::udp_receiver:   Tag offset in buffer: 360 (buffer len: 392)
[DEBUG] cosmic_applet::network::udp_receiver: 🔐 HMAC verification:
[DEBUG] cosmic_applet::network::udp_receiver:   Secret key (first 8 bytes): [30, 30, 30, 30, 30, 30, 30, 30]
[DEBUG] cosmic_applet::network::udp_receiver:   Received tag:  [ed, 23, bb, 38, 7b, 68, f6, 7b]
[DEBUG] cosmic_applet::network::udp_receiver:   Computed tag:  [ed, 23, bb, 38, 7b, 68, f6, 7b]
[DEBUG] cosmic_applet::network::udp_receiver:   ✓ Tags match
[DEBUG] cosmic_applet::simple_sensors: 📊 CPU packet data - usage: 2.7%, temp: Some(40.0)
[DEBUG] cosmic_applet::simple_sensors: 📊 Memory packet data - used: 36698517504 bytes, total: 134819328000 bytes
[DEBUG] cosmic_applet::simple_sensors: 📊 GPU VRAM used: 3309 MB → 3469737984 bytes
[DEBUG] cosmic_applet::simple_sensors: 📊 GPU VRAM total: 24564 MB → 25757220864 bytes
[DEBUG] cosmic_applet::simple_sensors: 📊 GPU load percent: Some(11.0)
[DEBUG] cosmic_applet::simple_sensors: 📊 GPU temperature: Some(35.0)
[DEBUG] cosmic_applet::simple_sensors: 📊 Temperature packet data - celsius: 40
[DEBUG] cosmic_applet::network::udp_receiver: 📊 Updated metrics for machine: Neptune (CPU: 2.7%, Mem: 36698517504/134819328000 bytes)
[DEBUG] cosmic_applet: 🔄 RefreshMetrics: machine 'Neptune' CPU=2.7%, mem=36698517504/134819328000
[DEBUG] cosmic_applet: 🖼️  Rendering Panel: machine 'Neptune' CPU=2.7%, mem=36698517504/134819328000
[DEBUG] cosmic_applet: 🖼️  Rendering Panel: machine 'Neptune' CPU=2.7%, mem=36698517504/134819328000
[DEBUG] cosmic_applet: 🔄 RefreshMetrics: machine 'Neptune' CPU=2.7%, mem=36698517504/134819328000
[DEBUG] cosmic_applet: 🖼️  Rendering Panel: machine 'Neptune' CPU=2.7%, mem=36698517504/134819328000
[DEBUG] cosmic_applet::network::udp_receiver:   Tag offset in buffer: 360 (buffer len: 392)
[DEBUG] cosmic_applet::network::udp_receiver: 🔐 HMAC verification:
[DEBUG] cosmic_applet::network::udp_receiver:   Secret key (first 8 bytes): [30, 30, 30, 30, 30, 30, 30, 30]
[DEBUG] cosmic_applet::network::udp_receiver:   Received tag:  [e5, 33, 3f, 8f, 21, 68, 98, 01]
[DEBUG] cosmic_applet::network::udp_receiver:   Computed tag:  [e5, 33, 3f, 8f, 21, 68, 98, 01]
[DEBUG] cosmic_applet::network::udp_receiver:   ✓ Tags match
[DEBUG] cosmic_applet::simple_sensors: 📊 CPU packet data - usage: 3.3%, temp: Some(48.0)
[DEBUG] cosmic_applet::simple_sensors: 📊 Memory packet data - used: 36688424960 bytes, total: 134819328000 bytes
[DEBUG] cosmic_applet::simple_sensors: 📊 GPU VRAM used: 3334 MB → 3495952384 bytes
[DEBUG] cosmic_applet::simple_sensors: 📊 GPU VRAM total: 24564 MB → 25757220864 bytes
[DEBUG] cosmic_applet::simple_sensors: 📊 GPU load percent: Some(13.0)
[DEBUG] cosmic_applet::simple_sensors: 📊 GPU temperature: Some(35.0)
[DEBUG] cosmic_applet::simple_sensors: 📊 Temperature packet data - celsius: 48
[DEBUG] cosmic_applet::network::udp_receiver: 📊 Updated metrics for machine: Neptune (CPU: 3.3%, Mem: 36688424960/134819328000 bytes)
[DEBUG] cosmic_applet: 🔄 RefreshMetrics: machine 'Neptune' CPU=3.3%, mem=36688424960/134819328000
[DEBUG] cosmic_applet: 🖼️  Rendering Panel: machine 'Neptune' CPU=3.3%, mem=36688424960/134819328000
[DEBUG] cosmic_applet: 🔄 RefreshMetrics: machine 'Neptune' CPU=3.3%, mem=36688424960/134819328000
[DEBUG] cosmic_applet: 🖼️  Rendering Panel: machine 'Neptune' CPU=3.3%, mem=36688424960/134819328000
[DEBUG] cosmic_applet::network::udp_receiver:   Tag offset in buffer: 360 (buffer len: 392)
[DEBUG] cosmic_applet::network::udp_receiver: 🔐 HMAC verification:
[DEBUG] cosmic_applet::network::udp_receiver:   Secret key (first 8 bytes): [30, 30, 30, 30, 30, 30, 30, 30]
[DEBUG] cosmic_applet::network::udp_receiver:   Received tag:  [ab, d5, 11, 20, c3, ae, 16, 8b]
[DEBUG] cosmic_applet::network::udp_receiver:   Computed tag:  [ab, d5, 11, 20, c3, ae, 16, 8b]
[DEBUG] cosmic_applet::network::udp_receiver:   ✓ Tags match
[DEBUG] cosmic_applet::simple_sensors: 📊 CPU packet data - usage: 4.0%, temp: Some(48.0)
[DEBUG] cosmic_applet::simple_sensors: 📊 Memory packet data - used: 36625825792 bytes, total: 134819328000 bytes
[DEBUG] cosmic_applet::simple_sensors: 📊 GPU VRAM used: 3333 MB → 3494903808 bytes
[DEBUG] cosmic_applet::simple_sensors: 📊 GPU VRAM total: 24564 MB → 25757220864 bytes
[DEBUG] cosmic_applet::simple_sensors: 📊 GPU load percent: Some(10.0)
[DEBUG] cosmic_applet::simple_sensors: 📊 GPU temperature: Some(35.0)
[DEBUG] cosmic_applet::simple_sensors: 📊 Temperature packet data - celsius: 48
[DEBUG] cosmic_applet::network::udp_receiver: 📊 Updated metrics for machine: Neptune (CPU: 4.0%, Mem: 36625825792/134819328000 bytes)
[DEBUG] cosmic_applet: 🔄 RefreshMetrics: machine 'Neptune' CPU=4.0%, mem=36625825792/134819328000
[DEBUG] cosmic_applet: 🖼️  Rendering Panel: machine 'Neptune' CPU=4.0%, mem=36625825792/134819328000
[DEBUG] cosmic_applet: 🔄 RefreshMetrics: machine 'Neptune' CPU=4.0%, mem=36625825792/134819328000
[DEBUG] cosmic_applet: 🖼️  Rendering Panel: machine 'Neptune' CPU=4.0%, mem=36625825792/134819328000
[DEBUG] cosmic_applet::network::udp_receiver:   Tag offset in buffer: 360 (buffer len: 392)
[DEBUG] cosmic_applet::network::udp_receiver: 🔐 HMAC verification:
[DEBUG] cosmic_applet::network::udp_receiver:   Secret key (first 8 bytes): [30, 30, 30, 30, 30, 30, 30, 30]
[DEBUG] cosmic_applet::network::udp_receiver:   Received tag:  [4e, de, 8b, 66, 5e, 44, 59, 09]
[DEBUG] cosmic_applet::network::udp_receiver:   Computed tag:  [4e, de, 8b, 66, 5e, 44, 59, 09]
[DEBUG] cosmic_applet::network::udp_receiver:   ✓ Tags match
[DEBUG] cosmic_applet::simple_sensors: 📊 CPU packet data - usage: 4.4%, temp: Some(37.0)
[DEBUG] cosmic_applet::simple_sensors: 📊 Memory packet data - used: 36593373184 bytes, total: 134819328000 bytes
[DEBUG] cosmic_applet::simple_sensors: 📊 GPU VRAM used: 3331 MB → 3492806656 bytes
[DEBUG] cosmic_applet::simple_sensors: 📊 GPU VRAM total: 24564 MB → 25757220864 bytes
[DEBUG] cosmic_applet::simple_sensors: 📊 GPU load percent: Some(10.0)
[DEBUG] cosmic_applet::simple_sensors: 📊 GPU temperature: Some(35.0)
[DEBUG] cosmic_applet::simple_sensors: 📊 Temperature packet data - celsius: 37
[DEBUG] cosmic_applet::network::udp_receiver: 📊 Updated metrics for machine: Neptune (CPU: 4.4%, Mem: 36593373184/134819328000 bytes)
[DEBUG] cosmic_applet: 🔄 RefreshMetrics: machine 'Neptune' CPU=4.4%, mem=36593373184/134819328000
[DEBUG] cosmic_applet: 🖼️  Rendering Panel: machine 'Neptune' CPU=4.4%, mem=36593373184/134819328000
[DEBUG] cosmic_applet: 🔄 RefreshMetrics: machine 'Neptune' CPU=4.4%, mem=36593373184/134819328000
[DEBUG] cosmic_applet: 🖼️  Rendering Panel: machine 'Neptune' CPU=4.4%, mem=36593373184/134819328000
[DEBUG] cosmic_applet::network::udp_receiver:   Tag offset in buffer: 360 (buffer len: 392)
[DEBUG] cosmic_applet::network::udp_receiver: 🔐 HMAC verification:
[DEBUG] cosmic_applet::network::udp_receiver:   Secret key (first 8 bytes): [30, 30, 30, 30, 30, 30, 30, 30]
[DEBUG] cosmic_applet::network::udp_receiver:   Received tag:  [c4, c8, 9b, a3, 54, 56, 47, 9f]
[DEBUG] cosmic_applet::network::udp_receiver:   Computed tag:  [c4, c8, 9b, a3, 54, 56, 47, 9f]
[DEBUG] cosmic_applet::network::udp_receiver:   ✓ Tags match
[DEBUG] cosmic_applet::simple_sensors: 📊 CPU packet data - usage: 3.9%, temp: Some(36.0)
[DEBUG] cosmic_applet::simple_sensors: 📊 Memory packet data - used: 36580438016 bytes, total: 134819328000 bytes
[DEBUG] cosmic_applet::simple_sensors: 📊 GPU VRAM used: 3328 MB → 3489660928 bytes
[DEBUG] cosmic_applet::simple_sensors: 📊 GPU VRAM total: 24564 MB → 25757220864 bytes
[DEBUG] cosmic_applet::simple_sensors: 📊 GPU load percent: Some(10.0)
[DEBUG] cosmic_applet::simple_sensors: 📊 GPU temperature: Some(35.0)
[DEBUG] cosmic_applet::simple_sensors: 📊 Temperature packet data - celsius: 36
[DEBUG] cosmic_applet::network::udp_receiver: 📊 Updated metrics for machine: Neptune (CPU: 3.9%, Mem: 36580438016/134819328000 bytes)
[DEBUG] cosmic_applet: 🔄 RefreshMetrics: machine 'Neptune' CPU=3.9%, mem=36580438016/134819328000
[DEBUG] cosmic_applet: 🖼️  Rendering Panel: machine 'Neptune' CPU=3.9%, mem=36580438016/134819328000
[DEBUG] cosmic_applet: 🔄 RefreshMetrics: machine 'Neptune' CPU=3.9%, mem=36580438016/134819328000
[DEBUG] cosmic_applet: 🖼️  Rendering Panel: machine 'Neptune' CPU=3.9%, mem=36580438016/134819328000
[DEBUG] cosmic_applet::network::udp_receiver:   Tag offset in buffer: 360 (buffer len: 392)
[DEBUG] cosmic_applet::network::udp_receiver: 🔐 HMAC verification:
[DEBUG] cosmic_applet::network::udp_receiver:   Secret key (first 8 bytes): [30, 30, 30, 30, 30, 30, 30, 30]
[DEBUG] cosmic_applet::network::udp_receiver:   Received tag:  [32, 22, 13, 69, cd, 74, 81, 62]
[DEBUG] cosmic_applet::network::udp_receiver:   Computed tag:  [32, 22, 13, 69, cd, 74, 81, 62]
[DEBUG] cosmic_applet::network::udp_receiver:   ✓ Tags match
[DEBUG] cosmic_applet::simple_sensors: 📊 CPU packet data - usage: 5.6%, temp: Some(65.0)
[DEBUG] cosmic_applet::simple_sensors: 📊 Memory packet data - used: 36563992576 bytes, total: 134819328000 bytes
[DEBUG] cosmic_applet::simple_sensors: 📊 GPU VRAM used: 3326 MB → 3487563776 bytes
[DEBUG] cosmic_applet::simple_sensors: 📊 GPU VRAM total: 24564 MB → 25757220864 bytes
[DEBUG] cosmic_applet::simple_sensors: 📊 GPU load percent: Some(10.0)
[DEBUG] cosmic_applet::simple_sensors: 📊 GPU temperature: Some(35.0)
[DEBUG] cosmic_applet::simple_sensors: 📊 Temperature packet data - celsius: 65
[DEBUG] cosmic_applet::network::udp_receiver: 📊 Updated metrics for machine: Neptune (CPU: 5.6%, Mem: 36563992576/134819328000 bytes)
[DEBUG] cosmic_applet: 🔄 RefreshMetrics: machine 'Neptune' CPU=5.6%, mem=36563992576/134819328000
[DEBUG] cosmic_applet: 🖼️  Rendering Panel: machine 'Neptune' CPU=5.6%, mem=36563992576/134819328000
[DEBUG] cosmic_applet: 🔄 RefreshMetrics: machine 'Neptune' CPU=5.6%, mem=36563992576/134819328000
[DEBUG] cosmic_applet: 🖼️  Rendering Panel: machine 'Neptune' CPU=5.6%, mem=36563992576/134819328000
[DEBUG] cosmic_applet::network::udp_receiver:   Tag offset in buffer: 360 (buffer len: 392)
[DEBUG] cosmic_applet::network::udp_receiver: 🔐 HMAC verification:
[DEBUG] cosmic_applet::network::udp_receiver:   Secret key (first 8 bytes): [30, 30, 30, 30, 30, 30, 30, 30]
[DEBUG] cosmic_applet::network::udp_receiver:   Received tag:  [23, 3d, d5, 6f, 83, 0e, cb, 08]
[DEBUG] cosmic_applet::network::udp_receiver:   Computed tag:  [23, 3d, d5, 6f, 83, 0e, cb, 08]
[DEBUG] cosmic_applet::network::udp_receiver:   ✓ Tags match
[DEBUG] cosmic_applet::simple_sensors: 📊 CPU packet data - usage: 4.2%, temp: Some(65.0)
[DEBUG] cosmic_applet::simple_sensors: 📊 Memory packet data - used: 36564377600 bytes, total: 134819328000 bytes
[DEBUG] cosmic_applet::simple_sensors: 📊 GPU VRAM used: 3311 MB → 3471835136 bytes
[DEBUG] cosmic_applet::simple_sensors: 📊 GPU VRAM total: 24564 MB → 25757220864 bytes
[DEBUG] cosmic_applet::simple_sensors: 📊 GPU load percent: Some(10.0)
[DEBUG] cosmic_applet::simple_sensors: 📊 GPU temperature: Some(35.0)
[DEBUG] cosmic_applet::simple_sensors: 📊 Temperature packet data - celsius: 65
[DEBUG] cosmic_applet::network::udp_receiver: 📊 Updated metrics for machine: Neptune (CPU: 4.2%, Mem: 36564377600/134819328000 bytes)
[DEBUG] cosmic_applet: 🔄 RefreshMetrics: machine 'Neptune' CPU=4.2%, mem=36564377600/134819328000
[DEBUG] cosmic_applet: 🖼️  Rendering Panel: machine 'Neptune' CPU=4.2%, mem=36564377600/134819328000
[DEBUG] cosmic_applet: 🔄 RefreshMetrics: machine 'Neptune' CPU=4.2%, mem=36564377600/134819328000
[DEBUG] cosmic_applet: 🖼️  Rendering Panel: machine 'Neptune' CPU=4.2%, mem=36564377600/134819328000
[DEBUG] cosmic_applet::network::udp_receiver:   Tag offset in buffer: 360 (buffer len: 392)
[DEBUG] cosmic_applet::network::udp_receiver: 🔐 HMAC verification:
[DEBUG] cosmic_applet::network::udp_receiver:   Secret key (first 8 bytes): [30, 30, 30, 30, 30, 30, 30, 30]
[DEBUG] cosmic_applet::network::udp_receiver:   Received tag:  [c0, 68, 90, be, 43, a9, 9c, 82]
[DEBUG] cosmic_applet::network::udp_receiver:   Computed tag:  [c0, 68, 90, be, 43, a9, 9c, 82]
[DEBUG] cosmic_applet::network::udp_receiver:   ✓ Tags match
[DEBUG] cosmic_applet::simple_sensors: 📊 CPU packet data - usage: 3.0%, temp: Some(37.0)
[DEBUG] cosmic_applet::simple_sensors: 📊 Memory packet data - used: 36540190720 bytes, total: 134819328000 bytes
[DEBUG] cosmic_applet::simple_sensors: 📊 GPU VRAM used: 3307 MB → 3467640832 bytes
[DEBUG] cosmic_applet::simple_sensors: 📊 GPU VRAM total: 24564 MB → 25757220864 bytes
[DEBUG] cosmic_applet::simple_sensors: 📊 GPU load percent: Some(10.0)
[DEBUG] cosmic_applet::simple_sensors: 📊 GPU temperature: Some(35.0)
[DEBUG] cosmic_applet::simple_sensors: 📊 Temperature packet data - celsius: 37
[DEBUG] cosmic_applet::network::udp_receiver: 📊 Updated metrics for machine: Neptune (CPU: 3.0%, Mem: 36540190720/134819328000 bytes)
[DEBUG] cosmic_applet: 🔄 RefreshMetrics: machine 'Neptune' CPU=3.0%, mem=36540190720/134819328000
[DEBUG] cosmic_applet: 🖼️  Rendering Panel: machine 'Neptune' CPU=3.0%, mem=36540190720/134819328000
[DEBUG] cosmic_applet: 🔄 RefreshMetrics: machine 'Neptune' CPU=3.0%, mem=36540190720/134819328000
[DEBUG] cosmic_applet: 🖼️  Rendering Panel: machine 'Neptune' CPU=3.0%, mem=36540190720/134819328000
[DEBUG] cosmic_applet::network::udp_receiver:   Tag offset in buffer: 360 (buffer len: 392)
[DEBUG] cosmic_applet::network::udp_receiver: 🔐 HMAC verification:
[DEBUG] cosmic_applet::network::udp_receiver:   Secret key (first 8 bytes): [30, 30, 30, 30, 30, 30, 30, 30]
[DEBUG] cosmic_applet::network::udp_receiver:   Received tag:  [0b, 44, 64, 14, 45, e3, 2b, da]
[DEBUG] cosmic_applet::network::udp_receiver:   Computed tag:  [0b, 44, 64, 14, 45, e3, 2b, da]
[DEBUG] cosmic_applet::network::udp_receiver:   ✓ Tags match
[DEBUG] cosmic_applet::simple_sensors: 📊 CPU packet data - usage: 2.9%, temp: Some(37.0)
[DEBUG] cosmic_applet::simple_sensors: 📊 Memory packet data - used: 36555689984 bytes, total: 134819328000 bytes
[DEBUG] cosmic_applet::simple_sensors: 📊 GPU VRAM used: 3315 MB → 3476029440 bytes
[DEBUG] cosmic_applet::simple_sensors: 📊 GPU VRAM total: 24564 MB → 25757220864 bytes
[DEBUG] cosmic_applet::simple_sensors: 📊 GPU load percent: Some(10.0)
[DEBUG] cosmic_applet::simple_sensors: 📊 GPU temperature: Some(35.0)
[DEBUG] cosmic_applet::simple_sensors: 📊 Temperature packet data - celsius: 37
[DEBUG] cosmic_applet::network::udp_receiver: 📊 Updated metrics for machine: Neptune (CPU: 2.9%, Mem: 36555689984/134819328000 bytes)
[DEBUG] cosmic_applet: 🔄 RefreshMetrics: machine 'Neptune' CPU=2.9%, mem=36555689984/134819328000
[DEBUG] cosmic_applet: 🖼️  Rendering Panel: machine 'Neptune' CPU=2.9%, mem=36555689984/134819328000
[DEBUG] cosmic_applet: 🔄 RefreshMetrics: machine 'Neptune' CPU=2.9%, mem=36555689984/134819328000
[DEBUG] cosmic_applet: 🖼️  Rendering Panel: machine 'Neptune' CPU=2.9%, mem=36555689984/134819328000
[DEBUG] cosmic_applet::network::udp_receiver:   Tag offset in buffer: 360 (buffer len: 392)
[DEBUG] cosmic_applet::network::udp_receiver: 🔐 HMAC verification:
[DEBUG] cosmic_applet::network::udp_receiver:   Secret key (first 8 bytes): [30, 30, 30, 30, 30, 30, 30, 30]
[DEBUG] cosmic_applet::network::udp_receiver:   Received tag:  [e8, 11, c9, d2, 2f, 50, a5, c2]
[DEBUG] cosmic_applet::network::udp_receiver:   Computed tag:  [e8, 11, c9, d2, 2f, 50, a5, c2]
[DEBUG] cosmic_applet::network::udp_receiver:   ✓ Tags match
[DEBUG] cosmic_applet::simple_sensors: 📊 CPU packet data - usage: 5.7%, temp: Some(37.0)
[DEBUG] cosmic_applet::simple_sensors: 📊 Memory packet data - used: 36556017664 bytes, total: 134819328000 bytes
[DEBUG] cosmic_applet::simple_sensors: 📊 GPU VRAM used: 3329 MB → 3490709504 bytes
[DEBUG] cosmic_applet::simple_sensors: 📊 GPU VRAM total: 24564 MB → 25757220864 bytes
[DEBUG] cosmic_applet::simple_sensors: 📊 GPU load percent: Some(11.0)
[DEBUG] cosmic_applet::simple_sensors: 📊 GPU temperature: Some(35.0)
[DEBUG] cosmic_applet::simple_sensors: 📊 Temperature packet data - celsius: 37
[DEBUG] cosmic_applet::network::udp_receiver: 📊 Updated metrics for machine: Neptune (CPU: 5.7%, Mem: 36556017664/134819328000 bytes)
[DEBUG] cosmic_applet: 🔄 RefreshMetrics: machine 'Neptune' CPU=5.7%, mem=36556017664/134819328000
[DEBUG] cosmic_applet: 🖼️  Rendering Panel: machine 'Neptune' CPU=5.7%, mem=36556017664/134819328000
[DEBUG] cosmic_applet: 🔄 RefreshMetrics: machine 'Neptune' CPU=5.7%, mem=36556017664/134819328000
[DEBUG] cosmic_applet: 🖼️  Rendering Panel: machine 'Neptune' CPU=5.7%, mem=36556017664/134819328000
[DEBUG] cosmic_applet::network::udp_receiver:   Tag offset in buffer: 360 (buffer len: 392)
[DEBUG] cosmic_applet::network::udp_receiver: 🔐 HMAC verification:
[DEBUG] cosmic_applet::network::udp_receiver:   Secret key (first 8 bytes): [30, 30, 30, 30, 30, 30, 30, 30]
[DEBUG] cosmic_applet::network::udp_receiver:   Received tag:  [cc, 96, 94, 64, 51, 9c, ed, 68]
[DEBUG] cosmic_applet::network::udp_receiver:   Computed tag:  [cc, 96, 94, 64, 51, 9c, ed, 68]
[DEBUG] cosmic_applet::network::udp_receiver:   ✓ Tags match
[DEBUG] cosmic_applet::simple_sensors: 📊 CPU packet data - usage: 7.1%, temp: Some(69.0)
[DEBUG] cosmic_applet::simple_sensors: 📊 Memory packet data - used: 36651917312 bytes, total: 134819328000 bytes
[DEBUG] cosmic_applet::simple_sensors: 📊 GPU VRAM used: 3326 MB → 3487563776 bytes
[DEBUG] cosmic_applet::simple_sensors: 📊 GPU VRAM total: 24564 MB → 25757220864 bytes
[DEBUG] cosmic_applet::simple_sensors: 📊 GPU load percent: Some(10.0)
[DEBUG] cosmic_applet::simple_sensors: 📊 GPU temperature: Some(35.0)
[DEBUG] cosmic_applet::simple_sensors: 📊 Temperature packet data - celsius: 69
[DEBUG] cosmic_applet::network::udp_receiver: 📊 Updated metrics for machine: Neptune (CPU: 7.1%, Mem: 36651917312/134819328000 bytes)
[DEBUG] cosmic_applet: 🔄 RefreshMetrics: machine 'Neptune' CPU=7.1%, mem=36651917312/134819328000
[DEBUG] cosmic_applet: 🖼️  Rendering Panel: machine 'Neptune' CPU=7.1%, mem=36651917312/134819328000
[DEBUG] cosmic_applet: 🔄 RefreshMetrics: machine 'Neptune' CPU=7.1%, mem=36651917312/134819328000
[DEBUG] cosmic_applet: 🖼️  Rendering Panel: machine 'Neptune' CPU=7.1%, mem=36651917312/134819328000
[DEBUG] cosmic_applet::network::udp_receiver:   Tag offset in buffer: 360 (buffer len: 392)
[DEBUG] cosmic_applet::network::udp_receiver: 🔐 HMAC verification:
[DEBUG] cosmic_applet::network::udp_receiver:   Secret key (first 8 bytes): [30, 30, 30, 30, 30, 30, 30, 30]
[DEBUG] cosmic_applet::network::udp_receiver:   Received tag:  [44, 52, 19, c4, 56, bf, 1a, 3d]
[DEBUG] cosmic_applet::network::udp_receiver:   Computed tag:  [44, 52, 19, c4, 56, bf, 1a, 3d]
[DEBUG] cosmic_applet::network::udp_receiver:   ✓ Tags match
[DEBUG] cosmic_applet::simple_sensors: 📊 CPU packet data - usage: 3.0%, temp: Some(37.0)
[DEBUG] cosmic_applet::simple_sensors: 📊 Memory packet data - used: 36655861760 bytes, total: 134819328000 bytes
[DEBUG] cosmic_applet::simple_sensors: 📊 GPU VRAM used: 3321 MB → 3482320896 bytes
[DEBUG] cosmic_applet::simple_sensors: 📊 GPU VRAM total: 24564 MB → 25757220864 bytes
[DEBUG] cosmic_applet::simple_sensors: 📊 GPU load percent: Some(10.0)
[DEBUG] cosmic_applet::simple_sensors: 📊 GPU temperature: Some(35.0)
[DEBUG] cosmic_applet::simple_sensors: 📊 Temperature packet data - celsius: 37
[DEBUG] cosmic_applet::network::udp_receiver: 📊 Updated metrics for machine: Neptune (CPU: 3.0%, Mem: 36655861760/134819328000 bytes)
[DEBUG] cosmic_applet: 🔄 RefreshMetrics: machine 'Neptune' CPU=3.0%, mem=36655861760/134819328000
[DEBUG] cosmic_applet: 🖼️  Rendering Panel: machine 'Neptune' CPU=3.0%, mem=36655861760/134819328000
[DEBUG] cosmic_applet: 🔄 RefreshMetrics: machine 'Neptune' CPU=3.0%, mem=36655861760/134819328000
[DEBUG] cosmic_applet: 🖼️  Rendering Panel: machine 'Neptune' CPU=3.0%, mem=36655861760/134819328000
[DEBUG] cosmic_applet::network::udp_receiver:   Tag offset in buffer: 360 (buffer len: 392)
[DEBUG] cosmic_applet::network::udp_receiver: 🔐 HMAC verification:
[DEBUG] cosmic_applet::network::udp_receiver:   Secret key (first 8 bytes): [30, 30, 30, 30, 30, 30, 30, 30]
[DEBUG] cosmic_applet::network::udp_receiver:   Received tag:  [6b, 4b, 70, 8c, e1, 79, 31, 8b]
[DEBUG] cosmic_applet::network::udp_receiver:   Computed tag:  [6b, 4b, 70, 8c, e1, 79, 31, 8b]
[DEBUG] cosmic_applet::network::udp_receiver:   ✓ Tags match
[DEBUG] cosmic_applet::simple_sensors: 📊 CPU packet data - usage: 2.9%, temp: Some(36.0)
[DEBUG] cosmic_applet::simple_sensors: 📊 Memory packet data - used: 36650823680 bytes, total: 134819328000 bytes
[DEBUG] cosmic_applet::simple_sensors: 📊 GPU VRAM used: 3319 MB → 3480223744 bytes
[DEBUG] cosmic_applet::simple_sensors: 📊 GPU VRAM total: 24564 MB → 25757220864 bytes
[DEBUG] cosmic_applet::simple_sensors: 📊 GPU load percent: Some(10.0)
[DEBUG] cosmic_applet::simple_sensors: 📊 GPU temperature: Some(35.0)
[DEBUG] cosmic_applet::simple_sensors: 📊 Temperature packet data - celsius: 36
[DEBUG] cosmic_applet::network::udp_receiver: 📊 Updated metrics for machine: Neptune (CPU: 2.9%, Mem: 36650823680/134819328000 bytes)
[DEBUG] cosmic_applet: 🔄 RefreshMetrics: machine 'Neptune' CPU=2.9%, mem=36650823680/134819328000
[DEBUG] cosmic_applet: 🖼️  Rendering Panel: machine 'Neptune' CPU=2.9%, mem=36650823680/134819328000
[DEBUG] cosmic_applet: 🔄 RefreshMetrics: machine 'Neptune' CPU=2.9%, mem=36650823680/134819328000
[DEBUG] cosmic_applet: 🖼️  Rendering Panel: machine 'Neptune' CPU=2.9%, mem=36650823680/134819328000
[DEBUG] cosmic_applet::network::udp_receiver:   Tag offset in buffer: 360 (buffer len: 392)
[DEBUG] cosmic_applet::network::udp_receiver: 🔐 HMAC verification:
[DEBUG] cosmic_applet::network::udp_receiver:   Secret key (first 8 bytes): [30, 30, 30, 30, 30, 30, 30, 30]
[DEBUG] cosmic_applet::network::udp_receiver:   Received tag:  [cc, 59, 24, 88, 2a, 7c, 5c, eb]
[DEBUG] cosmic_applet::network::udp_receiver:   Computed tag:  [cc, 59, 24, 88, 2a, 7c, 5c, eb]
[DEBUG] cosmic_applet::network::udp_receiver:   ✓ Tags match
[DEBUG] cosmic_applet::simple_sensors: 📊 CPU packet data - usage: 3.0%, temp: Some(36.0)
[DEBUG] cosmic_applet::simple_sensors: 📊 Memory packet data - used: 36642230272 bytes, total: 134819328000 bytes
[DEBUG] cosmic_applet::simple_sensors: 📊 GPU VRAM used: 3318 MB → 3479175168 bytes
[DEBUG] cosmic_applet::simple_sensors: 📊 GPU VRAM total: 24564 MB → 25757220864 bytes
[DEBUG] cosmic_applet::simple_sensors: 📊 GPU load percent: Some(10.0)
[DEBUG] cosmic_applet::simple_sensors: 📊 GPU temperature: Some(35.0)
[DEBUG] cosmic_applet::simple_sensors: 📊 Temperature packet data - celsius: 36
[DEBUG] cosmic_applet::network::udp_receiver: 📊 Updated metrics for machine: Neptune (CPU: 3.0%, Mem: 36642230272/134819328000 bytes)
[DEBUG] cosmic_applet: 🔄 RefreshMetrics: machine 'Neptune' CPU=3.0%, mem=36642230272/134819328000
[DEBUG] cosmic_applet: 🖼️  Rendering Panel: machine 'Neptune' CPU=3.0%, mem=36642230272/134819328000
[DEBUG] cosmic_applet: 🔄 RefreshMetrics: machine 'Neptune' CPU=3.0%, mem=36642230272/134819328000
[DEBUG] cosmic_applet: 🖼️  Rendering Panel: machine 'Neptune' CPU=3.0%, mem=36642230272/134819328000
[DEBUG] cosmic_applet::network::udp_receiver:   Tag offset in buffer: 360 (buffer len: 392)
[DEBUG] cosmic_applet::network::udp_receiver: 🔐 HMAC verification:
[DEBUG] cosmic_applet::network::udp_receiver:   Secret key (first 8 bytes): [30, 30, 30, 30, 30, 30, 30, 30]
[DEBUG] cosmic_applet::network::udp_receiver:   Received tag:  [f5, d5, bf, 29, fb, ab, 75, 80]
[DEBUG] cosmic_applet::network::udp_receiver:   Computed tag:  [f5, d5, bf, 29, fb, ab, 75, 80]
[DEBUG] cosmic_applet::network::udp_receiver:   ✓ Tags match
[DEBUG] cosmic_applet::simple_sensors: 📊 CPU packet data - usage: 3.3%, temp: Some(65.0)
[DEBUG] cosmic_applet::simple_sensors: 📊 Memory packet data - used: 36653793280 bytes, total: 134819328000 bytes
[DEBUG] cosmic_applet::simple_sensors: 📊 GPU VRAM used: 3314 MB → 3474980864 bytes
[DEBUG] cosmic_applet::simple_sensors: 📊 GPU VRAM total: 24564 MB → 25757220864 bytes
[DEBUG] cosmic_applet::simple_sensors: 📊 GPU load percent: Some(10.0)
[DEBUG] cosmic_applet::simple_sensors: 📊 GPU temperature: Some(35.0)
[DEBUG] cosmic_applet::simple_sensors: 📊 Temperature packet data - celsius: 65
[DEBUG] cosmic_applet::network::udp_receiver: 📊 Updated metrics for machine: Neptune (CPU: 3.3%, Mem: 36653793280/134819328000 bytes)
[DEBUG] cosmic_applet: 🔄 RefreshMetrics: machine 'Neptune' CPU=3.3%, mem=36653793280/134819328000
[DEBUG] cosmic_applet: 🖼️  Rendering Panel: machine 'Neptune' CPU=3.3%, mem=36653793280/134819328000
[DEBUG] cosmic_applet: 🔄 RefreshMetrics: machine 'Neptune' CPU=3.3%, mem=36653793280/134819328000
[DEBUG] cosmic_applet: 🖼️  Rendering Panel: machine 'Neptune' CPU=3.3%, mem=36653793280/134819328000
[DEBUG] cosmic_applet::network::udp_receiver:   Tag offset in buffer: 360 (buffer len: 392)
[DEBUG] cosmic_applet::network::udp_receiver: 🔐 HMAC verification:
[DEBUG] cosmic_applet::network::udp_receiver:   Secret key (first 8 bytes): [30, 30, 30, 30, 30, 30, 30, 30]
[DEBUG] cosmic_applet::network::udp_receiver:   Received tag:  [c1, 1e, cd, f5, 1d, d8, 61, dd]
[DEBUG] cosmic_applet::network::udp_receiver:   Computed tag:  [c1, 1e, cd, f5, 1d, d8, 61, dd]
[DEBUG] cosmic_applet::network::udp_receiver:   ✓ Tags match
[DEBUG] cosmic_applet::simple_sensors: 📊 CPU packet data - usage: 3.4%, temp: Some(37.0)
[DEBUG] cosmic_applet::simple_sensors: 📊 Memory packet data - used: 36631298048 bytes, total: 134819328000 bytes
[DEBUG] cosmic_applet::simple_sensors: 📊 GPU VRAM used: 3305 MB → 3465543680 bytes
[DEBUG] cosmic_applet::simple_sensors: 📊 GPU VRAM total: 24564 MB → 25757220864 bytes
[DEBUG] cosmic_applet::simple_sensors: 📊 GPU load percent: Some(9.0)
[DEBUG] cosmic_applet::simple_sensors: 📊 GPU temperature: Some(35.0)
[DEBUG] cosmic_applet::simple_sensors: 📊 Temperature packet data - celsius: 37
[DEBUG] cosmic_applet::network::udp_receiver: 📊 Updated metrics for machine: Neptune (CPU: 3.4%, Mem: 36631298048/134819328000 bytes)
[DEBUG] cosmic_applet: 🔄 RefreshMetrics: machine 'Neptune' CPU=3.4%, mem=36631298048/134819328000
[DEBUG] cosmic_applet: 🖼️  Rendering Panel: machine 'Neptune' CPU=3.4%, mem=36631298048/134819328000
[DEBUG] cosmic_applet: 🔄 RefreshMetrics: machine 'Neptune' CPU=3.4%, mem=36631298048/134819328000
[DEBUG] cosmic_applet: 🖼️  Rendering Panel: machine 'Neptune' CPU=3.4%, mem=36631298048/134819328000
[DEBUG] cosmic_applet::network::udp_receiver:   Tag offset in buffer: 360 (buffer len: 392)
[DEBUG] cosmic_applet::network::udp_receiver: 🔐 HMAC verification:
[DEBUG] cosmic_applet::network::udp_receiver:   Secret key (first 8 bytes): [30, 30, 30, 30, 30, 30, 30, 30]
[DEBUG] cosmic_applet::network::udp_receiver:   Received tag:  [4d, 33, 4d, f5, f9, a2, de, f5]
[DEBUG] cosmic_applet::network::udp_receiver:   Computed tag:  [4d, 33, 4d, f5, f9, a2, de, f5]
[DEBUG] cosmic_applet::network::udp_receiver:   ✓ Tags match
[DEBUG] cosmic_applet::simple_sensors: 📊 CPU packet data - usage: 3.5%, temp: Some(37.0)
[DEBUG] cosmic_applet::simple_sensors: 📊 Memory packet data - used: 36635648000 bytes, total: 134819328000 bytes
[DEBUG] cosmic_applet::simple_sensors: 📊 GPU VRAM used: 3306 MB → 3466592256 bytes
[DEBUG] cosmic_applet::simple_sensors: 📊 GPU VRAM total: 24564 MB → 25757220864 bytes
[DEBUG] cosmic_applet::simple_sensors: 📊 GPU load percent: Some(10.0)
[DEBUG] cosmic_applet::simple_sensors: 📊 GPU temperature: Some(35.0)
[DEBUG] cosmic_applet::simple_sensors: 📊 Temperature packet data - celsius: 37
[DEBUG] cosmic_applet::network::udp_receiver: 📊 Updated metrics for machine: Neptune (CPU: 3.5%, Mem: 36635648000/134819328000 bytes)
[DEBUG] cosmic_applet: 🔄 RefreshMetrics: machine 'Neptune' CPU=3.5%, mem=36635648000/134819328000
[DEBUG] cosmic_applet: 🖼️  Rendering Panel: machine 'Neptune' CPU=3.5%, mem=36635648000/134819328000
[DEBUG] cosmic_applet: 🔄 RefreshMetrics: machine 'Neptune' CPU=3.5%, mem=36635648000/134819328000
[DEBUG] cosmic_applet: 🖼️  Rendering Panel: machine 'Neptune' CPU=3.5%, mem=36635648000/134819328000
[DEBUG] cosmic_applet::network::udp_receiver:   Tag offset in buffer: 360 (buffer len: 392)
[DEBUG] cosmic_applet::network::udp_receiver: 🔐 HMAC verification:
[DEBUG] cosmic_applet::network::udp_receiver:   Secret key (first 8 bytes): [30, 30, 30, 30, 30, 30, 30, 30]
[DEBUG] cosmic_applet::network::udp_receiver:   Received tag:  [62, 66, df, 36, 9b, 2e, 18, f2]
[DEBUG] cosmic_applet::network::udp_receiver:   Computed tag:  [62, 66, df, 36, 9b, 2e, 18, f2]
[DEBUG] cosmic_applet::network::udp_receiver:   ✓ Tags match
[DEBUG] cosmic_applet::simple_sensors: 📊 CPU packet data - usage: 4.7%, temp: Some(39.0)
[DEBUG] cosmic_applet::simple_sensors: 📊 Memory packet data - used: 36624527360 bytes, total: 134819328000 bytes
[DEBUG] cosmic_applet::simple_sensors: 📊 GPU VRAM used: 3306 MB → 3466592256 bytes
[DEBUG] cosmic_applet::simple_sensors: 📊 GPU VRAM total: 24564 MB → 25757220864 bytes
[DEBUG] cosmic_applet::simple_sensors: 📊 GPU load percent: Some(10.0)
[DEBUG] cosmic_applet::simple_sensors: 📊 GPU temperature: Some(35.0)
[DEBUG] cosmic_applet::simple_sensors: 📊 Temperature packet data - celsius: 39
[DEBUG] cosmic_applet::network::udp_receiver: 📊 Updated metrics for machine: Neptune (CPU: 4.7%, Mem: 36624527360/134819328000 bytes)
[DEBUG] cosmic_applet: 🔄 RefreshMetrics: machine 'Neptune' CPU=4.7%, mem=36624527360/134819328000
[DEBUG] cosmic_applet: 🖼️  Rendering Panel: machine 'Neptune' CPU=4.7%, mem=36624527360/134819328000
[DEBUG] cosmic_applet: 🔄 RefreshMetrics: machine 'Neptune' CPU=4.7%, mem=36624527360/134819328000
[DEBUG] cosmic_applet: 🖼️  Rendering Panel: machine 'Neptune' CPU=4.7%, mem=36624527360/134819328000
[DEBUG] cosmic_applet::network::udp_receiver:   Tag offset in buffer: 360 (buffer len: 392)
[DEBUG] cosmic_applet::network::udp_receiver: 🔐 HMAC verification:
[DEBUG] cosmic_applet::network::udp_receiver:   Secret key (first 8 bytes): [30, 30, 30, 30, 30, 30, 30, 30]
[DEBUG] cosmic_applet::network::udp_receiver:   Received tag:  [dd, 8a, 07, 55, 25, 39, e3, 74]
[DEBUG] cosmic_applet::network::udp_receiver:   Computed tag:  [dd, 8a, 07, 55, 25, 39, e3, 74]
[DEBUG] cosmic_applet::network::udp_receiver:   ✓ Tags match
[DEBUG] cosmic_applet::simple_sensors: 📊 CPU packet data - usage: 3.3%, temp: Some(39.0)
[DEBUG] cosmic_applet::simple_sensors: 📊 Memory packet data - used: 36627206144 bytes, total: 134819328000 bytes
[DEBUG] cosmic_applet::simple_sensors: 📊 GPU VRAM used: 3306 MB → 3466592256 bytes
[DEBUG] cosmic_applet::simple_sensors: 📊 GPU VRAM total: 24564 MB → 25757220864 bytes
[DEBUG] cosmic_applet::simple_sensors: 📊 GPU load percent: Some(10.0)
[DEBUG] cosmic_applet::simple_sensors: 📊 GPU temperature: Some(35.0)
[DEBUG] cosmic_applet::simple_sensors: 📊 Temperature packet data - celsius: 39
[DEBUG] cosmic_applet::network::udp_receiver: 📊 Updated metrics for machine: Neptune (CPU: 3.3%, Mem: 36627206144/134819328000 bytes)
[DEBUG] cosmic_applet: 🔄 RefreshMetrics: machine 'Neptune' CPU=3.3%, mem=36627206144/134819328000
[DEBUG] cosmic_applet: 🖼️  Rendering Panel: machine 'Neptune' CPU=3.3%, mem=36627206144/134819328000
[DEBUG] cosmic_applet: 🔄 RefreshMetrics: machine 'Neptune' CPU=3.3%, mem=36627206144/134819328000
[DEBUG] cosmic_applet: 🖼️  Rendering Panel: machine 'Neptune' CPU=3.3%, mem=36627206144/134819328000
[DEBUG] cosmic_applet::network::udp_receiver:   Tag offset in buffer: 360 (buffer len: 392)
[DEBUG] cosmic_applet::network::udp_receiver: 🔐 HMAC verification:
[DEBUG] cosmic_applet::network::udp_receiver:   Secret key (first 8 bytes): [30, 30, 30, 30, 30, 30, 30, 30]
[DEBUG] cosmic_applet::network::udp_receiver:   Received tag:  [1c, a1, 04, 46, b4, c1, be, f8]
[DEBUG] cosmic_applet::network::udp_receiver:   Computed tag:  [1c, a1, 04, 46, b4, c1, be, f8]
[DEBUG] cosmic_applet::network::udp_receiver:   ✓ Tags match
[DEBUG] cosmic_applet::simple_sensors: 📊 CPU packet data - usage: 2.9%, temp: Some(37.0)
[DEBUG] cosmic_applet::simple_sensors: 📊 Memory packet data - used: 36622532608 bytes, total: 134819328000 bytes
[DEBUG] cosmic_applet::simple_sensors: 📊 GPU VRAM used: 3306 MB → 3466592256 bytes
[DEBUG] cosmic_applet::simple_sensors: 📊 GPU VRAM total: 24564 MB → 25757220864 bytes
[DEBUG] cosmic_applet::simple_sensors: 📊 GPU load percent: Some(11.0)
[DEBUG] cosmic_applet::simple_sensors: 📊 GPU temperature: Some(35.0)
[DEBUG] cosmic_applet::simple_sensors: 📊 Temperature packet data - celsius: 37
[DEBUG] cosmic_applet::network::udp_receiver: 📊 Updated metrics for machine: Neptune (CPU: 2.9%, Mem: 36622532608/134819328000 bytes)
[DEBUG] cosmic_applet: 🔄 RefreshMetrics: machine 'Neptune' CPU=2.9%, mem=36622532608/134819328000
[DEBUG] cosmic_applet: 🖼️  Rendering Panel: machine 'Neptune' CPU=2.9%, mem=36622532608/134819328000
[DEBUG] cosmic_applet: 🔄 RefreshMetrics: machine 'Neptune' CPU=2.9%, mem=36622532608/134819328000
[DEBUG] cosmic_applet: 🖼️  Rendering Panel: machine 'Neptune' CPU=2.9%, mem=36622532608/134819328000
[DEBUG] cosmic_applet::network::udp_receiver:   Tag offset in buffer: 360 (buffer len: 392)
[DEBUG] cosmic_applet::network::udp_receiver: 🔐 HMAC verification:
[DEBUG] cosmic_applet::network::udp_receiver:   Secret key (first 8 bytes): [30, 30, 30, 30, 30, 30, 30, 30]
[DEBUG] cosmic_applet::network::udp_receiver:   Received tag:  [3f, 38, bd, fc, ea, 0d, 5e, c4]
[DEBUG] cosmic_applet::network::udp_receiver:   Computed tag:  [3f, 38, bd, fc, ea, 0d, 5e, c4]
[DEBUG] cosmic_applet::network::udp_receiver:   ✓ Tags match
[DEBUG] cosmic_applet::simple_sensors: 📊 CPU packet data - usage: 3.1%, temp: Some(37.0)
[DEBUG] cosmic_applet::simple_sensors: 📊 Memory packet data - used: 36616949760 bytes, total: 134819328000 bytes
[DEBUG] cosmic_applet::simple_sensors: 📊 GPU VRAM used: 3304 MB → 3464495104 bytes
[DEBUG] cosmic_applet::simple_sensors: 📊 GPU VRAM total: 24564 MB → 25757220864 bytes
[DEBUG] cosmic_applet::simple_sensors: 📊 GPU load percent: Some(11.0)
[DEBUG] cosmic_applet::simple_sensors: 📊 GPU temperature: Some(35.0)
[DEBUG] cosmic_applet::simple_sensors: 📊 Temperature packet data - celsius: 37
[DEBUG] cosmic_applet::network::udp_receiver: 📊 Updated metrics for machine: Neptune (CPU: 3.1%, Mem: 36616949760/134819328000 bytes)
[DEBUG] cosmic_applet: 🔄 RefreshMetrics: machine 'Neptune' CPU=3.1%, mem=36616949760/134819328000
[DEBUG] cosmic_applet: 🖼️  Rendering Panel: machine 'Neptune' CPU=3.1%, mem=36616949760/134819328000
[DEBUG] cosmic_applet: 🔄 RefreshMetrics: machine 'Neptune' CPU=3.1%, mem=36616949760/134819328000
[DEBUG] cosmic_applet: 🖼️  Rendering Panel: machine 'Neptune' CPU=3.1%, mem=36616949760/134819328000
[DEBUG] cosmic_applet::network::udp_receiver:   Tag offset in buffer: 360 (buffer len: 392)
[DEBUG] cosmic_applet::network::udp_receiver: 🔐 HMAC verification:
[DEBUG] cosmic_applet::network::udp_receiver:   Secret key (first 8 bytes): [30, 30, 30, 30, 30, 30, 30, 30]
[DEBUG] cosmic_applet::network::udp_receiver:   Received tag:  [42, ff, f3, 65, 6d, 70, 06, 1f]
[DEBUG] cosmic_applet::network::udp_receiver:   Computed tag:  [42, ff, f3, 65, 6d, 70, 06, 1f]
[DEBUG] cosmic_applet::network::udp_receiver:   ✓ Tags match
[DEBUG] cosmic_applet::simple_sensors: 📊 CPU packet data - usage: 3.1%, temp: Some(38.0)
[DEBUG] cosmic_applet::simple_sensors: 📊 Memory packet data - used: 36626100224 bytes, total: 134819328000 bytes
[DEBUG] cosmic_applet::simple_sensors: 📊 GPU VRAM used: 3300 MB → 3460300800 bytes
[DEBUG] cosmic_applet::simple_sensors: 📊 GPU VRAM total: 24564 MB → 25757220864 bytes
[DEBUG] cosmic_applet::simple_sensors: 📊 GPU load percent: Some(11.0)
[DEBUG] cosmic_applet::simple_sensors: 📊 GPU temperature: Some(35.0)
[DEBUG] cosmic_applet::simple_sensors: 📊 Temperature packet data - celsius: 38
[DEBUG] cosmic_applet::network::udp_receiver: 📊 Updated metrics for machine: Neptune (CPU: 3.1%, Mem: 36626100224/134819328000 bytes)
[DEBUG] cosmic_applet: 🔄 RefreshMetrics: machine 'Neptune' CPU=3.1%, mem=36626100224/134819328000
[DEBUG] cosmic_applet: 🖼️  Rendering Panel: machine 'Neptune' CPU=3.1%, mem=36626100224/134819328000
[DEBUG] cosmic_applet: 🔄 RefreshMetrics: machine 'Neptune' CPU=3.1%, mem=36626100224/134819328000
[DEBUG] cosmic_applet: 🖼️  Rendering Panel: machine 'Neptune' CPU=3.1%, mem=36626100224/134819328000
[DEBUG] cosmic_applet::network::udp_receiver:   Tag offset in buffer: 360 (buffer len: 392)
[DEBUG] cosmic_applet::network::udp_receiver: 🔐 HMAC verification:
[DEBUG] cosmic_applet::network::udp_receiver:   Secret key (first 8 bytes): [30, 30, 30, 30, 30, 30, 30, 30]
[DEBUG] cosmic_applet::network::udp_receiver:   Received tag:  [4f, 62, 7c, 80, 7e, c4, af, 2e]
[DEBUG] cosmic_applet::network::udp_receiver:   Computed tag:  [4f, 62, 7c, 80, 7e, c4, af, 2e]
[DEBUG] cosmic_applet::network::udp_receiver:   ✓ Tags match
[DEBUG] cosmic_applet::simple_sensors: 📊 CPU packet data - usage: 2.8%, temp: Some(38.0)
[DEBUG] cosmic_applet::simple_sensors: 📊 Memory packet data - used: 36629741568 bytes, total: 134819328000 bytes
[DEBUG] cosmic_applet::simple_sensors: 📊 GPU VRAM used: 3300 MB → 3460300800 bytes
[DEBUG] cosmic_applet::simple_sensors: 📊 GPU VRAM total: 24564 MB → 25757220864 bytes
[DEBUG] cosmic_applet::simple_sensors: 📊 GPU load percent: Some(12.0)
[DEBUG] cosmic_applet::simple_sensors: 📊 GPU temperature: Some(35.0)
[DEBUG] cosmic_applet::simple_sensors: 📊 Temperature packet data - celsius: 38
[DEBUG] cosmic_applet::network::udp_receiver: 📊 Updated metrics for machine: Neptune (CPU: 2.8%, Mem: 36629741568/134819328000 bytes)
[DEBUG] cosmic_applet: 🔄 RefreshMetrics: machine 'Neptune' CPU=2.8%, mem=36629741568/134819328000
[DEBUG] cosmic_applet: 🖼️  Rendering Panel: machine 'Neptune' CPU=2.8%, mem=36629741568/134819328000
[DEBUG] cosmic_applet: 🔄 RefreshMetrics: machine 'Neptune' CPU=2.8%, mem=36629741568/134819328000
[DEBUG] cosmic_applet: 🖼️  Rendering Panel: machine 'Neptune' CPU=2.8%, mem=36629741568/134819328000
[DEBUG] cosmic_applet::network::udp_receiver:   Tag offset in buffer: 360 (buffer len: 392)
[DEBUG] cosmic_applet::network::udp_receiver: 🔐 HMAC verification:
[DEBUG] cosmic_applet::network::udp_receiver:   Secret key (first 8 bytes): [30, 30, 30, 30, 30, 30, 30, 30]
[DEBUG] cosmic_applet::network::udp_receiver:   Received tag:  [ee, 5c, 6f, 61, 92, 36, d6, b0]
[DEBUG] cosmic_applet::network::udp_receiver:   Computed tag:  [ee, 5c, 6f, 61, 92, 36, d6, b0]
[DEBUG] cosmic_applet::network::udp_receiver:   ✓ Tags match
[DEBUG] cosmic_applet::simple_sensors: 📊 CPU packet data - usage: 3.7%, temp: Some(38.0)
[DEBUG] cosmic_applet::simple_sensors: 📊 Memory packet data - used: 36530876416 bytes, total: 134819328000 bytes
[DEBUG] cosmic_applet::simple_sensors: 📊 GPU VRAM used: 3301 MB → 3461349376 bytes
[DEBUG] cosmic_applet::simple_sensors: 📊 GPU VRAM total: 24564 MB → 25757220864 bytes
[DEBUG] cosmic_applet::simple_sensors: 📊 GPU load percent: Some(11.0)
[DEBUG] cosmic_applet::simple_sensors: 📊 GPU temperature: Some(35.0)
[DEBUG] cosmic_applet::simple_sensors: 📊 Temperature packet data - celsius: 38
[DEBUG] cosmic_applet::network::udp_receiver: 📊 Updated metrics for machine: Neptune (CPU: 3.7%, Mem: 36530876416/134819328000 bytes)
[DEBUG] cosmic_applet: 🔄 RefreshMetrics: machine 'Neptune' CPU=3.7%, mem=36530876416/134819328000
[DEBUG] cosmic_applet: 🖼️  Rendering Panel: machine 'Neptune' CPU=3.7%, mem=36530876416/134819328000
[DEBUG] cosmic_applet: 🔄 RefreshMetrics: machine 'Neptune' CPU=3.7%, mem=36530876416/134819328000
[DEBUG] cosmic_applet: 🖼️  Rendering Panel: machine 'Neptune' CPU=3.7%, mem=36530876416/134819328000
[DEBUG] cosmic_applet::network::udp_receiver:   Tag offset in buffer: 360 (buffer len: 392)
[DEBUG] cosmic_applet::network::udp_receiver: 🔐 HMAC verification:
[DEBUG] cosmic_applet::network::udp_receiver:   Secret key (first 8 bytes): [30, 30, 30, 30, 30, 30, 30, 30]
[DEBUG] cosmic_applet::network::udp_receiver:   Received tag:  [94, 47, f6, 66, 80, 67, 4f, 69]
[DEBUG] cosmic_applet::network::udp_receiver:   Computed tag:  [94, 47, f6, 66, 80, 67, 4f, 69]
[DEBUG] cosmic_applet::network::udp_receiver:   ✓ Tags match
[DEBUG] cosmic_applet::simple_sensors: 📊 CPU packet data - usage: 3.1%, temp: Some(36.0)
[DEBUG] cosmic_applet::simple_sensors: 📊 Memory packet data - used: 36530905088 bytes, total: 134819328000 bytes
[DEBUG] cosmic_applet::simple_sensors: 📊 GPU VRAM used: 3300 MB → 3460300800 bytes
[DEBUG] cosmic_applet::simple_sensors: 📊 GPU VRAM total: 24564 MB → 25757220864 bytes
[DEBUG] cosmic_applet::simple_sensors: 📊 GPU load percent: Some(11.0)
[DEBUG] cosmic_applet::simple_sensors: 📊 GPU temperature: Some(35.0)
[DEBUG] cosmic_applet::simple_sensors: 📊 Temperature packet data - celsius: 36
[DEBUG] cosmic_applet::network::udp_receiver: 📊 Updated metrics for machine: Neptune (CPU: 3.1%, Mem: 36530905088/134819328000 bytes)
[DEBUG] cosmic_applet: 🔄 RefreshMetrics: machine 'Neptune' CPU=3.1%, mem=36530905088/134819328000
[DEBUG] cosmic_applet: 🖼️  Rendering Panel: machine 'Neptune' CPU=3.1%, mem=36530905088/134819328000
[DEBUG] cosmic_applet: 🔄 RefreshMetrics: machine 'Neptune' CPU=3.1%, mem=36530905088/134819328000
[DEBUG] cosmic_applet: 🖼️  Rendering Panel: machine 'Neptune' CPU=3.1%, mem=36530905088/134819328000
[DEBUG] cosmic_applet::network::udp_receiver:   Tag offset in buffer: 360 (buffer len: 392)
[DEBUG] cosmic_applet::network::udp_receiver: 🔐 HMAC verification:
[DEBUG] cosmic_applet::network::udp_receiver:   Secret key (first 8 bytes): [30, 30, 30, 30, 30, 30, 30, 30]
[DEBUG] cosmic_applet::network::udp_receiver:   Received tag:  [2a, 2f, 85, 59, 45, a3, 33, 18]
[DEBUG] cosmic_applet::network::udp_receiver:   Computed tag:  [2a, 2f, 85, 59, 45, a3, 33, 18]
[DEBUG] cosmic_applet::network::udp_receiver:   ✓ Tags match
[DEBUG] cosmic_applet::simple_sensors: 📊 CPU packet data - usage: 2.9%, temp: Some(36.0)
[DEBUG] cosmic_applet::simple_sensors: 📊 Memory packet data - used: 36523315200 bytes, total: 134819328000 bytes
[DEBUG] cosmic_applet::simple_sensors: 📊 GPU VRAM used: 3300 MB → 3460300800 bytes
[DEBUG] cosmic_applet::simple_sensors: 📊 GPU VRAM total: 24564 MB → 25757220864 bytes
[DEBUG] cosmic_applet::simple_sensors: 📊 GPU load percent: Some(11.0)
[DEBUG] cosmic_applet::simple_sensors: 📊 GPU temperature: Some(35.0)
[DEBUG] cosmic_applet::simple_sensors: 📊 Temperature packet data - celsius: 36
[DEBUG] cosmic_applet::network::udp_receiver: 📊 Updated metrics for machine: Neptune (CPU: 2.9%, Mem: 36523315200/134819328000 bytes)
[DEBUG] cosmic_applet: 🔄 RefreshMetrics: machine 'Neptune' CPU=2.9%, mem=36523315200/134819328000
[DEBUG] cosmic_applet: 🖼️  Rendering Panel: machine 'Neptune' CPU=2.9%, mem=36523315200/134819328000
[DEBUG] cosmic_applet: 🔄 RefreshMetrics: machine 'Neptune' CPU=2.9%, mem=36523315200/134819328000
[DEBUG] cosmic_applet: 🖼️  Rendering Panel: machine 'Neptune' CPU=2.9%, mem=36523315200/134819328000
[DEBUG] cosmic_applet::network::udp_receiver:   Tag offset in buffer: 360 (buffer len: 392)
[DEBUG] cosmic_applet::network::udp_receiver: 🔐 HMAC verification:
[DEBUG] cosmic_applet::network::udp_receiver:   Secret key (first 8 bytes): [30, 30, 30, 30, 30, 30, 30, 30]
[DEBUG] cosmic_applet::network::udp_receiver:   Received tag:  [19, 16, ab, 43, a6, 4a, 2f, 63]
[DEBUG] cosmic_applet::network::udp_receiver:   Computed tag:  [19, 16, ab, 43, a6, 4a, 2f, 63]
[DEBUG] cosmic_applet::network::udp_receiver:   ✓ Tags match
[DEBUG] cosmic_applet::simple_sensors: 📊 CPU packet data - usage: 4.1%, temp: Some(66.0)
[DEBUG] cosmic_applet::simple_sensors: 📊 Memory packet data - used: 36488224768 bytes, total: 134819328000 bytes
[DEBUG] cosmic_applet::simple_sensors: 📊 GPU VRAM used: 3300 MB → 3460300800 bytes
[DEBUG] cosmic_applet::simple_sensors: 📊 GPU VRAM total: 24564 MB → 25757220864 bytes
[DEBUG] cosmic_applet::simple_sensors: 📊 GPU load percent: Some(11.0)
[DEBUG] cosmic_applet::simple_sensors: 📊 GPU temperature: Some(35.0)
[DEBUG] cosmic_applet::simple_sensors: 📊 Temperature packet data - celsius: 66
[DEBUG] cosmic_applet::network::udp_receiver: 📊 Updated metrics for machine: Neptune (CPU: 4.1%, Mem: 36488224768/134819328000 bytes)
[DEBUG] cosmic_applet: 🔄 RefreshMetrics: machine 'Neptune' CPU=4.1%, mem=36488224768/134819328000
[DEBUG] cosmic_applet: 🖼️  Rendering Panel: machine 'Neptune' CPU=4.1%, mem=36488224768/134819328000
[DEBUG] cosmic_applet: 🔄 RefreshMetrics: machine 'Neptune' CPU=4.1%, mem=36488224768/134819328000
[DEBUG] cosmic_applet: 🖼️  Rendering Panel: machine 'Neptune' CPU=4.1%, mem=36488224768/134819328000
[DEBUG] cosmic_applet::network::udp_receiver:   Tag offset in buffer: 360 (buffer len: 392)
[DEBUG] cosmic_applet::network::udp_receiver: 🔐 HMAC verification:
[DEBUG] cosmic_applet::network::udp_receiver:   Secret key (first 8 bytes): [30, 30, 30, 30, 30, 30, 30, 30]
[DEBUG] cosmic_applet::network::udp_receiver:   Received tag:  [ca, 87, 06, f6, 56, 94, a6, 8b]
[DEBUG] cosmic_applet::network::udp_receiver:   Computed tag:  [ca, 87, 06, f6, 56, 94, a6, 8b]
[DEBUG] cosmic_applet::network::udp_receiver:   ✓ Tags match
[DEBUG] cosmic_applet::simple_sensors: 📊 CPU packet data - usage: 4.0%, temp: Some(38.0)
[DEBUG] cosmic_applet::simple_sensors: 📊 Memory packet data - used: 36446547968 bytes, total: 134819328000 bytes
[DEBUG] cosmic_applet::simple_sensors: 📊 GPU VRAM used: 3307 MB → 3467640832 bytes
[DEBUG] cosmic_applet::simple_sensors: 📊 GPU VRAM total: 24564 MB → 25757220864 bytes
[DEBUG] cosmic_applet::simple_sensors: 📊 GPU load percent: Some(11.0)
[DEBUG] cosmic_applet::simple_sensors: 📊 GPU temperature: Some(35.0)
[DEBUG] cosmic_applet::simple_sensors: 📊 Temperature packet data - celsius: 38
[DEBUG] cosmic_applet::network::udp_receiver: 📊 Updated metrics for machine: Neptune (CPU: 4.0%, Mem: 36446547968/134819328000 bytes)
[DEBUG] cosmic_applet: 🔄 RefreshMetrics: machine 'Neptune' CPU=4.0%, mem=36446547968/134819328000
[DEBUG] cosmic_applet: 🖼️  Rendering Panel: machine 'Neptune' CPU=4.0%, mem=36446547968/134819328000
[DEBUG] cosmic_applet: 🔄 RefreshMetrics: machine 'Neptune' CPU=4.0%, mem=36446547968/134819328000
[DEBUG] cosmic_applet: 🖼️  Rendering Panel: machine 'Neptune' CPU=4.0%, mem=36446547968/134819328000
[DEBUG] cosmic_applet::network::udp_receiver:   Tag offset in buffer: 360 (buffer len: 392)
[DEBUG] cosmic_applet::network::udp_receiver: 🔐 HMAC verification:
[DEBUG] cosmic_applet::network::udp_receiver:   Secret key (first 8 bytes): [30, 30, 30, 30, 30, 30, 30, 30]
[DEBUG] cosmic_applet::network::udp_receiver:   Received tag:  [14, a6, a3, ad, 26, e0, 47, e1]
[DEBUG] cosmic_applet::network::udp_receiver:   Computed tag:  [14, a6, a3, ad, 26, e0, 47, e1]
[DEBUG] cosmic_applet::network::udp_receiver:   ✓ Tags match
[DEBUG] cosmic_applet::simple_sensors: 📊 CPU packet data - usage: 10.8%, temp: Some(47.0)
[DEBUG] cosmic_applet::simple_sensors: 📊 Memory packet data - used: 36448096256 bytes, total: 134819328000 bytes
[DEBUG] cosmic_applet::simple_sensors: 📊 GPU VRAM used: 3315 MB → 3476029440 bytes
[DEBUG] cosmic_applet::simple_sensors: 📊 GPU VRAM total: 24564 MB → 25757220864 bytes
[DEBUG] cosmic_applet::simple_sensors: 📊 GPU load percent: Some(14.0)
[DEBUG] cosmic_applet::simple_sensors: 📊 GPU temperature: Some(35.0)
[DEBUG] cosmic_applet::simple_sensors: 📊 Temperature packet data - celsius: 47
[DEBUG] cosmic_applet::network::udp_receiver: 📊 Updated metrics for machine: Neptune (CPU: 10.8%, Mem: 36448096256/134819328000 bytes)
[DEBUG] cosmic_applet: 🔄 RefreshMetrics: machine 'Neptune' CPU=10.8%, mem=36448096256/134819328000
[DEBUG] cosmic_applet: 🖼️  Rendering Panel: machine 'Neptune' CPU=10.8%, mem=36448096256/134819328000
[DEBUG] cosmic_applet: 🔄 RefreshMetrics: machine 'Neptune' CPU=10.8%, mem=36448096256/134819328000
[DEBUG] cosmic_applet: 🖼️  Rendering Panel: machine 'Neptune' CPU=10.8%, mem=36448096256/134819328000
[DEBUG] cosmic_applet::network::udp_receiver:   Tag offset in buffer: 360 (buffer len: 392)
[DEBUG] cosmic_applet::network::udp_receiver: 🔐 HMAC verification:
[DEBUG] cosmic_applet::network::udp_receiver:   Secret key (first 8 bytes): [30, 30, 30, 30, 30, 30, 30, 30]
[DEBUG] cosmic_applet::network::udp_receiver:   Received tag:  [e7, b4, a8, 22, 7c, 99, ce, 7f]
[DEBUG] cosmic_applet::network::udp_receiver:   Computed tag:  [e7, b4, a8, 22, 7c, 99, ce, 7f]
[DEBUG] cosmic_applet::network::udp_receiver:   ✓ Tags match
[DEBUG] cosmic_applet::simple_sensors: 📊 CPU packet data - usage: 14.3%, temp: Some(47.0)
[DEBUG] cosmic_applet::simple_sensors: 📊 Memory packet data - used: 36409208832 bytes, total: 134819328000 bytes
[DEBUG] cosmic_applet::simple_sensors: 📊 GPU VRAM used: 3313 MB → 3473932288 bytes
[DEBUG] cosmic_applet::simple_sensors: 📊 GPU VRAM total: 24564 MB → 25757220864 bytes
[DEBUG] cosmic_applet::simple_sensors: 📊 GPU load percent: Some(11.0)
[DEBUG] cosmic_applet::simple_sensors: 📊 GPU temperature: Some(35.0)
[DEBUG] cosmic_applet::simple_sensors: 📊 Temperature packet data - celsius: 47
[DEBUG] cosmic_applet::network::udp_receiver: 📊 Updated metrics for machine: Neptune (CPU: 14.3%, Mem: 36409208832/134819328000 bytes)
[DEBUG] cosmic_applet: 🔄 RefreshMetrics: machine 'Neptune' CPU=14.3%, mem=36409208832/134819328000
[DEBUG] cosmic_applet: 🖼️  Rendering Panel: machine 'Neptune' CPU=14.3%, mem=36409208832/134819328000
[DEBUG] cosmic_applet: 🔄 RefreshMetrics: machine 'Neptune' CPU=14.3%, mem=36409208832/134819328000
[DEBUG] cosmic_applet: 🖼️  Rendering Panel: machine 'Neptune' CPU=14.3%, mem=36409208832/134819328000
[DEBUG] cosmic_applet::network::udp_receiver:   Tag offset in buffer: 360 (buffer len: 392)
[DEBUG] cosmic_applet::network::udp_receiver: 🔐 HMAC verification:
[DEBUG] cosmic_applet::network::udp_receiver:   Secret key (first 8 bytes): [30, 30, 30, 30, 30, 30, 30, 30]
[DEBUG] cosmic_applet::network::udp_receiver:   Received tag:  [0a, d6, bf, 07, 9a, 06, df, a6]
[DEBUG] cosmic_applet::network::udp_receiver:   Computed tag:  [0a, d6, bf, 07, 9a, 06, df, a6]
[DEBUG] cosmic_applet::network::udp_receiver:   ✓ Tags match
[DEBUG] cosmic_applet::simple_sensors: 📊 CPU packet data - usage: 3.2%, temp: Some(57.0)
[DEBUG] cosmic_applet::simple_sensors: 📊 Memory packet data - used: 36395425792 bytes, total: 134819328000 bytes
[DEBUG] cosmic_applet::simple_sensors: 📊 GPU VRAM used: 3311 MB → 3471835136 bytes
[DEBUG] cosmic_applet::simple_sensors: 📊 GPU VRAM total: 24564 MB → 25757220864 bytes
[DEBUG] cosmic_applet::simple_sensors: 📊 GPU load percent: Some(10.0)
[DEBUG] cosmic_applet::simple_sensors: 📊 GPU temperature: Some(35.0)
[DEBUG] cosmic_applet::simple_sensors: 📊 Temperature packet data - celsius: 57
[DEBUG] cosmic_applet::network::udp_receiver: 📊 Updated metrics for machine: Neptune (CPU: 3.2%, Mem: 36395425792/134819328000 bytes)
[DEBUG] cosmic_applet: 🔄 RefreshMetrics: machine 'Neptune' CPU=3.2%, mem=36395425792/134819328000
[DEBUG] cosmic_applet: 🖼️  Rendering Panel: machine 'Neptune' CPU=3.2%, mem=36395425792/134819328000
[DEBUG] cosmic_applet: 🔄 RefreshMetrics: machine 'Neptune' CPU=3.2%, mem=36395425792/134819328000
[DEBUG] cosmic_applet: 🖼️  Rendering Panel: machine 'Neptune' CPU=3.2%, mem=36395425792/134819328000
[DEBUG] cosmic_applet::network::udp_receiver:   Tag offset in buffer: 360 (buffer len: 392)
[DEBUG] cosmic_applet::network::udp_receiver: 🔐 HMAC verification:
[DEBUG] cosmic_applet::network::udp_receiver:   Secret key (first 8 bytes): [30, 30, 30, 30, 30, 30, 30, 30]
[DEBUG] cosmic_applet::network::udp_receiver:   Received tag:  [9a, 2d, 65, 81, 0c, 72, 76, af]
[DEBUG] cosmic_applet::network::udp_receiver:   Computed tag:  [9a, 2d, 65, 81, 0c, 72, 76, af]
[DEBUG] cosmic_applet::network::udp_receiver:   ✓ Tags match
[DEBUG] cosmic_applet::simple_sensors: 📊 CPU packet data - usage: 2.8%, temp: Some(36.0)
[DEBUG] cosmic_applet::simple_sensors: 📊 Memory packet data - used: 36387635200 bytes, total: 134819328000 bytes
[DEBUG] cosmic_applet::simple_sensors: 📊 GPU VRAM used: 3310 MB → 3470786560 bytes
[DEBUG] cosmic_applet::simple_sensors: 📊 GPU VRAM total: 24564 MB → 25757220864 bytes
[DEBUG] cosmic_applet::simple_sensors: 📊 GPU load percent: Some(10.0)
[DEBUG] cosmic_applet::simple_sensors: 📊 GPU temperature: Some(35.0)
[DEBUG] cosmic_applet::simple_sensors: 📊 Temperature packet data - celsius: 36
[DEBUG] cosmic_applet::network::udp_receiver: 📊 Updated metrics for machine: Neptune (CPU: 2.8%, Mem: 36387635200/134819328000 bytes)
[DEBUG] cosmic_applet: 🔄 RefreshMetrics: machine 'Neptune' CPU=2.8%, mem=36387635200/134819328000
[DEBUG] cosmic_applet: 🖼️  Rendering Panel: machine 'Neptune' CPU=2.8%, mem=36387635200/134819328000
[DEBUG] cosmic_applet: 🔄 RefreshMetrics: machine 'Neptune' CPU=2.8%, mem=36387635200/134819328000
[DEBUG] cosmic_applet: 🖼️  Rendering Panel: machine 'Neptune' CPU=2.8%, mem=36387635200/134819328000
[DEBUG] cosmic_applet::network::udp_receiver:   Tag offset in buffer: 360 (buffer len: 392)
[DEBUG] cosmic_applet::network::udp_receiver: 🔐 HMAC verification:
[DEBUG] cosmic_applet::network::udp_receiver:   Secret key (first 8 bytes): [30, 30, 30, 30, 30, 30, 30, 30]
[DEBUG] cosmic_applet::network::udp_receiver:   Received tag:  [a3, 82, 93, 87, 9c, 99, 73, 0b]
[DEBUG] cosmic_applet::network::udp_receiver:   Computed tag:  [a3, 82, 93, 87, 9c, 99, 73, 0b]
[DEBUG] cosmic_applet::network::udp_receiver:   ✓ Tags match
[DEBUG] cosmic_applet::simple_sensors: 📊 CPU packet data - usage: 3.2%, temp: Some(36.0)
[DEBUG] cosmic_applet::simple_sensors: 📊 Memory packet data - used: 36368973824 bytes, total: 134819328000 bytes
[DEBUG] cosmic_applet::simple_sensors: 📊 GPU VRAM used: 3310 MB → 3470786560 bytes
[DEBUG] cosmic_applet::simple_sensors: 📊 GPU VRAM total: 24564 MB → 25757220864 bytes
[DEBUG] cosmic_applet::simple_sensors: 📊 GPU load percent: Some(10.0)
[DEBUG] cosmic_applet::simple_sensors: 📊 GPU temperature: Some(35.0)
[DEBUG] cosmic_applet::simple_sensors: 📊 Temperature packet data - celsius: 36
[DEBUG] cosmic_applet::network::udp_receiver: 📊 Updated metrics for machine: Neptune (CPU: 3.2%, Mem: 36368973824/134819328000 bytes)
[DEBUG] cosmic_applet: 🔄 RefreshMetrics: machine 'Neptune' CPU=3.2%, mem=36368973824/134819328000
[DEBUG] cosmic_applet: 🖼️  Rendering Panel: machine 'Neptune' CPU=3.2%, mem=36368973824/134819328000
[DEBUG] cosmic_applet: 🔄 RefreshMetrics: machine 'Neptune' CPU=3.2%, mem=36368973824/134819328000
[DEBUG] cosmic_applet: 🖼️  Rendering Panel: machine 'Neptune' CPU=3.2%, mem=36368973824/134819328000
[DEBUG] cosmic_applet::network::udp_receiver:   Tag offset in buffer: 360 (buffer len: 392)
[DEBUG] cosmic_applet::network::udp_receiver: 🔐 HMAC verification:
[DEBUG] cosmic_applet::network::udp_receiver:   Secret key (first 8 bytes): [30, 30, 30, 30, 30, 30, 30, 30]
[DEBUG] cosmic_applet::network::udp_receiver:   Received tag:  [a0, 8e, 0b, 21, 0e, 9c, ab, df]
[DEBUG] cosmic_applet::network::udp_receiver:   Computed tag:  [a0, 8e, 0b, 21, 0e, 9c, ab, df]
[DEBUG] cosmic_applet::network::udp_receiver:   ✓ Tags match
[DEBUG] cosmic_applet::simple_sensors: 📊 CPU packet data - usage: 3.4%, temp: Some(36.0)
[DEBUG] cosmic_applet::simple_sensors: 📊 Memory packet data - used: 36360540160 bytes, total: 134819328000 bytes
[DEBUG] cosmic_applet::simple_sensors: 📊 GPU VRAM used: 3305 MB → 3465543680 bytes
[DEBUG] cosmic_applet::simple_sensors: 📊 GPU VRAM total: 24564 MB → 25757220864 bytes
[DEBUG] cosmic_applet::simple_sensors: 📊 GPU load percent: Some(11.0)
[DEBUG] cosmic_applet::simple_sensors: 📊 GPU temperature: Some(35.0)
[DEBUG] cosmic_applet::simple_sensors: 📊 Temperature packet data - celsius: 36
[DEBUG] cosmic_applet::network::udp_receiver: 📊 Updated metrics for machine: Neptune (CPU: 3.4%, Mem: 36360540160/134819328000 bytes)
[DEBUG] cosmic_applet: 🔄 RefreshMetrics: machine 'Neptune' CPU=3.4%, mem=36360540160/134819328000
[DEBUG] cosmic_applet: 🖼️  Rendering Panel: machine 'Neptune' CPU=3.4%, mem=36360540160/134819328000
[DEBUG] cosmic_applet: 🔄 RefreshMetrics: machine 'Neptune' CPU=3.4%, mem=36360540160/134819328000
[DEBUG] cosmic_applet: 🖼️  Rendering Panel: machine 'Neptune' CPU=3.4%, mem=36360540160/134819328000
[DEBUG] cosmic_applet::network::udp_receiver:   Tag offset in buffer: 360 (buffer len: 392)
[DEBUG] cosmic_applet::network::udp_receiver: 🔐 HMAC verification:
[DEBUG] cosmic_applet::network::udp_receiver:   Secret key (first 8 bytes): [30, 30, 30, 30, 30, 30, 30, 30]
[DEBUG] cosmic_applet::network::udp_receiver:   Received tag:  [cb, be, e1, d2, 7e, 33, 66, 96]
[DEBUG] cosmic_applet::network::udp_receiver:   Computed tag:  [cb, be, e1, d2, 7e, 33, 66, 96]
[DEBUG] cosmic_applet::network::udp_receiver:   ✓ Tags match
[DEBUG] cosmic_applet::simple_sensors: 📊 CPU packet data - usage: 3.8%, temp: Some(60.0)
[DEBUG] cosmic_applet::simple_sensors: 📊 Memory packet data - used: 36348301312 bytes, total: 134819328000 bytes
[DEBUG] cosmic_applet::simple_sensors: 📊 GPU VRAM used: 3304 MB → 3464495104 bytes
[DEBUG] cosmic_applet::simple_sensors: 📊 GPU VRAM total: 24564 MB → 25757220864 bytes
[DEBUG] cosmic_applet::simple_sensors: 📊 GPU load percent: Some(11.0)
[DEBUG] cosmic_applet::simple_sensors: 📊 GPU temperature: Some(35.0)
[DEBUG] cosmic_applet::simple_sensors: 📊 Temperature packet data - celsius: 60
[DEBUG] cosmic_applet::network::udp_receiver: 📊 Updated metrics for machine: Neptune (CPU: 3.8%, Mem: 36348301312/134819328000 bytes)
[DEBUG] cosmic_applet: 🔄 RefreshMetrics: machine 'Neptune' CPU=3.8%, mem=36348301312/134819328000
[DEBUG] cosmic_applet: 🖼️  Rendering Panel: machine 'Neptune' CPU=3.8%, mem=36348301312/134819328000
[DEBUG] cosmic_applet: 🔄 RefreshMetrics: machine 'Neptune' CPU=3.8%, mem=36348301312/134819328000
[DEBUG] cosmic_applet: 🖼️  Rendering Panel: machine 'Neptune' CPU=3.8%, mem=36348301312/134819328000
[DEBUG] cosmic_applet::network::udp_receiver:   Tag offset in buffer: 360 (buffer len: 392)
[DEBUG] cosmic_applet::network::udp_receiver: 🔐 HMAC verification:
[DEBUG] cosmic_applet::network::udp_receiver:   Secret key (first 8 bytes): [30, 30, 30, 30, 30, 30, 30, 30]
[DEBUG] cosmic_applet::network::udp_receiver:   Received tag:  [55, 68, 67, 89, 3b, 5e, df, c7]
[DEBUG] cosmic_applet::network::udp_receiver:   Computed tag:  [55, 68, 67, 89, 3b, 5e, df, c7]
[DEBUG] cosmic_applet::network::udp_receiver:   ✓ Tags match
[DEBUG] cosmic_applet::simple_sensors: 📊 CPU packet data - usage: 3.7%, temp: Some(39.0)
[DEBUG] cosmic_applet::simple_sensors: 📊 Memory packet data - used: 36347469824 bytes, total: 134819328000 bytes
[DEBUG] cosmic_applet::simple_sensors: 📊 GPU VRAM used: 3304 MB → 3464495104 bytes
[DEBUG] cosmic_applet::simple_sensors: 📊 GPU VRAM total: 24564 MB → 25757220864 bytes
[DEBUG] cosmic_applet::simple_sensors: 📊 GPU load percent: Some(10.0)
[DEBUG] cosmic_applet::simple_sensors: 📊 GPU temperature: Some(35.0)
[DEBUG] cosmic_applet::simple_sensors: 📊 Temperature packet data - celsius: 39
[DEBUG] cosmic_applet::network::udp_receiver: 📊 Updated metrics for machine: Neptune (CPU: 3.7%, Mem: 36347469824/134819328000 bytes)
[DEBUG] cosmic_applet: 🔄 RefreshMetrics: machine 'Neptune' CPU=3.7%, mem=36347469824/134819328000
[DEBUG] cosmic_applet: 🖼️  Rendering Panel: machine 'Neptune' CPU=3.7%, mem=36347469824/134819328000
[DEBUG] cosmic_applet: 🔄 RefreshMetrics: machine 'Neptune' CPU=3.7%, mem=36347469824/134819328000
[DEBUG] cosmic_applet: 🖼️  Rendering Panel: machine 'Neptune' CPU=3.7%, mem=36347469824/134819328000
[DEBUG] cosmic_applet::network::udp_receiver:   Tag offset in buffer: 360 (buffer len: 392)
[DEBUG] cosmic_applet::network::udp_receiver: 🔐 HMAC verification:
[DEBUG] cosmic_applet::network::udp_receiver:   Secret key (first 8 bytes): [30, 30, 30, 30, 30, 30, 30, 30]
[DEBUG] cosmic_applet::network::udp_receiver:   Received tag:  [0a, 6c, 9c, ce, 9b, 19, 75, 4e]
[DEBUG] cosmic_applet::network::udp_receiver:   Computed tag:  [0a, 6c, 9c, ce, 9b, 19, 75, 4e]
[DEBUG] cosmic_applet::network::udp_receiver:   ✓ Tags match
[DEBUG] cosmic_applet::simple_sensors: 📊 CPU packet data - usage: 5.1%, temp: Some(41.0)
[DEBUG] cosmic_applet::simple_sensors: 📊 Memory packet data - used: 36343230464 bytes, total: 134819328000 bytes
[DEBUG] cosmic_applet::simple_sensors: 📊 GPU VRAM used: 3304 MB → 3464495104 bytes
[DEBUG] cosmic_applet::simple_sensors: 📊 GPU VRAM total: 24564 MB → 25757220864 bytes
[DEBUG] cosmic_applet::simple_sensors: 📊 GPU load percent: Some(9.0)
[DEBUG] cosmic_applet::simple_sensors: 📊 GPU temperature: Some(35.0)
[DEBUG] cosmic_applet::simple_sensors: 📊 Temperature packet data - celsius: 41
[DEBUG] cosmic_applet::network::udp_receiver: 📊 Updated metrics for machine: Neptune (CPU: 5.1%, Mem: 36343230464/134819328000 bytes)
[DEBUG] cosmic_applet: 🔄 RefreshMetrics: machine 'Neptune' CPU=5.1%, mem=36343230464/134819328000
[DEBUG] cosmic_applet: 🖼️  Rendering Panel: machine 'Neptune' CPU=5.1%, mem=36343230464/134819328000
[DEBUG] cosmic_applet: 🔄 RefreshMetrics: machine 'Neptune' CPU=5.1%, mem=36343230464/134819328000
[DEBUG] cosmic_applet: 🖼️  Rendering Panel: machine 'Neptune' CPU=5.1%, mem=36343230464/134819328000
[DEBUG] cosmic_applet::network::udp_receiver:   Tag offset in buffer: 360 (buffer len: 392)
[DEBUG] cosmic_applet::network::udp_receiver: 🔐 HMAC verification:
[DEBUG] cosmic_applet::network::udp_receiver:   Secret key (first 8 bytes): [30, 30, 30, 30, 30, 30, 30, 30]
[DEBUG] cosmic_applet::network::udp_receiver:   Received tag:  [dd, bb, 53, b7, 96, 90, 71, 90]
[DEBUG] cosmic_applet::network::udp_receiver:   Computed tag:  [dd, bb, 53, b7, 96, 90, 71, 90]
[DEBUG] cosmic_applet::network::udp_receiver:   ✓ Tags match
[DEBUG] cosmic_applet::simple_sensors: 📊 CPU packet data - usage: 2.9%, temp: Some(41.0)
[DEBUG] cosmic_applet::simple_sensors: 📊 Memory packet data - used: 36331945984 bytes, total: 134819328000 bytes
[DEBUG] cosmic_applet::simple_sensors: 📊 GPU VRAM used: 3303 MB → 3463446528 bytes
[DEBUG] cosmic_applet::simple_sensors: 📊 GPU VRAM total: 24564 MB → 25757220864 bytes
[DEBUG] cosmic_applet::simple_sensors: 📊 GPU load percent: Some(10.0)
[DEBUG] cosmic_applet::simple_sensors: 📊 GPU temperature: Some(35.0)
[DEBUG] cosmic_applet::simple_sensors: 📊 Temperature packet data - celsius: 41
[DEBUG] cosmic_applet::network::udp_receiver: 📊 Updated metrics for machine: Neptune (CPU: 2.9%, Mem: 36331945984/134819328000 bytes)
[DEBUG] cosmic_applet: 🔄 RefreshMetrics: machine 'Neptune' CPU=2.9%, mem=36331945984/134819328000
[DEBUG] cosmic_applet: 🖼️  Rendering Panel: machine 'Neptune' CPU=2.9%, mem=36331945984/134819328000
[DEBUG] cosmic_applet: 🔄 RefreshMetrics: machine 'Neptune' CPU=2.9%, mem=36331945984/134819328000
[DEBUG] cosmic_applet: 🖼️  Rendering Panel: machine 'Neptune' CPU=2.9%, mem=36331945984/134819328000
[DEBUG] cosmic_applet::network::udp_receiver:   Tag offset in buffer: 360 (buffer len: 392)
[DEBUG] cosmic_applet::network::udp_receiver: 🔐 HMAC verification:
[DEBUG] cosmic_applet::network::udp_receiver:   Secret key (first 8 bytes): [30, 30, 30, 30, 30, 30, 30, 30]
[DEBUG] cosmic_applet::network::udp_receiver:   Received tag:  [61, 07, e1, ab, 89, c9, 17, ee]
[DEBUG] cosmic_applet::network::udp_receiver:   Computed tag:  [61, 07, e1, ab, 89, c9, 17, ee]
[DEBUG] cosmic_applet::network::udp_receiver:   ✓ Tags match
[DEBUG] cosmic_applet::simple_sensors: 📊 CPU packet data - usage: 3.0%, temp: Some(61.0)
[DEBUG] cosmic_applet::simple_sensors: 📊 Memory packet data - used: 36335484928 bytes, total: 134819328000 bytes
[DEBUG] cosmic_applet::simple_sensors: 📊 GPU VRAM used: 3303 MB → 3463446528 bytes
[DEBUG] cosmic_applet::simple_sensors: 📊 GPU VRAM total: 24564 MB → 25757220864 bytes
[DEBUG] cosmic_applet::simple_sensors: 📊 GPU load percent: Some(10.0)
[DEBUG] cosmic_applet::simple_sensors: 📊 GPU temperature: Some(35.0)
[DEBUG] cosmic_applet::simple_sensors: 📊 Temperature packet data - celsius: 61
[DEBUG] cosmic_applet::network::udp_receiver: 📊 Updated metrics for machine: Neptune (CPU: 3.0%, Mem: 36335484928/134819328000 bytes)
[DEBUG] cosmic_applet: 🔄 RefreshMetrics: machine 'Neptune' CPU=3.0%, mem=36335484928/134819328000
[DEBUG] cosmic_applet: 🖼️  Rendering Panel: machine 'Neptune' CPU=3.0%, mem=36335484928/134819328000
[DEBUG] cosmic_applet: 🔄 RefreshMetrics: machine 'Neptune' CPU=3.0%, mem=36335484928/134819328000
[DEBUG] cosmic_applet: 🖼️  Rendering Panel: machine 'Neptune' CPU=3.0%, mem=36335484928/134819328000
[DEBUG] cosmic_applet::network::udp_receiver:   Tag offset in buffer: 360 (buffer len: 392)
[DEBUG] cosmic_applet::network::udp_receiver: 🔐 HMAC verification:
[DEBUG] cosmic_applet::network::udp_receiver:   Secret key (first 8 bytes): [30, 30, 30, 30, 30, 30, 30, 30]
[DEBUG] cosmic_applet::network::udp_receiver:   Received tag:  [d4, 88, c3, b1, 82, b7, eb, 12]
[DEBUG] cosmic_applet::network::udp_receiver:   Computed tag:  [d4, 88, c3, b1, 82, b7, eb, 12]
[DEBUG] cosmic_applet::network::udp_receiver:   ✓ Tags match
[DEBUG] cosmic_applet::simple_sensors: 📊 CPU packet data - usage: 2.9%, temp: Some(36.0)
[DEBUG] cosmic_applet::simple_sensors: 📊 Memory packet data - used: 36324585472 bytes, total: 134819328000 bytes
[DEBUG] cosmic_applet::simple_sensors: 📊 GPU VRAM used: 3303 MB → 3463446528 bytes
[DEBUG] cosmic_applet::simple_sensors: 📊 GPU VRAM total: 24564 MB → 25757220864 bytes
[DEBUG] cosmic_applet::simple_sensors: 📊 GPU load percent: Some(11.0)
[DEBUG] cosmic_applet::simple_sensors: 📊 GPU temperature: Some(35.0)
[DEBUG] cosmic_applet::simple_sensors: 📊 Temperature packet data - celsius: 36
[DEBUG] cosmic_applet::network::udp_receiver: 📊 Updated metrics for machine: Neptune (CPU: 2.9%, Mem: 36324585472/134819328000 bytes)
[DEBUG] cosmic_applet: 🔄 RefreshMetrics: machine 'Neptune' CPU=2.9%, mem=36324585472/134819328000
[DEBUG] cosmic_applet: 🖼️  Rendering Panel: machine 'Neptune' CPU=2.9%, mem=36324585472/134819328000
[DEBUG] cosmic_applet: 🔄 RefreshMetrics: machine 'Neptune' CPU=2.9%, mem=36324585472/134819328000
[DEBUG] cosmic_applet: 🖼️  Rendering Panel: machine 'Neptune' CPU=2.9%, mem=36324585472/134819328000
[DEBUG] cosmic_applet::network::udp_receiver:   Tag offset in buffer: 360 (buffer len: 392)
[DEBUG] cosmic_applet::network::udp_receiver: 🔐 HMAC verification:
[DEBUG] cosmic_applet::network::udp_receiver:   Secret key (first 8 bytes): [30, 30, 30, 30, 30, 30, 30, 30]
[DEBUG] cosmic_applet::network::udp_receiver:   Received tag:  [a3, 7d, 40, 56, 2d, b9, be, 87]
[DEBUG] cosmic_applet::network::udp_receiver:   Computed tag:  [a3, 7d, 40, 56, 2d, b9, be, 87]
[DEBUG] cosmic_applet::network::udp_receiver:   ✓ Tags match
[DEBUG] cosmic_applet::simple_sensors: 📊 CPU packet data - usage: 2.9%, temp: Some(36.0)
[DEBUG] cosmic_applet::simple_sensors: 📊 Memory packet data - used: 36317384704 bytes, total: 134819328000 bytes
[DEBUG] cosmic_applet::simple_sensors: 📊 GPU VRAM used: 3306 MB → 3466592256 bytes
[DEBUG] cosmic_applet::simple_sensors: 📊 GPU VRAM total: 24564 MB → 25757220864 bytes
[DEBUG] cosmic_applet::simple_sensors: 📊 GPU load percent: Some(11.0)
[DEBUG] cosmic_applet::simple_sensors: 📊 GPU temperature: Some(35.0)
[DEBUG] cosmic_applet::simple_sensors: 📊 Temperature packet data - celsius: 36
[DEBUG] cosmic_applet::network::udp_receiver: 📊 Updated metrics for machine: Neptune (CPU: 2.9%, Mem: 36317384704/134819328000 bytes)
[DEBUG] cosmic_applet: 🔄 RefreshMetrics: machine 'Neptune' CPU=2.9%, mem=36317384704/134819328000
[DEBUG] cosmic_applet: 🖼️  Rendering Panel: machine 'Neptune' CPU=2.9%, mem=36317384704/134819328000
[DEBUG] cosmic_applet: 🔄 RefreshMetrics: machine 'Neptune' CPU=2.9%, mem=36317384704/134819328000
[DEBUG] cosmic_applet: 🖼️  Rendering Panel: machine 'Neptune' CPU=2.9%, mem=36317384704/134819328000
[DEBUG] cosmic_applet::network::udp_receiver:   Tag offset in buffer: 360 (buffer len: 392)
[DEBUG] cosmic_applet::network::udp_receiver: 🔐 HMAC verification:
[DEBUG] cosmic_applet::network::udp_receiver:   Secret key (first 8 bytes): [30, 30, 30, 30, 30, 30, 30, 30]
[DEBUG] cosmic_applet::network::udp_receiver:   Received tag:  [9e, c7, 84, 09, 6d, 9d, 9e, 08]
[DEBUG] cosmic_applet::network::udp_receiver:   Computed tag:  [9e, c7, 84, 09, 6d, 9d, 9e, 08]
[DEBUG] cosmic_applet::network::udp_receiver:   ✓ Tags match
[DEBUG] cosmic_applet::simple_sensors: 📊 CPU packet data - usage: 6.5%, temp: Some(36.0)
[DEBUG] cosmic_applet::simple_sensors: 📊 Memory packet data - used: 36238102528 bytes, total: 134819328000 bytes
[DEBUG] cosmic_applet::simple_sensors: 📊 GPU VRAM used: 3308 MB → 3468689408 bytes
[DEBUG] cosmic_applet::simple_sensors: 📊 GPU VRAM total: 24564 MB → 25757220864 bytes
[DEBUG] cosmic_applet::simple_sensors: 📊 GPU load percent: Some(11.0)
[DEBUG] cosmic_applet::simple_sensors: 📊 GPU temperature: Some(35.0)
[DEBUG] cosmic_applet::simple_sensors: 📊 Temperature packet data - celsius: 36
[DEBUG] cosmic_applet::network::udp_receiver: 📊 Updated metrics for machine: Neptune (CPU: 6.5%, Mem: 36238102528/134819328000 bytes)
[DEBUG] cosmic_applet: 🔄 RefreshMetrics: machine 'Neptune' CPU=6.5%, mem=36238102528/134819328000
[DEBUG] cosmic_applet: 🖼️  Rendering Panel: machine 'Neptune' CPU=6.5%, mem=36238102528/134819328000
[DEBUG] cosmic_applet: 🔄 RefreshMetrics: machine 'Neptune' CPU=6.5%, mem=36238102528/134819328000
[DEBUG] cosmic_applet: 🖼️  Rendering Panel: machine 'Neptune' CPU=6.5%, mem=36238102528/134819328000
[DEBUG] cosmic_applet::network::udp_receiver:   Tag offset in buffer: 360 (buffer len: 392)
[DEBUG] cosmic_applet::network::udp_receiver: 🔐 HMAC verification:
[DEBUG] cosmic_applet::network::udp_receiver:   Secret key (first 8 bytes): [30, 30, 30, 30, 30, 30, 30, 30]
[DEBUG] cosmic_applet::network::udp_receiver:   Received tag:  [80, 47, 2c, 71, d8, 97, cc, 27]
[DEBUG] cosmic_applet::network::udp_receiver:   Computed tag:  [80, 47, 2c, 71, d8, 97, cc, 27]
[DEBUG] cosmic_applet::network::udp_receiver:   ✓ Tags match
[DEBUG] cosmic_applet::simple_sensors: 📊 CPU packet data - usage: 3.7%, temp: Some(64.0)
[DEBUG] cosmic_applet::simple_sensors: 📊 Memory packet data - used: 36237471744 bytes, total: 134819328000 bytes
[DEBUG] cosmic_applet::simple_sensors: 📊 GPU VRAM used: 3306 MB → 3466592256 bytes
[DEBUG] cosmic_applet::simple_sensors: 📊 GPU VRAM total: 24564 MB → 25757220864 bytes
[DEBUG] cosmic_applet::simple_sensors: 📊 GPU load percent: Some(11.0)
[DEBUG] cosmic_applet::simple_sensors: 📊 GPU temperature: Some(35.0)
[DEBUG] cosmic_applet::simple_sensors: 📊 Temperature packet data - celsius: 64
[DEBUG] cosmic_applet::network::udp_receiver: 📊 Updated metrics for machine: Neptune (CPU: 3.7%, Mem: 36237471744/134819328000 bytes)
[DEBUG] cosmic_applet: 🔄 RefreshMetrics: machine 'Neptune' CPU=3.7%, mem=36237471744/134819328000
[DEBUG] cosmic_applet: 🖼️  Rendering Panel: machine 'Neptune' CPU=3.7%, mem=36237471744/134819328000
[DEBUG] cosmic_applet: 🔄 RefreshMetrics: machine 'Neptune' CPU=3.7%, mem=36237471744/134819328000
[DEBUG] cosmic_applet: 🖼️  Rendering Panel: machine 'Neptune' CPU=3.7%, mem=36237471744/134819328000
[DEBUG] cosmic_applet::network::udp_receiver:   Tag offset in buffer: 360 (buffer len: 392)
[DEBUG] cosmic_applet::network::udp_receiver: 🔐 HMAC verification:
[DEBUG] cosmic_applet::network::udp_receiver:   Secret key (first 8 bytes): [30, 30, 30, 30, 30, 30, 30, 30]
[DEBUG] cosmic_applet::network::udp_receiver:   Received tag:  [08, 60, 37, f6, 86, 11, 12, b9]
[DEBUG] cosmic_applet::network::udp_receiver:   Computed tag:  [08, 60, 37, f6, 86, 11, 12, b9]
[DEBUG] cosmic_applet::network::udp_receiver:   ✓ Tags match
[DEBUG] cosmic_applet::simple_sensors: 📊 CPU packet data - usage: 3.0%, temp: Some(36.0)
[DEBUG] cosmic_applet::simple_sensors: 📊 Memory packet data - used: 36243660800 bytes, total: 134819328000 bytes
[DEBUG] cosmic_applet::simple_sensors: 📊 GPU VRAM used: 3304 MB → 3464495104 bytes
[DEBUG] cosmic_applet::simple_sensors: 📊 GPU VRAM total: 24564 MB → 25757220864 bytes
[DEBUG] cosmic_applet::simple_sensors: 📊 GPU load percent: Some(11.0)
[DEBUG] cosmic_applet::simple_sensors: 📊 GPU temperature: Some(35.0)
[DEBUG] cosmic_applet::simple_sensors: 📊 Temperature packet data - celsius: 36
[DEBUG] cosmic_applet::network::udp_receiver: 📊 Updated metrics for machine: Neptune (CPU: 3.0%, Mem: 36243660800/134819328000 bytes)
[DEBUG] cosmic_applet: 🔄 RefreshMetrics: machine 'Neptune' CPU=3.0%, mem=36243660800/134819328000
[DEBUG] cosmic_applet: 🖼️  Rendering Panel: machine 'Neptune' CPU=3.0%, mem=36243660800/134819328000
[DEBUG] cosmic_applet: 🔄 RefreshMetrics: machine 'Neptune' CPU=3.0%, mem=36243660800/134819328000
[DEBUG] cosmic_applet: 🖼️  Rendering Panel: machine 'Neptune' CPU=3.0%, mem=36243660800/134819328000
[DEBUG] cosmic_applet::network::udp_receiver:   Tag offset in buffer: 360 (buffer len: 392)
[DEBUG] cosmic_applet::network::udp_receiver: 🔐 HMAC verification:
[DEBUG] cosmic_applet::network::udp_receiver:   Secret key (first 8 bytes): [30, 30, 30, 30, 30, 30, 30, 30]
[DEBUG] cosmic_applet::network::udp_receiver:   Received tag:  [4a, ea, 28, 96, 70, 42, 74, 78]
[DEBUG] cosmic_applet::network::udp_receiver:   Computed tag:  [4a, ea, 28, 96, 70, 42, 74, 78]
[DEBUG] cosmic_applet::network::udp_receiver:   ✓ Tags match
[DEBUG] cosmic_applet::simple_sensors: 📊 CPU packet data - usage: 2.8%, temp: Some(36.0)
[DEBUG] cosmic_applet::simple_sensors: 📊 Memory packet data - used: 36235431936 bytes, total: 134819328000 bytes
[DEBUG] cosmic_applet::simple_sensors: 📊 GPU VRAM used: 3305 MB → 3465543680 bytes
[DEBUG] cosmic_applet::simple_sensors: 📊 GPU VRAM total: 24564 MB → 25757220864 bytes
[DEBUG] cosmic_applet::simple_sensors: 📊 GPU load percent: Some(10.0)
[DEBUG] cosmic_applet::simple_sensors: 📊 GPU temperature: Some(35.0)
[DEBUG] cosmic_applet::simple_sensors: 📊 Temperature packet data - celsius: 36
[DEBUG] cosmic_applet::network::udp_receiver: 📊 Updated metrics for machine: Neptune (CPU: 2.8%, Mem: 36235431936/134819328000 bytes)
[DEBUG] cosmic_applet: 🔄 RefreshMetrics: machine 'Neptune' CPU=2.8%, mem=36235431936/134819328000
[DEBUG] cosmic_applet: 🖼️  Rendering Panel: machine 'Neptune' CPU=2.8%, mem=36235431936/134819328000
[DEBUG] cosmic_applet: 🔄 RefreshMetrics: machine 'Neptune' CPU=2.8%, mem=36235431936/134819328000
[DEBUG] cosmic_applet: 🖼️  Rendering Panel: machine 'Neptune' CPU=2.8%, mem=36235431936/134819328000
[DEBUG] cosmic_applet::network::udp_receiver:   Tag offset in buffer: 360 (buffer len: 392)
[DEBUG] cosmic_applet::network::udp_receiver: 🔐 HMAC verification:
[DEBUG] cosmic_applet::network::udp_receiver:   Secret key (first 8 bytes): [30, 30, 30, 30, 30, 30, 30, 30]
[DEBUG] cosmic_applet::network::udp_receiver:   Received tag:  [1f, d1, d5, 53, 8a, 79, 33, 80]
[DEBUG] cosmic_applet::network::udp_receiver:   Computed tag:  [1f, d1, d5, 53, 8a, 79, 33, 80]
[DEBUG] cosmic_applet::network::udp_receiver:   ✓ Tags match
[DEBUG] cosmic_applet::simple_sensors: 📊 CPU packet data - usage: 4.0%, temp: Some(36.0)
[DEBUG] cosmic_applet::simple_sensors: 📊 Memory packet data - used: 36247625728 bytes, total: 134819328000 bytes
[DEBUG] cosmic_applet::simple_sensors: 📊 GPU VRAM used: 3305 MB → 3465543680 bytes
[DEBUG] cosmic_applet::simple_sensors: 📊 GPU VRAM total: 24564 MB → 25757220864 bytes
[DEBUG] cosmic_applet::simple_sensors: 📊 GPU load percent: Some(11.0)
[DEBUG] cosmic_applet::simple_sensors: 📊 GPU temperature: Some(35.0)
[DEBUG] cosmic_applet::simple_sensors: 📊 Temperature packet data - celsius: 36
[DEBUG] cosmic_applet::network::udp_receiver: 📊 Updated metrics for machine: Neptune (CPU: 4.0%, Mem: 36247625728/134819328000 bytes)
[DEBUG] cosmic_applet: 🔄 RefreshMetrics: machine 'Neptune' CPU=4.0%, mem=36247625728/134819328000
[DEBUG] cosmic_applet: 🖼️  Rendering Panel: machine 'Neptune' CPU=4.0%, mem=36247625728/134819328000
[DEBUG] cosmic_applet: 🔄 RefreshMetrics: machine 'Neptune' CPU=4.0%, mem=36247625728/134819328000
[DEBUG] cosmic_applet: 🖼️  Rendering Panel: machine 'Neptune' CPU=4.0%, mem=36247625728/134819328000
[DEBUG] cosmic_applet::network::udp_receiver:   Tag offset in buffer: 360 (buffer len: 392)
[DEBUG] cosmic_applet::network::udp_receiver: 🔐 HMAC verification:
[DEBUG] cosmic_applet::network::udp_receiver:   Secret key (first 8 bytes): [30, 30, 30, 30, 30, 30, 30, 30]
[DEBUG] cosmic_applet::network::udp_receiver:   Received tag:  [58, c2, 86, 36, 2e, ff, b6, c2]
[DEBUG] cosmic_applet::network::udp_receiver:   Computed tag:  [58, c2, 86, 36, 2e, ff, b6, c2]
[DEBUG] cosmic_applet::network::udp_receiver:   ✓ Tags match
[DEBUG] cosmic_applet::simple_sensors: 📊 CPU packet data - usage: 4.7%, temp: Some(61.0)
[DEBUG] cosmic_applet::simple_sensors: 📊 Memory packet data - used: 36257497088 bytes, total: 134819328000 bytes
[DEBUG] cosmic_applet::simple_sensors: 📊 GPU VRAM used: 3304 MB → 3464495104 bytes
[DEBUG] cosmic_applet::simple_sensors: 📊 GPU VRAM total: 24564 MB → 25757220864 bytes
[DEBUG] cosmic_applet::simple_sensors: 📊 GPU load percent: Some(11.0)
[DEBUG] cosmic_applet::simple_sensors: 📊 GPU temperature: Some(35.0)
[DEBUG] cosmic_applet::simple_sensors: 📊 Temperature packet data - celsius: 61
[DEBUG] cosmic_applet::network::udp_receiver: 📊 Updated metrics for machine: Neptune (CPU: 4.7%, Mem: 36257497088/134819328000 bytes)
[DEBUG] cosmic_applet: 🔄 RefreshMetrics: machine 'Neptune' CPU=4.7%, mem=36257497088/134819328000
[DEBUG] cosmic_applet: 🖼️  Rendering Panel: machine 'Neptune' CPU=4.7%, mem=36257497088/134819328000
[DEBUG] cosmic_applet: 🔄 RefreshMetrics: machine 'Neptune' CPU=4.7%, mem=36257497088/134819328000
[DEBUG] cosmic_applet: 🖼️  Rendering Panel: machine 'Neptune' CPU=4.7%, mem=36257497088/134819328000
[DEBUG] cosmic_applet::network::udp_receiver:   Tag offset in buffer: 360 (buffer len: 392)
[DEBUG] cosmic_applet::network::udp_receiver: 🔐 HMAC verification:
[DEBUG] cosmic_applet::network::udp_receiver:   Secret key (first 8 bytes): [30, 30, 30, 30, 30, 30, 30, 30]
[DEBUG] cosmic_applet::network::udp_receiver:   Received tag:  [80, a1, 25, 1f, c2, 5a, d6, 15]
[DEBUG] cosmic_applet::network::udp_receiver:   Computed tag:  [80, a1, 25, 1f, c2, 5a, d6, 15]
[DEBUG] cosmic_applet::network::udp_receiver:   ✓ Tags match
[DEBUG] cosmic_applet::simple_sensors: 📊 CPU packet data - usage: 3.0%, temp: Some(37.0)
[DEBUG] cosmic_applet::simple_sensors: 📊 Memory packet data - used: 36265484288 bytes, total: 134819328000 bytes
[DEBUG] cosmic_applet::simple_sensors: 📊 GPU VRAM used: 3304 MB → 3464495104 bytes
[DEBUG] cosmic_applet::simple_sensors: 📊 GPU VRAM total: 24564 MB → 25757220864 bytes
[DEBUG] cosmic_applet::simple_sensors: 📊 GPU load percent: Some(10.0)
[DEBUG] cosmic_applet::simple_sensors: 📊 GPU temperature: Some(35.0)
[DEBUG] cosmic_applet::simple_sensors: 📊 Temperature packet data - celsius: 37
[DEBUG] cosmic_applet::network::udp_receiver: 📊 Updated metrics for machine: Neptune (CPU: 3.0%, Mem: 36265484288/134819328000 bytes)
[DEBUG] cosmic_applet: 🔄 RefreshMetrics: machine 'Neptune' CPU=3.0%, mem=36265484288/134819328000
[DEBUG] cosmic_applet: 🖼️  Rendering Panel: machine 'Neptune' CPU=3.0%, mem=36265484288/134819328000
[DEBUG] cosmic_applet: 🔄 RefreshMetrics: machine 'Neptune' CPU=3.0%, mem=36265484288/134819328000
[DEBUG] cosmic_applet: 🖼️  Rendering Panel: machine 'Neptune' CPU=3.0%, mem=36265484288/134819328000
[DEBUG] cosmic_applet::network::udp_receiver:   Tag offset in buffer: 360 (buffer len: 392)
[DEBUG] cosmic_applet::network::udp_receiver: 🔐 HMAC verification:
[DEBUG] cosmic_applet::network::udp_receiver:   Secret key (first 8 bytes): [30, 30, 30, 30, 30, 30, 30, 30]
[DEBUG] cosmic_applet::network::udp_receiver:   Received tag:  [8c, 8e, 48, 15, df, 94, 1c, 17]
[DEBUG] cosmic_applet::network::udp_receiver:   Computed tag:  [8c, 8e, 48, 15, df, 94, 1c, 17]
[DEBUG] cosmic_applet::network::udp_receiver:   ✓ Tags match
[DEBUG] cosmic_applet::simple_sensors: 📊 CPU packet data - usage: 3.0%, temp: Some(37.0)
[DEBUG] cosmic_applet::simple_sensors: 📊 Memory packet data - used: 36256681984 bytes, total: 134819328000 bytes
[DEBUG] cosmic_applet::simple_sensors: 📊 GPU VRAM used: 3304 MB → 3464495104 bytes
[DEBUG] cosmic_applet::simple_sensors: 📊 GPU VRAM total: 24564 MB → 25757220864 bytes
[DEBUG] cosmic_applet::simple_sensors: 📊 GPU load percent: Some(10.0)
[DEBUG] cosmic_applet::simple_sensors: 📊 GPU temperature: Some(35.0)
[DEBUG] cosmic_applet::simple_sensors: 📊 Temperature packet data - celsius: 37
[DEBUG] cosmic_applet::network::udp_receiver: 📊 Updated metrics for machine: Neptune (CPU: 3.0%, Mem: 36256681984/134819328000 bytes)
[DEBUG] cosmic_applet: 🔄 RefreshMetrics: machine 'Neptune' CPU=3.0%, mem=36256681984/134819328000
[DEBUG] cosmic_applet: 🖼️  Rendering Panel: machine 'Neptune' CPU=3.0%, mem=36256681984/134819328000
[DEBUG] cosmic_applet: 🔄 RefreshMetrics: machine 'Neptune' CPU=3.0%, mem=36256681984/134819328000
[DEBUG] cosmic_applet: 🖼️  Rendering Panel: machine 'Neptune' CPU=3.0%, mem=36256681984/134819328000
[DEBUG] cosmic_applet::network::udp_receiver:   Tag offset in buffer: 360 (buffer len: 392)
[DEBUG] cosmic_applet::network::udp_receiver: 🔐 HMAC verification:
[DEBUG] cosmic_applet::network::udp_receiver:   Secret key (first 8 bytes): [30, 30, 30, 30, 30, 30, 30, 30]
[DEBUG] cosmic_applet::network::udp_receiver:   Received tag:  [ef, 96, 3e, 08, e8, 55, db, 90]
[DEBUG] cosmic_applet::network::udp_receiver:   Computed tag:  [ef, 96, 3e, 08, e8, 55, db, 90]
[DEBUG] cosmic_applet::network::udp_receiver:   ✓ Tags match
[DEBUG] cosmic_applet::simple_sensors: 📊 CPU packet data - usage: 2.7%, temp: Some(37.0)
[DEBUG] cosmic_applet::simple_sensors: 📊 Memory packet data - used: 36271005696 bytes, total: 134819328000 bytes
[DEBUG] cosmic_applet::simple_sensors: 📊 GPU VRAM used: 3304 MB → 3464495104 bytes
[DEBUG] cosmic_applet::simple_sensors: 📊 GPU VRAM total: 24564 MB → 25757220864 bytes
[DEBUG] cosmic_applet::simple_sensors: 📊 GPU load percent: Some(10.0)
[DEBUG] cosmic_applet::simple_sensors: 📊 GPU temperature: Some(35.0)
[DEBUG] cosmic_applet::simple_sensors: 📊 Temperature packet data - celsius: 37
[DEBUG] cosmic_applet::network::udp_receiver: 📊 Updated metrics for machine: Neptune (CPU: 2.7%, Mem: 36271005696/134819328000 bytes)
[DEBUG] cosmic_applet: 🔄 RefreshMetrics: machine 'Neptune' CPU=2.7%, mem=36271005696/134819328000
[DEBUG] cosmic_applet: 🖼️  Rendering Panel: machine 'Neptune' CPU=2.7%, mem=36271005696/134819328000
[DEBUG] cosmic_applet: 🔄 RefreshMetrics: machine 'Neptune' CPU=2.7%, mem=36271005696/134819328000
[DEBUG] cosmic_applet: 🖼️  Rendering Panel: machine 'Neptune' CPU=2.7%, mem=36271005696/134819328000
[DEBUG] cosmic_applet::network::udp_receiver:   Tag offset in buffer: 360 (buffer len: 392)
[DEBUG] cosmic_applet::network::udp_receiver: 🔐 HMAC verification:
[DEBUG] cosmic_applet::network::udp_receiver:   Secret key (first 8 bytes): [30, 30, 30, 30, 30, 30, 30, 30]
[DEBUG] cosmic_applet::network::udp_receiver:   Received tag:  [c8, be, 63, 9c, ba, 3f, 6f, 09]
[DEBUG] cosmic_applet::network::udp_receiver:   Computed tag:  [c8, be, 63, 9c, ba, 3f, 6f, 09]
[DEBUG] cosmic_applet::network::udp_receiver:   ✓ Tags match
[DEBUG] cosmic_applet::simple_sensors: 📊 CPU packet data - usage: 2.7%, temp: Some(60.0)
[DEBUG] cosmic_applet::simple_sensors: 📊 Memory packet data - used: 36267126784 bytes, total: 134819328000 bytes
[DEBUG] cosmic_applet::simple_sensors: 📊 GPU VRAM used: 3304 MB → 3464495104 bytes
[DEBUG] cosmic_applet::simple_sensors: 📊 GPU VRAM total: 24564 MB → 25757220864 bytes
[DEBUG] cosmic_applet::simple_sensors: 📊 GPU load percent: Some(11.0)
[DEBUG] cosmic_applet::simple_sensors: 📊 GPU temperature: Some(35.0)
[DEBUG] cosmic_applet::simple_sensors: 📊 Temperature packet data - celsius: 60
[DEBUG] cosmic_applet::network::udp_receiver: 📊 Updated metrics for machine: Neptune (CPU: 2.7%, Mem: 36267126784/134819328000 bytes)
[DEBUG] cosmic_applet: 🔄 RefreshMetrics: machine 'Neptune' CPU=2.7%, mem=36267126784/134819328000
[DEBUG] cosmic_applet: 🖼️  Rendering Panel: machine 'Neptune' CPU=2.7%, mem=36267126784/134819328000
[DEBUG] cosmic_applet: 🔄 RefreshMetrics: machine 'Neptune' CPU=2.7%, mem=36267126784/134819328000
[DEBUG] cosmic_applet: 🖼️  Rendering Panel: machine 'Neptune' CPU=2.7%, mem=36267126784/134819328000
[DEBUG] cosmic_applet::network::udp_receiver:   Tag offset in buffer: 360 (buffer len: 392)
[DEBUG] cosmic_applet::network::udp_receiver: 🔐 HMAC verification:
[DEBUG] cosmic_applet::network::udp_receiver:   Secret key (first 8 bytes): [30, 30, 30, 30, 30, 30, 30, 30]
[DEBUG] cosmic_applet::network::udp_receiver:   Received tag:  [50, 09, 8e, 09, 5d, fe, a1, 05]
[DEBUG] cosmic_applet::network::udp_receiver:   Computed tag:  [50, 09, 8e, 09, 5d, fe, a1, 05]
[DEBUG] cosmic_applet::network::udp_receiver:   ✓ Tags match
[DEBUG] cosmic_applet::simple_sensors: 📊 CPU packet data - usage: 2.9%, temp: Some(37.0)
[DEBUG] cosmic_applet::simple_sensors: 📊 Memory packet data - used: 36272648192 bytes, total: 134819328000 bytes
[DEBUG] cosmic_applet::simple_sensors: 📊 GPU VRAM used: 3304 MB → 3464495104 bytes
[DEBUG] cosmic_applet::simple_sensors: 📊 GPU VRAM total: 24564 MB → 25757220864 bytes
[DEBUG] cosmic_applet::simple_sensors: 📊 GPU load percent: Some(10.0)
[DEBUG] cosmic_applet::simple_sensors: 📊 GPU temperature: Some(35.0)
[DEBUG] cosmic_applet::simple_sensors: 📊 Temperature packet data - celsius: 37
[DEBUG] cosmic_applet::network::udp_receiver: 📊 Updated metrics for machine: Neptune (CPU: 2.9%, Mem: 36272648192/134819328000 bytes)
[DEBUG] cosmic_applet: 🔄 RefreshMetrics: machine 'Neptune' CPU=2.9%, mem=36272648192/134819328000
[DEBUG] cosmic_applet: 🖼️  Rendering Panel: machine 'Neptune' CPU=2.9%, mem=36272648192/134819328000
[DEBUG] cosmic_applet: 🔄 RefreshMetrics: machine 'Neptune' CPU=2.9%, mem=36272648192/134819328000
[DEBUG] cosmic_applet: 🖼️  Rendering Panel: machine 'Neptune' CPU=2.9%, mem=36272648192/134819328000
[DEBUG] cosmic_applet::network::udp_receiver:   Tag offset in buffer: 360 (buffer len: 392)
[DEBUG] cosmic_applet::network::udp_receiver: 🔐 HMAC verification:
[DEBUG] cosmic_applet::network::udp_receiver:   Secret key (first 8 bytes): [30, 30, 30, 30, 30, 30, 30, 30]
[DEBUG] cosmic_applet::network::udp_receiver:   Received tag:  [97, e8, e6, 2b, 82, 3e, 4d, db]
[DEBUG] cosmic_applet::network::udp_receiver:   Computed tag:  [97, e8, e6, 2b, 82, 3e, 4d, db]
[DEBUG] cosmic_applet::network::udp_receiver:   ✓ Tags match
[DEBUG] cosmic_applet::simple_sensors: 📊 CPU packet data - usage: 3.0%, temp: Some(36.0)
[DEBUG] cosmic_applet::simple_sensors: 📊 Memory packet data - used: 36273836032 bytes, total: 134819328000 bytes
[DEBUG] cosmic_applet::simple_sensors: 📊 GPU VRAM used: 3304 MB → 3464495104 bytes
[DEBUG] cosmic_applet::simple_sensors: 📊 GPU VRAM total: 24564 MB → 25757220864 bytes
[DEBUG] cosmic_applet::simple_sensors: 📊 GPU load percent: Some(10.0)
[DEBUG] cosmic_applet::simple_sensors: 📊 GPU temperature: Some(35.0)
[DEBUG] cosmic_applet::simple_sensors: 📊 Temperature packet data - celsius: 36
[DEBUG] cosmic_applet::network::udp_receiver: 📊 Updated metrics for machine: Neptune (CPU: 3.0%, Mem: 36273836032/134819328000 bytes)
[DEBUG] cosmic_applet: 🔄 RefreshMetrics: machine 'Neptune' CPU=3.0%, mem=36273836032/134819328000
[DEBUG] cosmic_applet: 🖼️  Rendering Panel: machine 'Neptune' CPU=3.0%, mem=36273836032/134819328000
[DEBUG] cosmic_applet: 🔄 RefreshMetrics: machine 'Neptune' CPU=3.0%, mem=36273836032/134819328000
[DEBUG] cosmic_applet: 🖼️  Rendering Panel: machine 'Neptune' CPU=3.0%, mem=36273836032/134819328000
[DEBUG] cosmic_applet::network::udp_receiver:   Tag offset in buffer: 360 (buffer len: 392)
[DEBUG] cosmic_applet::network::udp_receiver: 🔐 HMAC verification:
[DEBUG] cosmic_applet::network::udp_receiver:   Secret key (first 8 bytes): [30, 30, 30, 30, 30, 30, 30, 30]
[DEBUG] cosmic_applet::network::udp_receiver:   Received tag:  [49, 60, d9, 89, eb, a2, 2b, a5]
[DEBUG] cosmic_applet::network::udp_receiver:   Computed tag:  [49, 60, d9, 89, eb, a2, 2b, a5]
[DEBUG] cosmic_applet::network::udp_receiver:   ✓ Tags match
[DEBUG] cosmic_applet::simple_sensors: 📊 CPU packet data - usage: 3.0%, temp: Some(36.0)
[DEBUG] cosmic_applet::simple_sensors: 📊 Memory packet data - used: 36272537600 bytes, total: 134819328000 bytes
[DEBUG] cosmic_applet::simple_sensors: 📊 GPU VRAM used: 3306 MB → 3466592256 bytes
[DEBUG] cosmic_applet::simple_sensors: 📊 GPU VRAM total: 24564 MB → 25757220864 bytes
[DEBUG] cosmic_applet::simple_sensors: 📊 GPU load percent: Some(11.0)
[DEBUG] cosmic_applet::simple_sensors: 📊 GPU temperature: Some(35.0)
[DEBUG] cosmic_applet::simple_sensors: 📊 Temperature packet data - celsius: 36
[DEBUG] cosmic_applet::network::udp_receiver: 📊 Updated metrics for machine: Neptune (CPU: 3.0%, Mem: 36272537600/134819328000 bytes)
[DEBUG] cosmic_applet: 🔄 RefreshMetrics: machine 'Neptune' CPU=3.0%, mem=36272537600/134819328000
[DEBUG] cosmic_applet: 🖼️  Rendering Panel: machine 'Neptune' CPU=3.0%, mem=36272537600/134819328000
[DEBUG] cosmic_applet: 🔄 RefreshMetrics: machine 'Neptune' CPU=3.0%, mem=36272537600/134819328000
[DEBUG] cosmic_applet: 🖼️  Rendering Panel: machine 'Neptune' CPU=3.0%, mem=36272537600/134819328000
[DEBUG] cosmic_applet::network::udp_receiver:   Tag offset in buffer: 360 (buffer len: 392)
[DEBUG] cosmic_applet::network::udp_receiver: 🔐 HMAC verification:
[DEBUG] cosmic_applet::network::udp_receiver:   Secret key (first 8 bytes): [30, 30, 30, 30, 30, 30, 30, 30]
[DEBUG] cosmic_applet::network::udp_receiver:   Received tag:  [27, 16, 85, 88, e2, b9, 86, 3e]
[DEBUG] cosmic_applet::network::udp_receiver:   Computed tag:  [27, 16, 85, 88, e2, b9, 86, 3e]
[DEBUG] cosmic_applet::network::udp_receiver:   ✓ Tags match
[DEBUG] cosmic_applet::simple_sensors: 📊 CPU packet data - usage: 6.2%, temp: Some(64.0)
[DEBUG] cosmic_applet::simple_sensors: 📊 Memory packet data - used: 36347678720 bytes, total: 134819328000 bytes
[DEBUG] cosmic_applet::simple_sensors: 📊 GPU VRAM used: 3305 MB → 3465543680 bytes
[DEBUG] cosmic_applet::simple_sensors: 📊 GPU VRAM total: 24564 MB → 25757220864 bytes
[DEBUG] cosmic_applet::simple_sensors: 📊 GPU load percent: Some(10.0)
[DEBUG] cosmic_applet::simple_sensors: 📊 GPU temperature: Some(35.0)
[DEBUG] cosmic_applet::simple_sensors: 📊 Temperature packet data - celsius: 64
[DEBUG] cosmic_applet::network::udp_receiver: 📊 Updated metrics for machine: Neptune (CPU: 6.2%, Mem: 36347678720/134819328000 bytes)
[DEBUG] cosmic_applet: 🔄 RefreshMetrics: machine 'Neptune' CPU=6.2%, mem=36347678720/134819328000
[DEBUG] cosmic_applet: 🖼️  Rendering Panel: machine 'Neptune' CPU=6.2%, mem=36347678720/134819328000
[DEBUG] cosmic_applet: 🔄 RefreshMetrics: machine 'Neptune' CPU=6.2%, mem=36347678720/134819328000
[DEBUG] cosmic_applet: 🖼️  Rendering Panel: machine 'Neptune' CPU=6.2%, mem=36347678720/134819328000
[DEBUG] cosmic_applet::network::udp_receiver:   Tag offset in buffer: 360 (buffer len: 392)
[DEBUG] cosmic_applet::network::udp_receiver: 🔐 HMAC verification:
[DEBUG] cosmic_applet::network::udp_receiver:   Secret key (first 8 bytes): [30, 30, 30, 30, 30, 30, 30, 30]
[DEBUG] cosmic_applet::network::udp_receiver:   Received tag:  [ba, b3, 22, 39, 46, db, ee, 0c]
[DEBUG] cosmic_applet::network::udp_receiver:   Computed tag:  [ba, b3, 22, 39, 46, db, ee, 0c]
[DEBUG] cosmic_applet::network::udp_receiver:   ✓ Tags match
[DEBUG] cosmic_applet::simple_sensors: 📊 CPU packet data - usage: 6.3%, temp: Some(57.0)
[DEBUG] cosmic_applet::simple_sensors: 📊 Memory packet data - used: 36346327040 bytes, total: 134819328000 bytes
[DEBUG] cosmic_applet::simple_sensors: 📊 GPU VRAM used: 3304 MB → 3464495104 bytes
[DEBUG] cosmic_applet::simple_sensors: 📊 GPU VRAM total: 24564 MB → 25757220864 bytes
[DEBUG] cosmic_applet::simple_sensors: 📊 GPU load percent: Some(13.0)
[DEBUG] cosmic_applet::simple_sensors: 📊 GPU temperature: Some(35.0)
[DEBUG] cosmic_applet::simple_sensors: 📊 Temperature packet data - celsius: 57
[DEBUG] cosmic_applet::network::udp_receiver: 📊 Updated metrics for machine: Neptune (CPU: 6.3%, Mem: 36346327040/134819328000 bytes)
[DEBUG] cosmic_applet: 🔄 RefreshMetrics: machine 'Neptune' CPU=6.3%, mem=36346327040/134819328000
[DEBUG] cosmic_applet: 🖼️  Rendering Panel: machine 'Neptune' CPU=6.3%, mem=36346327040/134819328000
[DEBUG] cosmic_applet: 🔄 RefreshMetrics: machine 'Neptune' CPU=6.3%, mem=36346327040/134819328000
[DEBUG] cosmic_applet: 🖼️  Rendering Panel: machine 'Neptune' CPU=6.3%, mem=36346327040/134819328000
[DEBUG] cosmic_applet::network::udp_receiver:   Tag offset in buffer: 360 (buffer len: 392)
[DEBUG] cosmic_applet::network::udp_receiver: 🔐 HMAC verification:
[DEBUG] cosmic_applet::network::udp_receiver:   Secret key (first 8 bytes): [30, 30, 30, 30, 30, 30, 30, 30]
[DEBUG] cosmic_applet::network::udp_receiver:   Received tag:  [0f, 98, 72, 73, a9, 6f, 8d, 45]
[DEBUG] cosmic_applet::network::udp_receiver:   Computed tag:  [0f, 98, 72, 73, a9, 6f, 8d, 45]
[DEBUG] cosmic_applet::network::udp_receiver:   ✓ Tags match
[DEBUG] cosmic_applet::simple_sensors: 📊 CPU packet data - usage: 4.3%, temp: Some(36.0)
[DEBUG] cosmic_applet::simple_sensors: 📊 Memory packet data - used: 36348485632 bytes, total: 134819328000 bytes
[DEBUG] cosmic_applet::simple_sensors: 📊 GPU VRAM used: 3302 MB → 3462397952 bytes
[DEBUG] cosmic_applet::simple_sensors: 📊 GPU VRAM total: 24564 MB → 25757220864 bytes
[DEBUG] cosmic_applet::simple_sensors: 📊 GPU load percent: Some(10.0)
[DEBUG] cosmic_applet::simple_sensors: 📊 GPU temperature: Some(35.0)
[DEBUG] cosmic_applet::simple_sensors: 📊 Temperature packet data - celsius: 36
[DEBUG] cosmic_applet::network::udp_receiver: 📊 Updated metrics for machine: Neptune (CPU: 4.3%, Mem: 36348485632/134819328000 bytes)
[DEBUG] cosmic_applet: 🔄 RefreshMetrics: machine 'Neptune' CPU=4.3%, mem=36348485632/134819328000
[DEBUG] cosmic_applet: 🖼️  Rendering Panel: machine 'Neptune' CPU=4.3%, mem=36348485632/134819328000
[DEBUG] cosmic_applet: 🔄 RefreshMetrics: machine 'Neptune' CPU=4.3%, mem=36348485632/134819328000
[DEBUG] cosmic_applet: 🖼️  Rendering Panel: machine 'Neptune' CPU=4.3%, mem=36348485632/134819328000
[DEBUG] cosmic_applet::network::udp_receiver:   Tag offset in buffer: 360 (buffer len: 392)
[DEBUG] cosmic_applet::network::udp_receiver: 🔐 HMAC verification:
[DEBUG] cosmic_applet::network::udp_receiver:   Secret key (first 8 bytes): [30, 30, 30, 30, 30, 30, 30, 30]
[DEBUG] cosmic_applet::network::udp_receiver:   Received tag:  [59, a8, e8, 10, 85, 79, 43, 7c]
[DEBUG] cosmic_applet::network::udp_receiver:   Computed tag:  [59, a8, e8, 10, 85, 79, 43, 7c]
[DEBUG] cosmic_applet::network::udp_receiver:   ✓ Tags match
[DEBUG] cosmic_applet::simple_sensors: 📊 CPU packet data - usage: 3.2%, temp: Some(37.0)
[DEBUG] cosmic_applet::simple_sensors: 📊 Memory packet data - used: 36342448128 bytes, total: 134819328000 bytes
[DEBUG] cosmic_applet::simple_sensors: 📊 GPU VRAM used: 3305 MB → 3465543680 bytes
[DEBUG] cosmic_applet::simple_sensors: 📊 GPU VRAM total: 24564 MB → 25757220864 bytes
[DEBUG] cosmic_applet::simple_sensors: 📊 GPU load percent: Some(35.0)
[DEBUG] cosmic_applet::simple_sensors: 📊 GPU temperature: Some(35.0)
[DEBUG] cosmic_applet::simple_sensors: 📊 Temperature packet data - celsius: 37
[DEBUG] cosmic_applet::network::udp_receiver: 📊 Updated metrics for machine: Neptune (CPU: 3.2%, Mem: 36342448128/134819328000 bytes)
[DEBUG] cosmic_applet: 🔄 RefreshMetrics: machine 'Neptune' CPU=3.2%, mem=36342448128/134819328000
[DEBUG] cosmic_applet: 🖼️  Rendering Panel: machine 'Neptune' CPU=3.2%, mem=36342448128/134819328000
[DEBUG] cosmic_applet: 🔄 RefreshMetrics: machine 'Neptune' CPU=3.2%, mem=36342448128/134819328000
[DEBUG] cosmic_applet: 🖼️  Rendering Panel: machine 'Neptune' CPU=3.2%, mem=36342448128/134819328000
[DEBUG] cosmic_applet::network::udp_receiver:   Tag offset in buffer: 360 (buffer len: 392)
[DEBUG] cosmic_applet::network::udp_receiver: 🔐 HMAC verification:
[DEBUG] cosmic_applet::network::udp_receiver:   Secret key (first 8 bytes): [30, 30, 30, 30, 30, 30, 30, 30]
[DEBUG] cosmic_applet::network::udp_receiver:   Received tag:  [42, c7, 4f, 6f, 2b, f9, ea, c6]
[DEBUG] cosmic_applet::network::udp_receiver:   Computed tag:  [42, c7, 4f, 6f, 2b, f9, ea, c6]
[DEBUG] cosmic_applet::network::udp_receiver:   ✓ Tags match
[DEBUG] cosmic_applet::simple_sensors: 📊 CPU packet data - usage: 4.0%, temp: Some(37.0)
[DEBUG] cosmic_applet::simple_sensors: 📊 Memory packet data - used: 36339408896 bytes, total: 134819328000 bytes
[DEBUG] cosmic_applet::simple_sensors: 📊 GPU VRAM used: 3304 MB → 3464495104 bytes
[DEBUG] cosmic_applet::simple_sensors: 📊 GPU VRAM total: 24564 MB → 25757220864 bytes
[DEBUG] cosmic_applet::simple_sensors: 📊 GPU load percent: Some(11.0)
[DEBUG] cosmic_applet::simple_sensors: 📊 GPU temperature: Some(35.0)
[DEBUG] cosmic_applet::simple_sensors: 📊 Temperature packet data - celsius: 37
[DEBUG] cosmic_applet::network::udp_receiver: 📊 Updated metrics for machine: Neptune (CPU: 4.0%, Mem: 36339408896/134819328000 bytes)
[DEBUG] cosmic_applet: 🔄 RefreshMetrics: machine 'Neptune' CPU=4.0%, mem=36339408896/134819328000
[DEBUG] cosmic_applet: 🖼️  Rendering Panel: machine 'Neptune' CPU=4.0%, mem=36339408896/134819328000
[DEBUG] cosmic_applet: 🔄 RefreshMetrics: machine 'Neptune' CPU=4.0%, mem=36339408896/134819328000
[DEBUG] cosmic_applet: 🖼️  Rendering Panel: machine 'Neptune' CPU=4.0%, mem=36339408896/134819328000
[DEBUG] cosmic_applet::network::udp_receiver:   Tag offset in buffer: 360 (buffer len: 392)
[DEBUG] cosmic_applet::network::udp_receiver: 🔐 HMAC verification:
[DEBUG] cosmic_applet::network::udp_receiver:   Secret key (first 8 bytes): [30, 30, 30, 30, 30, 30, 30, 30]
[DEBUG] cosmic_applet::network::udp_receiver:   Received tag:  [74, d8, f9, 20, 2e, fe, 3d, 17]
[DEBUG] cosmic_applet::network::udp_receiver:   Computed tag:  [74, d8, f9, 20, 2e, fe, 3d, 17]
[DEBUG] cosmic_applet::network::udp_receiver:   ✓ Tags match
[DEBUG] cosmic_applet::simple_sensors: 📊 CPU packet data - usage: 4.6%, temp: Some(45.0)
[DEBUG] cosmic_applet::simple_sensors: 📊 Memory packet data - used: 36344311808 bytes, total: 134819328000 bytes
[DEBUG] cosmic_applet::simple_sensors: 📊 GPU VRAM used: 3302 MB → 3462397952 bytes
[DEBUG] cosmic_applet::simple_sensors: 📊 GPU VRAM total: 24564 MB → 25757220864 bytes
[DEBUG] cosmic_applet::simple_sensors: 📊 GPU load percent: Some(37.0)
[DEBUG] cosmic_applet::simple_sensors: 📊 GPU temperature: Some(35.0)
[DEBUG] cosmic_applet::simple_sensors: 📊 Temperature packet data - celsius: 45
[DEBUG] cosmic_applet::network::udp_receiver: 📊 Updated metrics for machine: Neptune (CPU: 4.6%, Mem: 36344311808/134819328000 bytes)
[DEBUG] cosmic_applet: 🔄 RefreshMetrics: machine 'Neptune' CPU=4.6%, mem=36344311808/134819328000
[DEBUG] cosmic_applet: 🖼️  Rendering Panel: machine 'Neptune' CPU=4.6%, mem=36344311808/134819328000
[DEBUG] cosmic_applet: 🔄 RefreshMetrics: machine 'Neptune' CPU=4.6%, mem=36344311808/134819328000
[DEBUG] cosmic_applet: 🖼️  Rendering Panel: machine 'Neptune' CPU=4.6%, mem=36344311808/134819328000
[DEBUG] cosmic_applet::network::udp_receiver:   Tag offset in buffer: 360 (buffer len: 392)
[DEBUG] cosmic_applet::network::udp_receiver: 🔐 HMAC verification:
[DEBUG] cosmic_applet::network::udp_receiver:   Secret key (first 8 bytes): [30, 30, 30, 30, 30, 30, 30, 30]
[DEBUG] cosmic_applet::network::udp_receiver:   Received tag:  [0a, fd, 9c, d4, 36, ca, 3c, a4]
[DEBUG] cosmic_applet::network::udp_receiver:   Computed tag:  [0a, fd, 9c, d4, 36, ca, 3c, a4]
[DEBUG] cosmic_applet::network::udp_receiver:   ✓ Tags match
[DEBUG] cosmic_applet::simple_sensors: 📊 CPU packet data - usage: 3.6%, temp: Some(38.0)
[DEBUG] cosmic_applet::simple_sensors: 📊 Memory packet data - used: 36356788224 bytes, total: 134819328000 bytes
[DEBUG] cosmic_applet::simple_sensors: 📊 GPU VRAM used: 3302 MB → 3462397952 bytes
[DEBUG] cosmic_applet::simple_sensors: 📊 GPU VRAM total: 24564 MB → 25757220864 bytes
[DEBUG] cosmic_applet::simple_sensors: 📊 GPU load percent: Some(30.0)
[DEBUG] cosmic_applet::simple_sensors: 📊 GPU temperature: Some(35.0)
[DEBUG] cosmic_applet::simple_sensors: 📊 Temperature packet data - celsius: 38
[DEBUG] cosmic_applet::network::udp_receiver: 📊 Updated metrics for machine: Neptune (CPU: 3.6%, Mem: 36356788224/134819328000 bytes)
[DEBUG] cosmic_applet: 🔄 RefreshMetrics: machine 'Neptune' CPU=3.6%, mem=36356788224/134819328000
[DEBUG] cosmic_applet: 🖼️  Rendering Panel: machine 'Neptune' CPU=3.6%, mem=36356788224/134819328000
[DEBUG] cosmic_applet: 🔄 RefreshMetrics: machine 'Neptune' CPU=3.6%, mem=36356788224/134819328000
[DEBUG] cosmic_applet: 🖼️  Rendering Panel: machine 'Neptune' CPU=3.6%, mem=36356788224/134819328000
[DEBUG] cosmic_applet::network::udp_receiver:   Tag offset in buffer: 360 (buffer len: 392)
[DEBUG] cosmic_applet::network::udp_receiver: 🔐 HMAC verification:
[DEBUG] cosmic_applet::network::udp_receiver:   Secret key (first 8 bytes): [30, 30, 30, 30, 30, 30, 30, 30]
[DEBUG] cosmic_applet::network::udp_receiver:   Received tag:  [65, 77, 3a, 9a, 8d, 33, 7e, 1a]
[DEBUG] cosmic_applet::network::udp_receiver:   Computed tag:  [65, 77, 3a, 9a, 8d, 33, 7e, 1a]
[DEBUG] cosmic_applet::network::udp_receiver:   ✓ Tags match
[DEBUG] cosmic_applet::simple_sensors: 📊 CPU packet data - usage: 3.5%, temp: Some(37.0)
[DEBUG] cosmic_applet::simple_sensors: 📊 Memory packet data - used: 36359397376 bytes, total: 134819328000 bytes
[DEBUG] cosmic_applet::simple_sensors: 📊 GPU VRAM used: 3302 MB → 3462397952 bytes
[DEBUG] cosmic_applet::simple_sensors: 📊 GPU VRAM total: 24564 MB → 25757220864 bytes
[DEBUG] cosmic_applet::simple_sensors: 📊 GPU load percent: Some(8.0)
[DEBUG] cosmic_applet::simple_sensors: 📊 GPU temperature: Some(35.0)
[DEBUG] cosmic_applet::simple_sensors: 📊 Temperature packet data - celsius: 37
[DEBUG] cosmic_applet::network::udp_receiver: 📊 Updated metrics for machine: Neptune (CPU: 3.5%, Mem: 36359397376/134819328000 bytes)
[DEBUG] cosmic_applet: 🔄 RefreshMetrics: machine 'Neptune' CPU=3.5%, mem=36359397376/134819328000
[DEBUG] cosmic_applet: 🖼️  Rendering Panel: machine 'Neptune' CPU=3.5%, mem=36359397376/134819328000
[DEBUG] cosmic_applet: 🔄 RefreshMetrics: machine 'Neptune' CPU=3.5%, mem=36359397376/134819328000
[DEBUG] cosmic_applet: 🖼️  Rendering Panel: machine 'Neptune' CPU=3.5%, mem=36359397376/134819328000
[DEBUG] cosmic_applet::network::udp_receiver:   Tag offset in buffer: 360 (buffer len: 392)
[DEBUG] cosmic_applet::network::udp_receiver: 🔐 HMAC verification:
[DEBUG] cosmic_applet::network::udp_receiver:   Secret key (first 8 bytes): [30, 30, 30, 30, 30, 30, 30, 30]
[DEBUG] cosmic_applet::network::udp_receiver:   Received tag:  [62, c3, 3e, bd, a6, 9a, 41, 68]
[DEBUG] cosmic_applet::network::udp_receiver:   Computed tag:  [62, c3, 3e, bd, a6, 9a, 41, 68]
[DEBUG] cosmic_applet::network::udp_receiver:   ✓ Tags match
[DEBUG] cosmic_applet::simple_sensors: 📊 CPU packet data - usage: 3.3%, temp: Some(37.0)
[DEBUG] cosmic_applet::simple_sensors: 📊 Memory packet data - used: 36358717440 bytes, total: 134819328000 bytes
[DEBUG] cosmic_applet::simple_sensors: 📊 GPU VRAM used: 3309 MB → 3469737984 bytes
[DEBUG] cosmic_applet::simple_sensors: 📊 GPU VRAM total: 24564 MB → 25757220864 bytes
[DEBUG] cosmic_applet::simple_sensors: 📊 GPU load percent: Some(11.0)
[DEBUG] cosmic_applet::simple_sensors: 📊 GPU temperature: Some(35.0)
[DEBUG] cosmic_applet::simple_sensors: 📊 Temperature packet data - celsius: 37
[DEBUG] cosmic_applet::network::udp_receiver: 📊 Updated metrics for machine: Neptune (CPU: 3.3%, Mem: 36358717440/134819328000 bytes)
[DEBUG] cosmic_applet: 🔄 RefreshMetrics: machine 'Neptune' CPU=3.3%, mem=36358717440/134819328000
[DEBUG] cosmic_applet: 🖼️  Rendering Panel: machine 'Neptune' CPU=3.3%, mem=36358717440/134819328000
[DEBUG] cosmic_applet: 🔄 RefreshMetrics: machine 'Neptune' CPU=3.3%, mem=36358717440/134819328000
[DEBUG] cosmic_applet: 🖼️  Rendering Panel: machine 'Neptune' CPU=3.3%, mem=36358717440/134819328000
[DEBUG] cosmic_applet::network::udp_receiver:   Tag offset in buffer: 360 (buffer len: 392)
[DEBUG] cosmic_applet::network::udp_receiver: 🔐 HMAC verification:
[DEBUG] cosmic_applet::network::udp_receiver:   Secret key (first 8 bytes): [30, 30, 30, 30, 30, 30, 30, 30]
[DEBUG] cosmic_applet::network::udp_receiver:   Received tag:  [dc, 51, 78, 8d, 78, f8, 3a, 15]
[DEBUG] cosmic_applet::network::udp_receiver:   Computed tag:  [dc, 51, 78, 8d, 78, f8, 3a, 15]
[DEBUG] cosmic_applet::network::udp_receiver:   ✓ Tags match
[DEBUG] cosmic_applet::simple_sensors: 📊 CPU packet data - usage: 9.5%, temp: Some(45.0)
[DEBUG] cosmic_applet::simple_sensors: 📊 Memory packet data - used: 36563099648 bytes, total: 134819328000 bytes
[DEBUG] cosmic_applet::simple_sensors: 📊 GPU VRAM used: 3311 MB → 3471835136 bytes
[DEBUG] cosmic_applet::simple_sensors: 📊 GPU VRAM total: 24564 MB → 25757220864 bytes
[DEBUG] cosmic_applet::simple_sensors: 📊 GPU load percent: Some(14.0)
[DEBUG] cosmic_applet::simple_sensors: 📊 GPU temperature: Some(35.0)
[DEBUG] cosmic_applet::simple_sensors: 📊 Temperature packet data - celsius: 45
[DEBUG] cosmic_applet::network::udp_receiver: 📊 Updated metrics for machine: Neptune (CPU: 9.5%, Mem: 36563099648/134819328000 bytes)
[DEBUG] cosmic_applet: 🔄 RefreshMetrics: machine 'Neptune' CPU=9.5%, mem=36563099648/134819328000
[DEBUG] cosmic_applet: 🖼️  Rendering Panel: machine 'Neptune' CPU=9.5%, mem=36563099648/134819328000
[DEBUG] cosmic_applet: 🔄 RefreshMetrics: machine 'Neptune' CPU=9.5%, mem=36563099648/134819328000
[DEBUG] cosmic_applet: 🖼️  Rendering Panel: machine 'Neptune' CPU=9.5%, mem=36563099648/134819328000
[DEBUG] cosmic_applet::network::udp_receiver:   Tag offset in buffer: 360 (buffer len: 392)
[DEBUG] cosmic_applet::network::udp_receiver: 🔐 HMAC verification:
[DEBUG] cosmic_applet::network::udp_receiver:   Secret key (first 8 bytes): [30, 30, 30, 30, 30, 30, 30, 30]
[DEBUG] cosmic_applet::network::udp_receiver:   Received tag:  [71, ad, de, 2f, 12, bf, 07, c6]
[DEBUG] cosmic_applet::network::udp_receiver:   Computed tag:  [71, ad, de, 2f, 12, bf, 07, c6]
[DEBUG] cosmic_applet::network::udp_receiver:   ✓ Tags match
[DEBUG] cosmic_applet::simple_sensors: 📊 CPU packet data - usage: 10.1%, temp: Some(72.0)
[DEBUG] cosmic_applet::simple_sensors: 📊 Memory packet data - used: 36354985984 bytes, total: 134819328000 bytes
[DEBUG] cosmic_applet::simple_sensors: 📊 GPU VRAM used: 3336 MB → 3498049536 bytes
[DEBUG] cosmic_applet::simple_sensors: 📊 GPU VRAM total: 24564 MB → 25757220864 bytes
[DEBUG] cosmic_applet::simple_sensors: 📊 GPU load percent: Some(10.0)
[DEBUG] cosmic_applet::simple_sensors: 📊 GPU temperature: Some(35.0)
[DEBUG] cosmic_applet::simple_sensors: 📊 Temperature packet data - celsius: 72
[DEBUG] cosmic_applet::network::udp_receiver: 📊 Updated metrics for machine: Neptune (CPU: 10.1%, Mem: 36354985984/134819328000 bytes)
[DEBUG] cosmic_applet: 🔄 RefreshMetrics: machine 'Neptune' CPU=10.1%, mem=36354985984/134819328000
[DEBUG] cosmic_applet: 🖼️  Rendering Panel: machine 'Neptune' CPU=10.1%, mem=36354985984/134819328000
[DEBUG] cosmic_applet: 🔄 RefreshMetrics: machine 'Neptune' CPU=10.1%, mem=36354985984/134819328000
[DEBUG] cosmic_applet: 🖼️  Rendering Panel: machine 'Neptune' CPU=10.1%, mem=36354985984/134819328000
[DEBUG] cosmic_applet::network::udp_receiver:   Tag offset in buffer: 360 (buffer len: 392)
[DEBUG] cosmic_applet::network::udp_receiver: 🔐 HMAC verification:
[DEBUG] cosmic_applet::network::udp_receiver:   Secret key (first 8 bytes): [30, 30, 30, 30, 30, 30, 30, 30]
[DEBUG] cosmic_applet::network::udp_receiver:   Received tag:  [5a, 04, 84, 97, a7, 58, 30, 22]
[DEBUG] cosmic_applet::network::udp_receiver:   Computed tag:  [5a, 04, 84, 97, a7, 58, 30, 22]
[DEBUG] cosmic_applet::network::udp_receiver:   ✓ Tags match
[DEBUG] cosmic_applet::simple_sensors: 📊 CPU packet data - usage: 8.5%, temp: Some(72.0)
[DEBUG] cosmic_applet::simple_sensors: 📊 Memory packet data - used: 36357029888 bytes, total: 134819328000 bytes
[DEBUG] cosmic_applet::simple_sensors: 📊 GPU VRAM used: 3335 MB → 3497000960 bytes
[DEBUG] cosmic_applet::simple_sensors: 📊 GPU VRAM total: 24564 MB → 25757220864 bytes
[DEBUG] cosmic_applet::simple_sensors: 📊 GPU load percent: Some(3.0)
[DEBUG] cosmic_applet::simple_sensors: 📊 GPU temperature: Some(37.0)
[DEBUG] cosmic_applet::simple_sensors: 📊 Temperature packet data - celsius: 72
[DEBUG] cosmic_applet::network::udp_receiver: 📊 Updated metrics for machine: Neptune (CPU: 8.5%, Mem: 36357029888/134819328000 bytes)
[DEBUG] cosmic_applet: 🔄 RefreshMetrics: machine 'Neptune' CPU=8.5%, mem=36357029888/134819328000
[DEBUG] cosmic_applet: 🖼️  Rendering Panel: machine 'Neptune' CPU=8.5%, mem=36357029888/134819328000
[DEBUG] cosmic_applet: 🔄 RefreshMetrics: machine 'Neptune' CPU=8.5%, mem=36357029888/134819328000
[DEBUG] cosmic_applet: 🖼️  Rendering Panel: machine 'Neptune' CPU=8.5%, mem=36357029888/134819328000
[DEBUG] cosmic_applet::network::udp_receiver:   Tag offset in buffer: 360 (buffer len: 392)
[DEBUG] cosmic_applet::network::udp_receiver: 🔐 HMAC verification:
[DEBUG] cosmic_applet::network::udp_receiver:   Secret key (first 8 bytes): [30, 30, 30, 30, 30, 30, 30, 30]
[DEBUG] cosmic_applet::network::udp_receiver:   Received tag:  [05, 49, ec, 9f, 54, fe, f5, 07]
[DEBUG] cosmic_applet::network::udp_receiver:   Computed tag:  [05, 49, ec, 9f, 54, fe, f5, 07]
[DEBUG] cosmic_applet::network::udp_receiver:   ✓ Tags match
[DEBUG] cosmic_applet::simple_sensors: 📊 CPU packet data - usage: 3.7%, temp: Some(67.0)
[DEBUG] cosmic_applet::simple_sensors: 📊 Memory packet data - used: 36359036928 bytes, total: 134819328000 bytes
[DEBUG] cosmic_applet::simple_sensors: 📊 GPU VRAM used: 3333 MB → 3494903808 bytes
[DEBUG] cosmic_applet::simple_sensors: 📊 GPU VRAM total: 24564 MB → 25757220864 bytes
[DEBUG] cosmic_applet::simple_sensors: 📊 GPU load percent: Some(2.0)
[DEBUG] cosmic_applet::simple_sensors: 📊 GPU temperature: Some(37.0)
[DEBUG] cosmic_applet::simple_sensors: 📊 Temperature packet data - celsius: 67
[DEBUG] cosmic_applet::network::udp_receiver: 📊 Updated metrics for machine: Neptune (CPU: 3.7%, Mem: 36359036928/134819328000 bytes)
[DEBUG] cosmic_applet: 🔄 RefreshMetrics: machine 'Neptune' CPU=3.7%, mem=36359036928/134819328000
[DEBUG] cosmic_applet: 🖼️  Rendering Panel: machine 'Neptune' CPU=3.7%, mem=36359036928/134819328000
[DEBUG] cosmic_applet: 🔄 RefreshMetrics: machine 'Neptune' CPU=3.7%, mem=36359036928/134819328000
[DEBUG] cosmic_applet: 🖼️  Rendering Panel: machine 'Neptune' CPU=3.7%, mem=36359036928/134819328000
[DEBUG] cosmic_applet::network::udp_receiver:   Tag offset in buffer: 360 (buffer len: 392)
[DEBUG] cosmic_applet::network::udp_receiver: 🔐 HMAC verification:
[DEBUG] cosmic_applet::network::udp_receiver:   Secret key (first 8 bytes): [30, 30, 30, 30, 30, 30, 30, 30]
[DEBUG] cosmic_applet::network::udp_receiver:   Received tag:  [0b, 1d, f7, 17, 5e, 74, a5, 97]
[DEBUG] cosmic_applet::network::udp_receiver:   Computed tag:  [0b, 1d, f7, 17, 5e, 74, a5, 97]
[DEBUG] cosmic_applet::network::udp_receiver:   ✓ Tags match
[DEBUG] cosmic_applet::simple_sensors: 📊 CPU packet data - usage: 3.0%, temp: Some(37.0)
[DEBUG] cosmic_applet::simple_sensors: 📊 Memory packet data - used: 36362194944 bytes, total: 134819328000 bytes
[DEBUG] cosmic_applet::simple_sensors: 📊 GPU VRAM used: 3332 MB → 3493855232 bytes
[DEBUG] cosmic_applet::simple_sensors: 📊 GPU VRAM total: 24564 MB → 25757220864 bytes
[DEBUG] cosmic_applet::simple_sensors: 📊 GPU load percent: Some(4.0)
[DEBUG] cosmic_applet::simple_sensors: 📊 GPU temperature: Some(36.0)
[DEBUG] cosmic_applet::simple_sensors: 📊 Temperature packet data - celsius: 37
[DEBUG] cosmic_applet::network::udp_receiver: 📊 Updated metrics for machine: Neptune (CPU: 3.0%, Mem: 36362194944/134819328000 bytes)
[DEBUG] cosmic_applet: 🔄 RefreshMetrics: machine 'Neptune' CPU=3.0%, mem=36362194944/134819328000
[DEBUG] cosmic_applet: 🖼️  Rendering Panel: machine 'Neptune' CPU=3.0%, mem=36362194944/134819328000
[DEBUG] cosmic_applet: 🔄 RefreshMetrics: machine 'Neptune' CPU=3.0%, mem=36362194944/134819328000
[DEBUG] cosmic_applet: 🖼️  Rendering Panel: machine 'Neptune' CPU=3.0%, mem=36362194944/134819328000
[DEBUG] cosmic_applet::network::udp_receiver:   Tag offset in buffer: 360 (buffer len: 392)
[DEBUG] cosmic_applet::network::udp_receiver: 🔐 HMAC verification:
[DEBUG] cosmic_applet::network::udp_receiver:   Secret key (first 8 bytes): [30, 30, 30, 30, 30, 30, 30, 30]
[DEBUG] cosmic_applet::network::udp_receiver:   Received tag:  [06, b9, 1a, 2e, 28, da, 0b, 69]
[DEBUG] cosmic_applet::network::udp_receiver:   Computed tag:  [06, b9, 1a, 2e, 28, da, 0b, 69]
[DEBUG] cosmic_applet::network::udp_receiver:   ✓ Tags match
[DEBUG] cosmic_applet::simple_sensors: 📊 CPU packet data - usage: 5.8%, temp: Some(41.0)
[DEBUG] cosmic_applet::simple_sensors: 📊 Memory packet data - used: 36288688128 bytes, total: 134819328000 bytes
[DEBUG] cosmic_applet::simple_sensors: 📊 GPU VRAM used: 3335 MB → 3497000960 bytes
[DEBUG] cosmic_applet::simple_sensors: 📊 GPU VRAM total: 24564 MB → 25757220864 bytes
[DEBUG] cosmic_applet::simple_sensors: 📊 GPU load percent: Some(8.0)
[DEBUG] cosmic_applet::simple_sensors: 📊 GPU temperature: Some(36.0)
[DEBUG] cosmic_applet::simple_sensors: 📊 Temperature packet data - celsius: 41
[DEBUG] cosmic_applet::network::udp_receiver: 📊 Updated metrics for machine: Neptune (CPU: 5.8%, Mem: 36288688128/134819328000 bytes)
[DEBUG] cosmic_applet: 🔄 RefreshMetrics: machine 'Neptune' CPU=5.8%, mem=36288688128/134819328000
[DEBUG] cosmic_applet: 🖼️  Rendering Panel: machine 'Neptune' CPU=5.8%, mem=36288688128/134819328000
[DEBUG] cosmic_applet: 🔄 RefreshMetrics: machine 'Neptune' CPU=5.8%, mem=36288688128/134819328000
[DEBUG] cosmic_applet: 🖼️  Rendering Panel: machine 'Neptune' CPU=5.8%, mem=36288688128/134819328000
[DEBUG] cosmic_applet::network::udp_receiver:   Tag offset in buffer: 360 (buffer len: 392)
[DEBUG] cosmic_applet::network::udp_receiver: 🔐 HMAC verification:
[DEBUG] cosmic_applet::network::udp_receiver:   Secret key (first 8 bytes): [30, 30, 30, 30, 30, 30, 30, 30]
[DEBUG] cosmic_applet::network::udp_receiver:   Received tag:  [ee, 45, 46, 6c, e2, 9e, 5b, e1]
[DEBUG] cosmic_applet::network::udp_receiver:   Computed tag:  [ee, 45, 46, 6c, e2, 9e, 5b, e1]
[DEBUG] cosmic_applet::network::udp_receiver:   ✓ Tags match
[DEBUG] cosmic_applet::simple_sensors: 📊 CPU packet data - usage: 5.4%, temp: Some(43.0)
[DEBUG] cosmic_applet::simple_sensors: 📊 Memory packet data - used: 36292694016 bytes, total: 134819328000 bytes
[DEBUG] cosmic_applet::simple_sensors: 📊 GPU VRAM used: 3318 MB → 3479175168 bytes
[DEBUG] cosmic_applet::simple_sensors: 📊 GPU VRAM total: 24564 MB → 25757220864 bytes
[DEBUG] cosmic_applet::simple_sensors: 📊 GPU load percent: Some(7.0)
[DEBUG] cosmic_applet::simple_sensors: 📊 GPU temperature: Some(35.0)
[DEBUG] cosmic_applet::simple_sensors: 📊 Temperature packet data - celsius: 43
[DEBUG] cosmic_applet::network::udp_receiver: 📊 Updated metrics for machine: Neptune (CPU: 5.4%, Mem: 36292694016/134819328000 bytes)
[DEBUG] cosmic_applet: 🔄 RefreshMetrics: machine 'Neptune' CPU=5.4%, mem=36292694016/134819328000
[DEBUG] cosmic_applet: 🖼️  Rendering Panel: machine 'Neptune' CPU=5.4%, mem=36292694016/134819328000
[DEBUG] cosmic_applet: 🔄 RefreshMetrics: machine 'Neptune' CPU=5.4%, mem=36292694016/134819328000
[DEBUG] cosmic_applet: 🖼️  Rendering Panel: machine 'Neptune' CPU=5.4%, mem=36292694016/134819328000
[DEBUG] cosmic_applet::network::udp_receiver:   Tag offset in buffer: 360 (buffer len: 392)
[DEBUG] cosmic_applet::network::udp_receiver: 🔐 HMAC verification:
[DEBUG] cosmic_applet::network::udp_receiver:   Secret key (first 8 bytes): [30, 30, 30, 30, 30, 30, 30, 30]
[DEBUG] cosmic_applet::network::udp_receiver:   Received tag:  [1f, e2, 23, 27, 18, 55, 0c, 09]
[DEBUG] cosmic_applet::network::udp_receiver:   Computed tag:  [1f, e2, 23, 27, 18, 55, 0c, 09]
[DEBUG] cosmic_applet::network::udp_receiver:   ✓ Tags match
[DEBUG] cosmic_applet::simple_sensors: 📊 CPU packet data - usage: 4.1%, temp: Some(37.0)
[DEBUG] cosmic_applet::simple_sensors: 📊 Memory packet data - used: 36303486976 bytes, total: 134819328000 bytes
[DEBUG] cosmic_applet::simple_sensors: 📊 GPU VRAM used: 3318 MB → 3479175168 bytes
[DEBUG] cosmic_applet::simple_sensors: 📊 GPU VRAM total: 24564 MB → 25757220864 bytes
[DEBUG] cosmic_applet::simple_sensors: 📊 GPU load percent: Some(10.0)
[DEBUG] cosmic_applet::simple_sensors: 📊 GPU temperature: Some(35.0)
[DEBUG] cosmic_applet::simple_sensors: 📊 Temperature packet data - celsius: 37
[DEBUG] cosmic_applet::network::udp_receiver: 📊 Updated metrics for machine: Neptune (CPU: 4.1%, Mem: 36303486976/134819328000 bytes)
[DEBUG] cosmic_applet: 🔄 RefreshMetrics: machine 'Neptune' CPU=4.1%, mem=36303486976/134819328000
[DEBUG] cosmic_applet: 🖼️  Rendering Panel: machine 'Neptune' CPU=4.1%, mem=36303486976/134819328000
[DEBUG] cosmic_applet: 🔄 RefreshMetrics: machine 'Neptune' CPU=4.1%, mem=36303486976/134819328000
[DEBUG] cosmic_applet: 🖼️  Rendering Panel: machine 'Neptune' CPU=4.1%, mem=36303486976/134819328000
[DEBUG] cosmic_applet::network::udp_receiver:   Tag offset in buffer: 360 (buffer len: 392)
[DEBUG] cosmic_applet::network::udp_receiver: 🔐 HMAC verification:
[DEBUG] cosmic_applet::network::udp_receiver:   Secret key (first 8 bytes): [30, 30, 30, 30, 30, 30, 30, 30]
[DEBUG] cosmic_applet::network::udp_receiver:   Received tag:  [4f, 6f, a3, 2c, c9, 5f, d5, bc]
[DEBUG] cosmic_applet::network::udp_receiver:   Computed tag:  [4f, 6f, a3, 2c, c9, 5f, d5, bc]
[DEBUG] cosmic_applet::network::udp_receiver:   ✓ Tags match
[DEBUG] cosmic_applet::simple_sensors: 📊 CPU packet data - usage: 3.3%, temp: Some(37.0)
[DEBUG] cosmic_applet::simple_sensors: 📊 Memory packet data - used: 36297064448 bytes, total: 134819328000 bytes
[DEBUG] cosmic_applet::simple_sensors: 📊 GPU VRAM used: 3320 MB → 3481272320 bytes
[DEBUG] cosmic_applet::simple_sensors: 📊 GPU VRAM total: 24564 MB → 25757220864 bytes
[DEBUG] cosmic_applet::simple_sensors: 📊 GPU load percent: Some(10.0)
[DEBUG] cosmic_applet::simple_sensors: 📊 GPU temperature: Some(35.0)
[DEBUG] cosmic_applet::simple_sensors: 📊 Temperature packet data - celsius: 37
[DEBUG] cosmic_applet::network::udp_receiver: 📊 Updated metrics for machine: Neptune (CPU: 3.3%, Mem: 36297064448/134819328000 bytes)
[DEBUG] cosmic_applet: 🔄 RefreshMetrics: machine 'Neptune' CPU=3.3%, mem=36297064448/134819328000
[DEBUG] cosmic_applet: 🖼️  Rendering Panel: machine 'Neptune' CPU=3.3%, mem=36297064448/134819328000
[DEBUG] cosmic_applet: 🔄 RefreshMetrics: machine 'Neptune' CPU=3.3%, mem=36297064448/134819328000
[DEBUG] cosmic_applet: 🖼️  Rendering Panel: machine 'Neptune' CPU=3.3%, mem=36297064448/134819328000
[DEBUG] cosmic_applet::network::udp_receiver:   Tag offset in buffer: 360 (buffer len: 392)
[DEBUG] cosmic_applet::network::udp_receiver: 🔐 HMAC verification:
[DEBUG] cosmic_applet::network::udp_receiver:   Secret key (first 8 bytes): [30, 30, 30, 30, 30, 30, 30, 30]
[DEBUG] cosmic_applet::network::udp_receiver:   Received tag:  [6c, 27, a9, ea, 9b, 22, db, 6b]
[DEBUG] cosmic_applet::network::udp_receiver:   Computed tag:  [6c, 27, a9, ea, 9b, 22, db, 6b]
[DEBUG] cosmic_applet::network::udp_receiver:   ✓ Tags match
[DEBUG] cosmic_applet::simple_sensors: 📊 CPU packet data - usage: 3.6%, temp: Some(61.0)
[DEBUG] cosmic_applet::simple_sensors: 📊 Memory packet data - used: 36295700480 bytes, total: 134819328000 bytes
[DEBUG] cosmic_applet::simple_sensors: 📊 GPU VRAM used: 3320 MB → 3481272320 bytes
[DEBUG] cosmic_applet::simple_sensors: 📊 GPU VRAM total: 24564 MB → 25757220864 bytes
[DEBUG] cosmic_applet::simple_sensors: 📊 GPU load percent: Some(11.0)
[DEBUG] cosmic_applet::simple_sensors: 📊 GPU temperature: Some(35.0)
[DEBUG] cosmic_applet::simple_sensors: 📊 Temperature packet data - celsius: 61
[DEBUG] cosmic_applet::network::udp_receiver: 📊 Updated metrics for machine: Neptune (CPU: 3.6%, Mem: 36295700480/134819328000 bytes)
[DEBUG] cosmic_applet: 🔄 RefreshMetrics: machine 'Neptune' CPU=3.6%, mem=36295700480/134819328000
[DEBUG] cosmic_applet: 🖼️  Rendering Panel: machine 'Neptune' CPU=3.6%, mem=36295700480/134819328000
[DEBUG] cosmic_applet: 🔄 RefreshMetrics: machine 'Neptune' CPU=3.6%, mem=36295700480/134819328000
[DEBUG] cosmic_applet: 🖼️  Rendering Panel: machine 'Neptune' CPU=3.6%, mem=36295700480/134819328000
[DEBUG] cosmic_applet::network::udp_receiver:   Tag offset in buffer: 360 (buffer len: 392)
[DEBUG] cosmic_applet::network::udp_receiver: 🔐 HMAC verification:
[DEBUG] cosmic_applet::network::udp_receiver:   Secret key (first 8 bytes): [30, 30, 30, 30, 30, 30, 30, 30]
[DEBUG] cosmic_applet::network::udp_receiver:   Received tag:  [f4, d8, db, 0c, 2f, 2e, de, c6]
[DEBUG] cosmic_applet::network::udp_receiver:   Computed tag:  [f4, d8, db, 0c, 2f, 2e, de, c6]
[DEBUG] cosmic_applet::network::udp_receiver:   ✓ Tags match
[DEBUG] cosmic_applet::simple_sensors: 📊 CPU packet data - usage: 4.0%, temp: Some(40.0)
[DEBUG] cosmic_applet::simple_sensors: 📊 Memory packet data - used: 36308652032 bytes, total: 134819328000 bytes
[DEBUG] cosmic_applet::simple_sensors: 📊 GPU VRAM used: 3318 MB → 3479175168 bytes
[DEBUG] cosmic_applet::simple_sensors: 📊 GPU VRAM total: 24564 MB → 25757220864 bytes
[DEBUG] cosmic_applet::simple_sensors: 📊 GPU load percent: Some(12.0)
[DEBUG] cosmic_applet::simple_sensors: 📊 GPU temperature: Some(35.0)
[DEBUG] cosmic_applet::simple_sensors: 📊 Temperature packet data - celsius: 40
[DEBUG] cosmic_applet::network::udp_receiver: 📊 Updated metrics for machine: Neptune (CPU: 4.0%, Mem: 36308652032/134819328000 bytes)
[DEBUG] cosmic_applet: 🔄 RefreshMetrics: machine 'Neptune' CPU=4.0%, mem=36308652032/134819328000
[DEBUG] cosmic_applet: 🖼️  Rendering Panel: machine 'Neptune' CPU=4.0%, mem=36308652032/134819328000
[DEBUG] cosmic_applet: 🔄 RefreshMetrics: machine 'Neptune' CPU=4.0%, mem=36308652032/134819328000
[DEBUG] cosmic_applet: 🖼️  Rendering Panel: machine 'Neptune' CPU=4.0%, mem=36308652032/134819328000
[DEBUG] cosmic_applet::network::udp_receiver:   Tag offset in buffer: 360 (buffer len: 392)
[DEBUG] cosmic_applet::network::udp_receiver: 🔐 HMAC verification:
[DEBUG] cosmic_applet::network::udp_receiver:   Secret key (first 8 bytes): [30, 30, 30, 30, 30, 30, 30, 30]
[DEBUG] cosmic_applet::network::udp_receiver:   Received tag:  [07, 02, 87, f9, d1, ec, 75, 16]
[DEBUG] cosmic_applet::network::udp_receiver:   Computed tag:  [07, 02, 87, f9, d1, ec, 75, 16]
[DEBUG] cosmic_applet::network::udp_receiver:   ✓ Tags match
[DEBUG] cosmic_applet::simple_sensors: 📊 CPU packet data - usage: 3.8%, temp: Some(62.0)
[DEBUG] cosmic_applet::simple_sensors: 📊 Memory packet data - used: 36307046400 bytes, total: 134819328000 bytes
[DEBUG] cosmic_applet::simple_sensors: 📊 GPU VRAM used: 3336 MB → 3498049536 bytes
[DEBUG] cosmic_applet::simple_sensors: 📊 GPU VRAM total: 24564 MB → 25757220864 bytes
[DEBUG] cosmic_applet::simple_sensors: 📊 GPU load percent: Some(8.0)
[DEBUG] cosmic_applet::simple_sensors: 📊 GPU temperature: Some(35.0)
[DEBUG] cosmic_applet::simple_sensors: 📊 Temperature packet data - celsius: 62
[DEBUG] cosmic_applet::network::udp_receiver: 📊 Updated metrics for machine: Neptune (CPU: 3.8%, Mem: 36307046400/134819328000 bytes)
[DEBUG] cosmic_applet: 🔄 RefreshMetrics: machine 'Neptune' CPU=3.8%, mem=36307046400/134819328000
[DEBUG] cosmic_applet: 🖼️  Rendering Panel: machine 'Neptune' CPU=3.8%, mem=36307046400/134819328000
[DEBUG] cosmic_applet: 🔄 RefreshMetrics: machine 'Neptune' CPU=3.8%, mem=36307046400/134819328000
[DEBUG] cosmic_applet: 🖼️  Rendering Panel: machine 'Neptune' CPU=3.8%, mem=36307046400/134819328000
[DEBUG] cosmic_applet::network::udp_receiver:   Tag offset in buffer: 360 (buffer len: 392)
[DEBUG] cosmic_applet::network::udp_receiver: 🔐 HMAC verification:
[DEBUG] cosmic_applet::network::udp_receiver:   Secret key (first 8 bytes): [30, 30, 30, 30, 30, 30, 30, 30]
[DEBUG] cosmic_applet::network::udp_receiver:   Received tag:  [a8, b5, 43, ca, e6, 8c, ab, 47]
[DEBUG] cosmic_applet::network::udp_receiver:   Computed tag:  [a8, b5, 43, ca, e6, 8c, ab, 47]
[DEBUG] cosmic_applet::network::udp_receiver:   ✓ Tags match
[DEBUG] cosmic_applet::simple_sensors: 📊 CPU packet data - usage: 4.7%, temp: Some(62.0)
[DEBUG] cosmic_applet::simple_sensors: 📊 Memory packet data - used: 36309229568 bytes, total: 134819328000 bytes
[DEBUG] cosmic_applet::simple_sensors: 📊 GPU VRAM used: 3334 MB → 3495952384 bytes
[DEBUG] cosmic_applet::simple_sensors: 📊 GPU VRAM total: 24564 MB → 25757220864 bytes
[DEBUG] cosmic_applet::simple_sensors: 📊 GPU load percent: Some(7.0)
[DEBUG] cosmic_applet::simple_sensors: 📊 GPU temperature: Some(35.0)
[DEBUG] cosmic_applet::simple_sensors: 📊 Temperature packet data - celsius: 62
[DEBUG] cosmic_applet::network::udp_receiver: 📊 Updated metrics for machine: Neptune (CPU: 4.7%, Mem: 36309229568/134819328000 bytes)
[DEBUG] cosmic_applet: 🔄 RefreshMetrics: machine 'Neptune' CPU=4.7%, mem=36309229568/134819328000
[DEBUG] cosmic_applet: 🖼️  Rendering Panel: machine 'Neptune' CPU=4.7%, mem=36309229568/134819328000
[DEBUG] cosmic_applet: 🔄 RefreshMetrics: machine 'Neptune' CPU=4.7%, mem=36309229568/134819328000
[DEBUG] cosmic_applet: 🖼️  Rendering Panel: machine 'Neptune' CPU=4.7%, mem=36309229568/134819328000
[DEBUG] cosmic_applet::network::udp_receiver:   Tag offset in buffer: 360 (buffer len: 392)
[DEBUG] cosmic_applet::network::udp_receiver: 🔐 HMAC verification:
[DEBUG] cosmic_applet::network::udp_receiver:   Secret key (first 8 bytes): [30, 30, 30, 30, 30, 30, 30, 30]
[DEBUG] cosmic_applet::network::udp_receiver:   Received tag:  [26, 30, 68, 42, 6a, 1f, 2b, 1c]
[DEBUG] cosmic_applet::network::udp_receiver:   Computed tag:  [26, 30, 68, 42, 6a, 1f, 2b, 1c]
[DEBUG] cosmic_applet::network::udp_receiver:   ✓ Tags match
[DEBUG] cosmic_applet::simple_sensors: 📊 CPU packet data - usage: 2.3%, temp: Some(62.0)
[DEBUG] cosmic_applet::simple_sensors: 📊 Memory packet data - used: 36282703872 bytes, total: 134819328000 bytes
[DEBUG] cosmic_applet::simple_sensors: 📊 GPU VRAM used: 3332 MB → 3493855232 bytes
[DEBUG] cosmic_applet::simple_sensors: 📊 GPU VRAM total: 24564 MB → 25757220864 bytes
[DEBUG] cosmic_applet::simple_sensors: 📊 GPU load percent: Some(0.0)
[DEBUG] cosmic_applet::simple_sensors: 📊 GPU temperature: Some(35.0)
[DEBUG] cosmic_applet::simple_sensors: 📊 Temperature packet data - celsius: 62
[DEBUG] cosmic_applet::network::udp_receiver: 📊 Updated metrics for machine: Neptune (CPU: 2.3%, Mem: 36282703872/134819328000 bytes)
[DEBUG] cosmic_applet: 🔄 RefreshMetrics: machine 'Neptune' CPU=2.3%, mem=36282703872/134819328000
[DEBUG] cosmic_applet: 🖼️  Rendering Panel: machine 'Neptune' CPU=2.3%, mem=36282703872/134819328000
[DEBUG] cosmic_applet: 🔄 RefreshMetrics: machine 'Neptune' CPU=2.3%, mem=36282703872/134819328000
[DEBUG] cosmic_applet: 🖼️  Rendering Panel: machine 'Neptune' CPU=2.3%, mem=36282703872/134819328000
[DEBUG] cosmic_applet::network::udp_receiver:   Tag offset in buffer: 360 (buffer len: 392)
[DEBUG] cosmic_applet::network::udp_receiver: 🔐 HMAC verification:
[DEBUG] cosmic_applet::network::udp_receiver:   Secret key (first 8 bytes): [30, 30, 30, 30, 30, 30, 30, 30]
[DEBUG] cosmic_applet::network::udp_receiver:   Received tag:  [d2, 47, 1e, 15, 3b, 35, 15, f6]
[DEBUG] cosmic_applet::network::udp_receiver:   Computed tag:  [d2, 47, 1e, 15, 3b, 35, 15, f6]
[DEBUG] cosmic_applet::network::udp_receiver:   ✓ Tags match
[DEBUG] cosmic_applet::simple_sensors: 📊 CPU packet data - usage: 2.2%, temp: Some(36.0)
[DEBUG] cosmic_applet::simple_sensors: 📊 Memory packet data - used: 36283027456 bytes, total: 134819328000 bytes
[DEBUG] cosmic_applet::simple_sensors: 📊 GPU VRAM used: 3328 MB → 3489660928 bytes
[DEBUG] cosmic_applet::simple_sensors: 📊 GPU VRAM total: 24564 MB → 25757220864 bytes
[DEBUG] cosmic_applet::simple_sensors: 📊 GPU load percent: Some(7.0)
[DEBUG] cosmic_applet::simple_sensors: 📊 GPU temperature: Some(35.0)
[DEBUG] cosmic_applet::simple_sensors: 📊 Temperature packet data - celsius: 36
[DEBUG] cosmic_applet::network::udp_receiver: 📊 Updated metrics for machine: Neptune (CPU: 2.2%, Mem: 36283027456/134819328000 bytes)
[DEBUG] cosmic_applet: 🔄 RefreshMetrics: machine 'Neptune' CPU=2.2%, mem=36283027456/134819328000
[DEBUG] cosmic_applet: 🖼️  Rendering Panel: machine 'Neptune' CPU=2.2%, mem=36283027456/134819328000
[DEBUG] cosmic_applet: 🔄 RefreshMetrics: machine 'Neptune' CPU=2.2%, mem=36283027456/134819328000
[DEBUG] cosmic_applet: 🖼️  Rendering Panel: machine 'Neptune' CPU=2.2%, mem=36283027456/134819328000
[DEBUG] cosmic_applet::network::udp_receiver:   Tag offset in buffer: 360 (buffer len: 392)
[DEBUG] cosmic_applet::network::udp_receiver: 🔐 HMAC verification:
[DEBUG] cosmic_applet::network::udp_receiver:   Secret key (first 8 bytes): [30, 30, 30, 30, 30, 30, 30, 30]
[DEBUG] cosmic_applet::network::udp_receiver:   Received tag:  [69, d7, d9, 2a, 1a, 63, 88, b9]
[DEBUG] cosmic_applet::network::udp_receiver:   Computed tag:  [69, d7, d9, 2a, 1a, 63, 88, b9]
[DEBUG] cosmic_applet::network::udp_receiver:   ✓ Tags match
[DEBUG] cosmic_applet::simple_sensors: 📊 CPU packet data - usage: 2.9%, temp: Some(59.0)
[DEBUG] cosmic_applet::simple_sensors: 📊 Memory packet data - used: 36253433856 bytes, total: 134819328000 bytes
[DEBUG] cosmic_applet::simple_sensors: 📊 GPU VRAM used: 3328 MB → 3489660928 bytes
[DEBUG] cosmic_applet::simple_sensors: 📊 GPU VRAM total: 24564 MB → 25757220864 bytes
[DEBUG] cosmic_applet::simple_sensors: 📊 GPU load percent: Some(1.0)
[DEBUG] cosmic_applet::simple_sensors: 📊 GPU temperature: Some(35.0)
[DEBUG] cosmic_applet::simple_sensors: 📊 Temperature packet data - celsius: 59
[DEBUG] cosmic_applet::network::udp_receiver: 📊 Updated metrics for machine: Neptune (CPU: 2.9%, Mem: 36253433856/134819328000 bytes)
[DEBUG] cosmic_applet: 🔄 RefreshMetrics: machine 'Neptune' CPU=2.9%, mem=36253433856/134819328000
[DEBUG] cosmic_applet: 🖼️  Rendering Panel: machine 'Neptune' CPU=2.9%, mem=36253433856/134819328000
[DEBUG] cosmic_applet: 🔄 RefreshMetrics: machine 'Neptune' CPU=2.9%, mem=36253433856/134819328000
[DEBUG] cosmic_applet: 🖼️  Rendering Panel: machine 'Neptune' CPU=2.9%, mem=36253433856/134819328000
[DEBUG] cosmic_applet::network::udp_receiver:   Tag offset in buffer: 360 (buffer len: 392)
[DEBUG] cosmic_applet::network::udp_receiver: 🔐 HMAC verification:
[DEBUG] cosmic_applet::network::udp_receiver:   Secret key (first 8 bytes): [30, 30, 30, 30, 30, 30, 30, 30]
[DEBUG] cosmic_applet::network::udp_receiver:   Received tag:  [a4, 51, d7, c3, b1, 1d, 21, f8]
[DEBUG] cosmic_applet::network::udp_receiver:   Computed tag:  [a4, 51, d7, c3, b1, 1d, 21, f8]
[DEBUG] cosmic_applet::network::udp_receiver:   ✓ Tags match
[DEBUG] cosmic_applet::simple_sensors: 📊 CPU packet data - usage: 4.6%, temp: Some(36.0)
[DEBUG] cosmic_applet::simple_sensors: 📊 Memory packet data - used: 35998183424 bytes, total: 134819328000 bytes
[DEBUG] cosmic_applet::simple_sensors: 📊 GPU VRAM used: 3328 MB → 3489660928 bytes
[DEBUG] cosmic_applet::simple_sensors: 📊 GPU VRAM total: 24564 MB → 25757220864 bytes
[DEBUG] cosmic_applet::simple_sensors: 📊 GPU load percent: Some(1.0)
[DEBUG] cosmic_applet::simple_sensors: 📊 GPU temperature: Some(35.0)
[DEBUG] cosmic_applet::simple_sensors: 📊 Temperature packet data - celsius: 36
[DEBUG] cosmic_applet::network::udp_receiver: 📊 Updated metrics for machine: Neptune (CPU: 4.6%, Mem: 35998183424/134819328000 bytes)
[DEBUG] cosmic_applet: 🔄 RefreshMetrics: machine 'Neptune' CPU=4.6%, mem=35998183424/134819328000
[DEBUG] cosmic_applet: 🖼️  Rendering Panel: machine 'Neptune' CPU=4.6%, mem=35998183424/134819328000
[DEBUG] cosmic_applet: 🔄 RefreshMetrics: machine 'Neptune' CPU=4.6%, mem=35998183424/134819328000
[DEBUG] cosmic_applet: 🖼️  Rendering Panel: machine 'Neptune' CPU=4.6%, mem=35998183424/134819328000
[DEBUG] cosmic_applet::network::udp_receiver:   Tag offset in buffer: 360 (buffer len: 392)
[DEBUG] cosmic_applet::network::udp_receiver: 🔐 HMAC verification:
[DEBUG] cosmic_applet::network::udp_receiver:   Secret key (first 8 bytes): [30, 30, 30, 30, 30, 30, 30, 30]
[DEBUG] cosmic_applet::network::udp_receiver:   Received tag:  [5c, 42, 42, d2, f7, 51, f2, 04]
[DEBUG] cosmic_applet::network::udp_receiver:   Computed tag:  [5c, 42, 42, d2, f7, 51, f2, 04]
[DEBUG] cosmic_applet::network::udp_receiver:   ✓ Tags match
[DEBUG] cosmic_applet::simple_sensors: 📊 CPU packet data - usage: 2.1%, temp: Some(36.0)
[DEBUG] cosmic_applet::simple_sensors: 📊 Memory packet data - used: 35986386944 bytes, total: 134819328000 bytes
[DEBUG] cosmic_applet::simple_sensors: 📊 GPU VRAM used: 3306 MB → 3466592256 bytes
[DEBUG] cosmic_applet::simple_sensors: 📊 GPU VRAM total: 24564 MB → 25757220864 bytes
[DEBUG] cosmic_applet::simple_sensors: 📊 GPU load percent: Some(0.0)
[DEBUG] cosmic_applet::simple_sensors: 📊 GPU temperature: Some(35.0)
[DEBUG] cosmic_applet::simple_sensors: 📊 Temperature packet data - celsius: 36
[DEBUG] cosmic_applet::network::udp_receiver: 📊 Updated metrics for machine: Neptune (CPU: 2.1%, Mem: 35986386944/134819328000 bytes)
[DEBUG] cosmic_applet: 🔄 RefreshMetrics: machine 'Neptune' CPU=2.1%, mem=35986386944/134819328000
[DEBUG] cosmic_applet: 🖼️  Rendering Panel: machine 'Neptune' CPU=2.1%, mem=35986386944/134819328000
[DEBUG] cosmic_applet: 🔄 RefreshMetrics: machine 'Neptune' CPU=2.1%, mem=35986386944/134819328000
[DEBUG] cosmic_applet: 🖼️  Rendering Panel: machine 'Neptune' CPU=2.1%, mem=35986386944/134819328000
[DEBUG] cosmic_applet::network::udp_receiver:   Tag offset in buffer: 360 (buffer len: 392)
[DEBUG] cosmic_applet::network::udp_receiver: 🔐 HMAC verification:
[DEBUG] cosmic_applet::network::udp_receiver:   Secret key (first 8 bytes): [30, 30, 30, 30, 30, 30, 30, 30]
[DEBUG] cosmic_applet::network::udp_receiver:   Received tag:  [9c, 9e, 0d, ab, c5, 04, 92, e3]
[DEBUG] cosmic_applet::network::udp_receiver:   Computed tag:  [9c, 9e, 0d, ab, c5, 04, 92, e3]
[DEBUG] cosmic_applet::network::udp_receiver:   ✓ Tags match
[DEBUG] cosmic_applet::simple_sensors: 📊 CPU packet data - usage: 2.0%, temp: Some(35.0)
[DEBUG] cosmic_applet::simple_sensors: 📊 Memory packet data - used: 35977539584 bytes, total: 134819328000 bytes
[DEBUG] cosmic_applet::simple_sensors: 📊 GPU VRAM used: 3306 MB → 3466592256 bytes
[DEBUG] cosmic_applet::simple_sensors: 📊 GPU VRAM total: 24564 MB → 25757220864 bytes
[DEBUG] cosmic_applet::simple_sensors: 📊 GPU load percent: Some(9.0)
[DEBUG] cosmic_applet::simple_sensors: 📊 GPU temperature: Some(35.0)
[DEBUG] cosmic_applet::simple_sensors: 📊 Temperature packet data - celsius: 35
[DEBUG] cosmic_applet::network::udp_receiver: 📊 Updated metrics for machine: Neptune (CPU: 2.0%, Mem: 35977539584/134819328000 bytes)
[DEBUG] cosmic_applet: 🔄 RefreshMetrics: machine 'Neptune' CPU=2.0%, mem=35977539584/134819328000
[DEBUG] cosmic_applet: 🖼️  Rendering Panel: machine 'Neptune' CPU=2.0%, mem=35977539584/134819328000
[DEBUG] cosmic_applet: 🔄 RefreshMetrics: machine 'Neptune' CPU=2.0%, mem=35977539584/134819328000
[DEBUG] cosmic_applet: 🖼️  Rendering Panel: machine 'Neptune' CPU=2.0%, mem=35977539584/134819328000
[DEBUG] cosmic_applet::network::udp_receiver:   Tag offset in buffer: 360 (buffer len: 392)
[DEBUG] cosmic_applet::network::udp_receiver: 🔐 HMAC verification:
[DEBUG] cosmic_applet::network::udp_receiver:   Secret key (first 8 bytes): [30, 30, 30, 30, 30, 30, 30, 30]
[DEBUG] cosmic_applet::network::udp_receiver:   Received tag:  [fc, 22, da, 52, d0, e3, 27, a4]
[DEBUG] cosmic_applet::network::udp_receiver:   Computed tag:  [fc, 22, da, 52, d0, e3, 27, a4]
[DEBUG] cosmic_applet::network::udp_receiver:   ✓ Tags match
[DEBUG] cosmic_applet::simple_sensors: 📊 CPU packet data - usage: 2.4%, temp: Some(36.0)
[DEBUG] cosmic_applet::simple_sensors: 📊 Memory packet data - used: 35969236992 bytes, total: 134819328000 bytes
[DEBUG] cosmic_applet::simple_sensors: 📊 GPU VRAM used: 3306 MB → 3466592256 bytes
[DEBUG] cosmic_applet::simple_sensors: 📊 GPU VRAM total: 24564 MB → 25757220864 bytes
[DEBUG] cosmic_applet::simple_sensors: 📊 GPU load percent: Some(7.0)
[DEBUG] cosmic_applet::simple_sensors: 📊 GPU temperature: Some(35.0)
[DEBUG] cosmic_applet::simple_sensors: 📊 Temperature packet data - celsius: 36
[DEBUG] cosmic_applet::network::udp_receiver: 📊 Updated metrics for machine: Neptune (CPU: 2.4%, Mem: 35969236992/134819328000 bytes)
[DEBUG] cosmic_applet: 🔄 RefreshMetrics: machine 'Neptune' CPU=2.4%, mem=35969236992/134819328000
[DEBUG] cosmic_applet: 🖼️  Rendering Panel: machine 'Neptune' CPU=2.4%, mem=35969236992/134819328000
[DEBUG] cosmic_applet: 🔄 RefreshMetrics: machine 'Neptune' CPU=2.4%, mem=35969236992/134819328000
[DEBUG] cosmic_applet: 🖼️  Rendering Panel: machine 'Neptune' CPU=2.4%, mem=35969236992/134819328000
[DEBUG] cosmic_applet::network::udp_receiver:   Tag offset in buffer: 360 (buffer len: 392)
[DEBUG] cosmic_applet::network::udp_receiver: 🔐 HMAC verification:
[DEBUG] cosmic_applet::network::udp_receiver:   Secret key (first 8 bytes): [30, 30, 30, 30, 30, 30, 30, 30]
[DEBUG] cosmic_applet::network::udp_receiver:   Received tag:  [9f, d7, 13, 4f, f7, 69, 18, 00]
[DEBUG] cosmic_applet::network::udp_receiver:   Computed tag:  [9f, d7, 13, 4f, f7, 69, 18, 00]
[DEBUG] cosmic_applet::network::udp_receiver:   ✓ Tags match
[DEBUG] cosmic_applet::simple_sensors: 📊 CPU packet data - usage: 2.1%, temp: Some(36.0)
[DEBUG] cosmic_applet::simple_sensors: 📊 Memory packet data - used: 35957972992 bytes, total: 134819328000 bytes
[DEBUG] cosmic_applet::simple_sensors: 📊 GPU VRAM used: 3306 MB → 3466592256 bytes
[DEBUG] cosmic_applet::simple_sensors: 📊 GPU VRAM total: 24564 MB → 25757220864 bytes
[DEBUG] cosmic_applet::simple_sensors: 📊 GPU load percent: Some(0.0)
[DEBUG] cosmic_applet::simple_sensors: 📊 GPU temperature: Some(35.0)
[DEBUG] cosmic_applet::simple_sensors: 📊 Temperature packet data - celsius: 36
[DEBUG] cosmic_applet::network::udp_receiver: 📊 Updated metrics for machine: Neptune (CPU: 2.1%, Mem: 35957972992/134819328000 bytes)
[DEBUG] cosmic_applet: 🔄 RefreshMetrics: machine 'Neptune' CPU=2.1%, mem=35957972992/134819328000
[DEBUG] cosmic_applet: 🖼️  Rendering Panel: machine 'Neptune' CPU=2.1%, mem=35957972992/134819328000
[DEBUG] cosmic_applet: 🔄 RefreshMetrics: machine 'Neptune' CPU=2.1%, mem=35957972992/134819328000
[DEBUG] cosmic_applet: 🖼️  Rendering Panel: machine 'Neptune' CPU=2.1%, mem=35957972992/134819328000
[DEBUG] cosmic_applet::network::udp_receiver:   Tag offset in buffer: 360 (buffer len: 392)
[DEBUG] cosmic_applet::network::udp_receiver: 🔐 HMAC verification:
[DEBUG] cosmic_applet::network::udp_receiver:   Secret key (first 8 bytes): [30, 30, 30, 30, 30, 30, 30, 30]
[DEBUG] cosmic_applet::network::udp_receiver:   Received tag:  [d4, 62, 80, 2c, 7a, aa, 72, de]
[DEBUG] cosmic_applet::network::udp_receiver:   Computed tag:  [d4, 62, 80, 2c, 7a, aa, 72, de]
[DEBUG] cosmic_applet::network::udp_receiver:   ✓ Tags match
[DEBUG] cosmic_applet::simple_sensors: 📊 CPU packet data - usage: 2.3%, temp: Some(58.0)
[DEBUG] cosmic_applet::simple_sensors: 📊 Memory packet data - used: 35954315264 bytes, total: 134819328000 bytes
[DEBUG] cosmic_applet::simple_sensors: 📊 GPU VRAM used: 3306 MB → 3466592256 bytes
[DEBUG] cosmic_applet::simple_sensors: 📊 GPU VRAM total: 24564 MB → 25757220864 bytes
[DEBUG] cosmic_applet::simple_sensors: 📊 GPU load percent: Some(0.0)
[DEBUG] cosmic_applet::simple_sensors: 📊 GPU temperature: Some(35.0)
[DEBUG] cosmic_applet::simple_sensors: 📊 Temperature packet data - celsius: 58
[DEBUG] cosmic_applet::network::udp_receiver: 📊 Updated metrics for machine: Neptune (CPU: 2.3%, Mem: 35954315264/134819328000 bytes)
[DEBUG] cosmic_applet: 🔄 RefreshMetrics: machine 'Neptune' CPU=2.3%, mem=35954315264/134819328000
[DEBUG] cosmic_applet: 🖼️  Rendering Panel: machine 'Neptune' CPU=2.3%, mem=35954315264/134819328000
[DEBUG] cosmic_applet: 🔄 RefreshMetrics: machine 'Neptune' CPU=2.3%, mem=35954315264/134819328000
[DEBUG] cosmic_applet: 🖼️  Rendering Panel: machine 'Neptune' CPU=2.3%, mem=35954315264/134819328000
[DEBUG] cosmic_applet::network::udp_receiver:   Tag offset in buffer: 360 (buffer len: 392)
[DEBUG] cosmic_applet::network::udp_receiver: 🔐 HMAC verification:
[DEBUG] cosmic_applet::network::udp_receiver:   Secret key (first 8 bytes): [30, 30, 30, 30, 30, 30, 30, 30]
[DEBUG] cosmic_applet::network::udp_receiver:   Received tag:  [ba, 5c, b8, f4, df, bc, ba, d7]
[DEBUG] cosmic_applet::network::udp_receiver:   Computed tag:  [ba, 5c, b8, f4, df, bc, ba, d7]
[DEBUG] cosmic_applet::network::udp_receiver:   ✓ Tags match
[DEBUG] cosmic_applet::simple_sensors: 📊 CPU packet data - usage: 1.9%, temp: Some(36.0)
[DEBUG] cosmic_applet::simple_sensors: 📊 Memory packet data - used: 35952611328 bytes, total: 134819328000 bytes
[DEBUG] cosmic_applet::simple_sensors: 📊 GPU VRAM used: 3306 MB → 3466592256 bytes
[DEBUG] cosmic_applet::simple_sensors: 📊 GPU VRAM total: 24564 MB → 25757220864 bytes
[DEBUG] cosmic_applet::simple_sensors: 📊 GPU load percent: Some(0.0)
[DEBUG] cosmic_applet::simple_sensors: 📊 GPU temperature: Some(35.0)
[DEBUG] cosmic_applet::simple_sensors: 📊 Temperature packet data - celsius: 36
[DEBUG] cosmic_applet::network::udp_receiver: 📊 Updated metrics for machine: Neptune (CPU: 1.9%, Mem: 35952611328/134819328000 bytes)
[DEBUG] cosmic_applet: 🔄 RefreshMetrics: machine 'Neptune' CPU=1.9%, mem=35952611328/134819328000
[DEBUG] cosmic_applet: 🖼️  Rendering Panel: machine 'Neptune' CPU=1.9%, mem=35952611328/134819328000
[DEBUG] cosmic_applet: 🔄 RefreshMetrics: machine 'Neptune' CPU=1.9%, mem=35952611328/134819328000
[DEBUG] cosmic_applet: 🖼️  Rendering Panel: machine 'Neptune' CPU=1.9%, mem=35952611328/134819328000
[DEBUG] cosmic_applet::network::udp_receiver:   Tag offset in buffer: 360 (buffer len: 392)
[DEBUG] cosmic_applet::network::udp_receiver: 🔐 HMAC verification:
[DEBUG] cosmic_applet::network::udp_receiver:   Secret key (first 8 bytes): [30, 30, 30, 30, 30, 30, 30, 30]
[DEBUG] cosmic_applet::network::udp_receiver:   Received tag:  [20, c0, a8, ca, b0, 1a, 15, 71]
[DEBUG] cosmic_applet::network::udp_receiver:   Computed tag:  [20, c0, a8, ca, b0, 1a, 15, 71]
[DEBUG] cosmic_applet::network::udp_receiver:   ✓ Tags match
[DEBUG] cosmic_applet::simple_sensors: 📊 CPU packet data - usage: 3.6%, temp: Some(65.0)
[DEBUG] cosmic_applet::simple_sensors: 📊 Memory packet data - used: 35950739456 bytes, total: 134819328000 bytes
[DEBUG] cosmic_applet::simple_sensors: 📊 GPU VRAM used: 3306 MB → 3466592256 bytes
[DEBUG] cosmic_applet::simple_sensors: 📊 GPU VRAM total: 24564 MB → 25757220864 bytes
[DEBUG] cosmic_applet::simple_sensors: 📊 GPU load percent: Some(8.0)
[DEBUG] cosmic_applet::simple_sensors: 📊 GPU temperature: Some(35.0)
[DEBUG] cosmic_applet::simple_sensors: 📊 Temperature packet data - celsius: 65
[DEBUG] cosmic_applet::network::udp_receiver: 📊 Updated metrics for machine: Neptune (CPU: 3.6%, Mem: 35950739456/134819328000 bytes)
[DEBUG] cosmic_applet: 🔄 RefreshMetrics: machine 'Neptune' CPU=3.6%, mem=35950739456/134819328000
[DEBUG] cosmic_applet: 🖼️  Rendering Panel: machine 'Neptune' CPU=3.6%, mem=35950739456/134819328000
[DEBUG] cosmic_applet: 🔄 RefreshMetrics: machine 'Neptune' CPU=3.6%, mem=35950739456/134819328000
[DEBUG] cosmic_applet: 🖼️  Rendering Panel: machine 'Neptune' CPU=3.6%, mem=35950739456/134819328000
[DEBUG] cosmic_applet::network::udp_receiver:   Tag offset in buffer: 360 (buffer len: 392)
[DEBUG] cosmic_applet::network::udp_receiver: 🔐 HMAC verification:
[DEBUG] cosmic_applet::network::udp_receiver:   Secret key (first 8 bytes): [30, 30, 30, 30, 30, 30, 30, 30]
[DEBUG] cosmic_applet::network::udp_receiver:   Received tag:  [d4, 33, ae, 59, c1, 24, 08, 2f]
[DEBUG] cosmic_applet::network::udp_receiver:   Computed tag:  [d4, 33, ae, 59, c1, 24, 08, 2f]
[DEBUG] cosmic_applet::network::udp_receiver:   ✓ Tags match
[DEBUG] cosmic_applet::simple_sensors: 📊 CPU packet data - usage: 2.2%, temp: Some(35.0)
[DEBUG] cosmic_applet::simple_sensors: 📊 Memory packet data - used: 35949092864 bytes, total: 134819328000 bytes
[DEBUG] cosmic_applet::simple_sensors: 📊 GPU VRAM used: 3306 MB → 3466592256 bytes
[DEBUG] cosmic_applet::simple_sensors: 📊 GPU VRAM total: 24564 MB → 25757220864 bytes
[DEBUG] cosmic_applet::simple_sensors: 📊 GPU load percent: Some(0.0)
[DEBUG] cosmic_applet::simple_sensors: 📊 GPU temperature: Some(35.0)
[DEBUG] cosmic_applet::simple_sensors: 📊 Temperature packet data - celsius: 35
[DEBUG] cosmic_applet::network::udp_receiver: 📊 Updated metrics for machine: Neptune (CPU: 2.2%, Mem: 35949092864/134819328000 bytes)
[DEBUG] cosmic_applet: 🔄 RefreshMetrics: machine 'Neptune' CPU=2.2%, mem=35949092864/134819328000
[DEBUG] cosmic_applet: 🖼️  Rendering Panel: machine 'Neptune' CPU=2.2%, mem=35949092864/134819328000
[DEBUG] cosmic_applet: 🔄 RefreshMetrics: machine 'Neptune' CPU=2.2%, mem=35949092864/134819328000
[DEBUG] cosmic_applet: 🖼️  Rendering Panel: machine 'Neptune' CPU=2.2%, mem=35949092864/134819328000
[DEBUG] cosmic_applet::network::udp_receiver:   Tag offset in buffer: 360 (buffer len: 392)
[DEBUG] cosmic_applet::network::udp_receiver: 🔐 HMAC verification:
[DEBUG] cosmic_applet::network::udp_receiver:   Secret key (first 8 bytes): [30, 30, 30, 30, 30, 30, 30, 30]
[DEBUG] cosmic_applet::network::udp_receiver:   Received tag:  [57, 3d, 8a, 36, a4, 5b, 68, 53]
[DEBUG] cosmic_applet::network::udp_receiver:   Computed tag:  [57, 3d, 8a, 36, a4, 5b, 68, 53]
[DEBUG] cosmic_applet::network::udp_receiver:   ✓ Tags match
[DEBUG] cosmic_applet::simple_sensors: 📊 CPU packet data - usage: 3.5%, temp: Some(35.0)
[DEBUG] cosmic_applet::simple_sensors: 📊 Memory packet data - used: 35929325568 bytes, total: 134819328000 bytes
[DEBUG] cosmic_applet::simple_sensors: 📊 GPU VRAM used: 3306 MB → 3466592256 bytes
[DEBUG] cosmic_applet::simple_sensors: 📊 GPU VRAM total: 24564 MB → 25757220864 bytes
[DEBUG] cosmic_applet::simple_sensors: 📊 GPU load percent: Some(0.0)
[DEBUG] cosmic_applet::simple_sensors: 📊 GPU temperature: Some(35.0)
[DEBUG] cosmic_applet::simple_sensors: 📊 Temperature packet data - celsius: 35
[DEBUG] cosmic_applet::network::udp_receiver: 📊 Updated metrics for machine: Neptune (CPU: 3.5%, Mem: 35929325568/134819328000 bytes)
[DEBUG] cosmic_applet: 🔄 RefreshMetrics: machine 'Neptune' CPU=3.5%, mem=35929325568/134819328000
[DEBUG] cosmic_applet: 🖼️  Rendering Panel: machine 'Neptune' CPU=3.5%, mem=35929325568/134819328000
[DEBUG] cosmic_applet: 🔄 RefreshMetrics: machine 'Neptune' CPU=3.5%, mem=35929325568/134819328000
[DEBUG] cosmic_applet: 🖼️  Rendering Panel: machine 'Neptune' CPU=3.5%, mem=35929325568/134819328000
[DEBUG] cosmic_applet::network::udp_receiver:   Tag offset in buffer: 360 (buffer len: 392)
[DEBUG] cosmic_applet::network::udp_receiver: 🔐 HMAC verification:
[DEBUG] cosmic_applet::network::udp_receiver:   Secret key (first 8 bytes): [30, 30, 30, 30, 30, 30, 30, 30]
[DEBUG] cosmic_applet::network::udp_receiver:   Received tag:  [4d, 18, 84, 68, 1b, ec, 1c, 44]
[DEBUG] cosmic_applet::network::udp_receiver:   Computed tag:  [4d, 18, 84, 68, 1b, ec, 1c, 44]
[DEBUG] cosmic_applet::network::udp_receiver:   ✓ Tags match
[DEBUG] cosmic_applet::simple_sensors: 📊 CPU packet data - usage: 2.0%, temp: Some(37.0)
[DEBUG] cosmic_applet::simple_sensors: 📊 Memory packet data - used: 35931693056 bytes, total: 134819328000 bytes
[DEBUG] cosmic_applet::simple_sensors: 📊 GPU VRAM used: 3306 MB → 3466592256 bytes
[DEBUG] cosmic_applet::simple_sensors: 📊 GPU VRAM total: 24564 MB → 25757220864 bytes
[DEBUG] cosmic_applet::simple_sensors: 📊 GPU load percent: Some(1.0)
[DEBUG] cosmic_applet::simple_sensors: 📊 GPU temperature: Some(35.0)
[DEBUG] cosmic_applet::simple_sensors: 📊 Temperature packet data - celsius: 37
[DEBUG] cosmic_applet::network::udp_receiver: 📊 Updated metrics for machine: Neptune (CPU: 2.0%, Mem: 35931693056/134819328000 bytes)
[DEBUG] cosmic_applet: 🔄 RefreshMetrics: machine 'Neptune' CPU=2.0%, mem=35931693056/134819328000
[DEBUG] cosmic_applet: 🖼️  Rendering Panel: machine 'Neptune' CPU=2.0%, mem=35931693056/134819328000
[DEBUG] cosmic_applet: 🔄 RefreshMetrics: machine 'Neptune' CPU=2.0%, mem=35931693056/134819328000
[DEBUG] cosmic_applet: 🖼️  Rendering Panel: machine 'Neptune' CPU=2.0%, mem=35931693056/134819328000
[DEBUG] cosmic_applet::network::udp_receiver:   Tag offset in buffer: 360 (buffer len: 392)
[DEBUG] cosmic_applet::network::udp_receiver: 🔐 HMAC verification:
[DEBUG] cosmic_applet::network::udp_receiver:   Secret key (first 8 bytes): [30, 30, 30, 30, 30, 30, 30, 30]
[DEBUG] cosmic_applet::network::udp_receiver:   Received tag:  [08, 24, 8f, b3, 64, 56, b2, 20]
[DEBUG] cosmic_applet::network::udp_receiver:   Computed tag:  [08, 24, 8f, b3, 64, 56, b2, 20]
[DEBUG] cosmic_applet::network::udp_receiver:   ✓ Tags match
[DEBUG] cosmic_applet::simple_sensors: 📊 CPU packet data - usage: 1.9%, temp: Some(36.0)
[DEBUG] cosmic_applet::simple_sensors: 📊 Memory packet data - used: 35937239040 bytes, total: 134819328000 bytes
[DEBUG] cosmic_applet::simple_sensors: 📊 GPU VRAM used: 3306 MB → 3466592256 bytes
[DEBUG] cosmic_applet::simple_sensors: 📊 GPU VRAM total: 24564 MB → 25757220864 bytes
[DEBUG] cosmic_applet::simple_sensors: 📊 GPU load percent: Some(3.0)
[DEBUG] cosmic_applet::simple_sensors: 📊 GPU temperature: Some(35.0)
[DEBUG] cosmic_applet::simple_sensors: 📊 Temperature packet data - celsius: 36
[DEBUG] cosmic_applet::network::udp_receiver: 📊 Updated metrics for machine: Neptune (CPU: 1.9%, Mem: 35937239040/134819328000 bytes)
[DEBUG] cosmic_applet: 🔄 RefreshMetrics: machine 'Neptune' CPU=1.9%, mem=35937239040/134819328000
[DEBUG] cosmic_applet: 🖼️  Rendering Panel: machine 'Neptune' CPU=1.9%, mem=35937239040/134819328000
[DEBUG] cosmic_applet: 🔄 RefreshMetrics: machine 'Neptune' CPU=1.9%, mem=35937239040/134819328000
[DEBUG] cosmic_applet: 🖼️  Rendering Panel: machine 'Neptune' CPU=1.9%, mem=35937239040/134819328000
[DEBUG] cosmic_applet::network::udp_receiver:   Tag offset in buffer: 360 (buffer len: 392)
[DEBUG] cosmic_applet::network::udp_receiver: 🔐 HMAC verification:
[DEBUG] cosmic_applet::network::udp_receiver:   Secret key (first 8 bytes): [30, 30, 30, 30, 30, 30, 30, 30]
[DEBUG] cosmic_applet::network::udp_receiver:   Received tag:  [ad, 17, 27, 4e, 7f, 6d, c4, 85]
[DEBUG] cosmic_applet::network::udp_receiver:   Computed tag:  [ad, 17, 27, 4e, 7f, 6d, c4, 85]
[DEBUG] cosmic_applet::network::udp_receiver:   ✓ Tags match
[DEBUG] cosmic_applet::simple_sensors: 📊 CPU packet data - usage: 1.7%, temp: Some(36.0)
[DEBUG] cosmic_applet::simple_sensors: 📊 Memory packet data - used: 35940261888 bytes, total: 134819328000 bytes
[DEBUG] cosmic_applet::simple_sensors: 📊 GPU VRAM used: 3306 MB → 3466592256 bytes
[DEBUG] cosmic_applet::simple_sensors: 📊 GPU VRAM total: 24564 MB → 25757220864 bytes
[DEBUG] cosmic_applet::simple_sensors: 📊 GPU load percent: Some(0.0)
[DEBUG] cosmic_applet::simple_sensors: 📊 GPU temperature: Some(35.0)
[DEBUG] cosmic_applet::simple_sensors: 📊 Temperature packet data - celsius: 36
[DEBUG] cosmic_applet::network::udp_receiver: 📊 Updated metrics for machine: Neptune (CPU: 1.7%, Mem: 35940261888/134819328000 bytes)
[DEBUG] cosmic_applet: 🔄 RefreshMetrics: machine 'Neptune' CPU=1.7%, mem=35940261888/134819328000
[DEBUG] cosmic_applet: 🖼️  Rendering Panel: machine 'Neptune' CPU=1.7%, mem=35940261888/134819328000
[DEBUG] cosmic_applet: 🔄 RefreshMetrics: machine 'Neptune' CPU=1.7%, mem=35940261888/134819328000
[DEBUG] cosmic_applet: 🖼️  Rendering Panel: machine 'Neptune' CPU=1.7%, mem=35940261888/134819328000
[DEBUG] cosmic_applet::network::udp_receiver:   Tag offset in buffer: 360 (buffer len: 392)
[DEBUG] cosmic_applet::network::udp_receiver: 🔐 HMAC verification:
[DEBUG] cosmic_applet::network::udp_receiver:   Secret key (first 8 bytes): [30, 30, 30, 30, 30, 30, 30, 30]
[DEBUG] cosmic_applet::network::udp_receiver:   Received tag:  [7b, 33, 75, 49, c3, 50, f8, f9]
[DEBUG] cosmic_applet::network::udp_receiver:   Computed tag:  [7b, 33, 75, 49, c3, 50, f8, f9]
[DEBUG] cosmic_applet::network::udp_receiver:   ✓ Tags match
[DEBUG] cosmic_applet::simple_sensors: 📊 CPU packet data - usage: 2.1%, temp: Some(60.0)
[DEBUG] cosmic_applet::simple_sensors: 📊 Memory packet data - used: 35944050688 bytes, total: 134819328000 bytes
[DEBUG] cosmic_applet::simple_sensors: 📊 GPU VRAM used: 3306 MB → 3466592256 bytes
[DEBUG] cosmic_applet::simple_sensors: 📊 GPU VRAM total: 24564 MB → 25757220864 bytes
[DEBUG] cosmic_applet::simple_sensors: 📊 GPU load percent: Some(7.0)
[DEBUG] cosmic_applet::simple_sensors: 📊 GPU temperature: Some(35.0)
[DEBUG] cosmic_applet::simple_sensors: 📊 Temperature packet data - celsius: 60
[DEBUG] cosmic_applet::network::udp_receiver: 📊 Updated metrics for machine: Neptune (CPU: 2.1%, Mem: 35944050688/134819328000 bytes)
[DEBUG] cosmic_applet: 🔄 RefreshMetrics: machine 'Neptune' CPU=2.1%, mem=35944050688/134819328000
[DEBUG] cosmic_applet: 🖼️  Rendering Panel: machine 'Neptune' CPU=2.1%, mem=35944050688/134819328000
[DEBUG] cosmic_applet: 🔄 RefreshMetrics: machine 'Neptune' CPU=2.1%, mem=35944050688/134819328000
[DEBUG] cosmic_applet: 🖼️  Rendering Panel: machine 'Neptune' CPU=2.1%, mem=35944050688/134819328000
[DEBUG] cosmic_applet::network::udp_receiver:   Tag offset in buffer: 360 (buffer len: 392)
[DEBUG] cosmic_applet::network::udp_receiver: 🔐 HMAC verification:
[DEBUG] cosmic_applet::network::udp_receiver:   Secret key (first 8 bytes): [30, 30, 30, 30, 30, 30, 30, 30]
[DEBUG] cosmic_applet::network::udp_receiver:   Received tag:  [b5, 03, 4f, 6f, da, 84, ba, a2]
[DEBUG] cosmic_applet::network::udp_receiver:   Computed tag:  [b5, 03, 4f, 6f, da, 84, ba, a2]
[DEBUG] cosmic_applet::network::udp_receiver:   ✓ Tags match
[DEBUG] cosmic_applet::simple_sensors: 📊 CPU packet data - usage: 2.0%, temp: Some(35.0)
[DEBUG] cosmic_applet::simple_sensors: 📊 Memory packet data - used: 35943669760 bytes, total: 134819328000 bytes
[DEBUG] cosmic_applet::simple_sensors: 📊 GPU VRAM used: 3306 MB → 3466592256 bytes
[DEBUG] cosmic_applet::simple_sensors: 📊 GPU VRAM total: 24564 MB → 25757220864 bytes
[DEBUG] cosmic_applet::simple_sensors: 📊 GPU load percent: Some(5.0)
[DEBUG] cosmic_applet::simple_sensors: 📊 GPU temperature: Some(35.0)
[DEBUG] cosmic_applet::simple_sensors: 📊 Temperature packet data - celsius: 35
[DEBUG] cosmic_applet::network::udp_receiver: 📊 Updated metrics for machine: Neptune (CPU: 2.0%, Mem: 35943669760/134819328000 bytes)
[DEBUG] cosmic_applet: 🔄 RefreshMetrics: machine 'Neptune' CPU=2.0%, mem=35943669760/134819328000
[DEBUG] cosmic_applet: 🖼️  Rendering Panel: machine 'Neptune' CPU=2.0%, mem=35943669760/134819328000
[DEBUG] cosmic_applet: 🔄 RefreshMetrics: machine 'Neptune' CPU=2.0%, mem=35943669760/134819328000
[DEBUG] cosmic_applet: 🖼️  Rendering Panel: machine 'Neptune' CPU=2.0%, mem=35943669760/134819328000
[DEBUG] cosmic_applet::network::udp_receiver:   Tag offset in buffer: 360 (buffer len: 392)
[DEBUG] cosmic_applet::network::udp_receiver: 🔐 HMAC verification:
[DEBUG] cosmic_applet::network::udp_receiver:   Secret key (first 8 bytes): [30, 30, 30, 30, 30, 30, 30, 30]
[DEBUG] cosmic_applet::network::udp_receiver:   Received tag:  [b1, 05, 3f, 02, fa, 1f, 5f, 72]
[DEBUG] cosmic_applet::network::udp_receiver:   Computed tag:  [b1, 05, 3f, 02, fa, 1f, 5f, 72]
[DEBUG] cosmic_applet::network::udp_receiver:   ✓ Tags match
[DEBUG] cosmic_applet::simple_sensors: 📊 CPU packet data - usage: 2.1%, temp: Some(35.0)
[DEBUG] cosmic_applet::simple_sensors: 📊 Memory packet data - used: 35943579648 bytes, total: 134819328000 bytes
[DEBUG] cosmic_applet::simple_sensors: 📊 GPU VRAM used: 3306 MB → 3466592256 bytes
[DEBUG] cosmic_applet::simple_sensors: 📊 GPU VRAM total: 24564 MB → 25757220864 bytes
[DEBUG] cosmic_applet::simple_sensors: 📊 GPU load percent: Some(6.0)
[DEBUG] cosmic_applet::simple_sensors: 📊 GPU temperature: Some(35.0)
[DEBUG] cosmic_applet::simple_sensors: 📊 Temperature packet data - celsius: 35
[DEBUG] cosmic_applet::network::udp_receiver: 📊 Updated metrics for machine: Neptune (CPU: 2.1%, Mem: 35943579648/134819328000 bytes)
[DEBUG] cosmic_applet: 🔄 RefreshMetrics: machine 'Neptune' CPU=2.1%, mem=35943579648/134819328000
[DEBUG] cosmic_applet: 🖼️  Rendering Panel: machine 'Neptune' CPU=2.1%, mem=35943579648/134819328000
[DEBUG] cosmic_applet: 🔄 RefreshMetrics: machine 'Neptune' CPU=2.1%, mem=35943579648/134819328000
[DEBUG] cosmic_applet: 🖼️  Rendering Panel: machine 'Neptune' CPU=2.1%, mem=35943579648/134819328000
[DEBUG] cosmic_applet::network::udp_receiver:   Tag offset in buffer: 360 (buffer len: 392)
[DEBUG] cosmic_applet::network::udp_receiver: 🔐 HMAC verification:
[DEBUG] cosmic_applet::network::udp_receiver:   Secret key (first 8 bytes): [30, 30, 30, 30, 30, 30, 30, 30]
[DEBUG] cosmic_applet::network::udp_receiver:   Received tag:  [e9, fa, 74, a5, 9e, 07, 8c, 04]
[DEBUG] cosmic_applet::network::udp_receiver:   Computed tag:  [e9, fa, 74, a5, 9e, 07, 8c, 04]
[DEBUG] cosmic_applet::network::udp_receiver:   ✓ Tags match
[DEBUG] cosmic_applet::simple_sensors: 📊 CPU packet data - usage: 2.2%, temp: Some(35.0)
[DEBUG] cosmic_applet::simple_sensors: 📊 Memory packet data - used: 35952779264 bytes, total: 134819328000 bytes
[DEBUG] cosmic_applet::simple_sensors: 📊 GPU VRAM used: 3306 MB → 3466592256 bytes
[DEBUG] cosmic_applet::simple_sensors: 📊 GPU VRAM total: 24564 MB → 25757220864 bytes
[DEBUG] cosmic_applet::simple_sensors: 📊 GPU load percent: Some(7.0)
[DEBUG] cosmic_applet::simple_sensors: 📊 GPU temperature: Some(35.0)
[DEBUG] cosmic_applet::simple_sensors: 📊 Temperature packet data - celsius: 35
[DEBUG] cosmic_applet::network::udp_receiver: 📊 Updated metrics for machine: Neptune (CPU: 2.2%, Mem: 35952779264/134819328000 bytes)
[DEBUG] cosmic_applet: 🔄 RefreshMetrics: machine 'Neptune' CPU=2.2%, mem=35952779264/134819328000
[DEBUG] cosmic_applet: 🖼️  Rendering Panel: machine 'Neptune' CPU=2.2%, mem=35952779264/134819328000
[DEBUG] cosmic_applet: 🔄 RefreshMetrics: machine 'Neptune' CPU=2.2%, mem=35952779264/134819328000
[DEBUG] cosmic_applet: 🖼️  Rendering Panel: machine 'Neptune' CPU=2.2%, mem=35952779264/134819328000
[DEBUG] cosmic_applet::network::udp_receiver:   Tag offset in buffer: 360 (buffer len: 392)
[DEBUG] cosmic_applet::network::udp_receiver: 🔐 HMAC verification:
[DEBUG] cosmic_applet::network::udp_receiver:   Secret key (first 8 bytes): [30, 30, 30, 30, 30, 30, 30, 30]
[DEBUG] cosmic_applet::network::udp_receiver:   Received tag:  [3d, 62, 07, 7c, fb, fe, fb, 9a]
[DEBUG] cosmic_applet::network::udp_receiver:   Computed tag:  [3d, 62, 07, 7c, fb, fe, fb, 9a]
[DEBUG] cosmic_applet::network::udp_receiver:   ✓ Tags match
[DEBUG] cosmic_applet::simple_sensors: 📊 CPU packet data - usage: 3.8%, temp: Some(70.0)
[DEBUG] cosmic_applet::simple_sensors: 📊 Memory packet data - used: 35949326336 bytes, total: 134819328000 bytes
[DEBUG] cosmic_applet::simple_sensors: 📊 GPU VRAM used: 3306 MB → 3466592256 bytes
[DEBUG] cosmic_applet::simple_sensors: 📊 GPU VRAM total: 24564 MB → 25757220864 bytes
[DEBUG] cosmic_applet::simple_sensors: 📊 GPU load percent: Some(0.0)
[DEBUG] cosmic_applet::simple_sensors: 📊 GPU temperature: Some(35.0)
[DEBUG] cosmic_applet::simple_sensors: 📊 Temperature packet data - celsius: 70
[DEBUG] cosmic_applet::network::udp_receiver: 📊 Updated metrics for machine: Neptune (CPU: 3.8%, Mem: 35949326336/134819328000 bytes)
[DEBUG] cosmic_applet: 🔄 RefreshMetrics: machine 'Neptune' CPU=3.8%, mem=35949326336/134819328000
[DEBUG] cosmic_applet: 🖼️  Rendering Panel: machine 'Neptune' CPU=3.8%, mem=35949326336/134819328000
[DEBUG] cosmic_applet: 🔄 RefreshMetrics: machine 'Neptune' CPU=3.8%, mem=35949326336/134819328000
[DEBUG] cosmic_applet: 🖼️  Rendering Panel: machine 'Neptune' CPU=3.8%, mem=35949326336/134819328000
[DEBUG] cosmic_applet::network::udp_receiver:   Tag offset in buffer: 360 (buffer len: 392)
[DEBUG] cosmic_applet::network::udp_receiver: 🔐 HMAC verification:
[DEBUG] cosmic_applet::network::udp_receiver:   Secret key (first 8 bytes): [30, 30, 30, 30, 30, 30, 30, 30]
[DEBUG] cosmic_applet::network::udp_receiver:   Received tag:  [e1, 2a, 29, a8, 9f, 54, be, bd]
[DEBUG] cosmic_applet::network::udp_receiver:   Computed tag:  [e1, 2a, 29, a8, 9f, 54, be, bd]
[DEBUG] cosmic_applet::network::udp_receiver:   ✓ Tags match
[DEBUG] cosmic_applet::simple_sensors: 📊 CPU packet data - usage: 2.1%, temp: Some(36.0)
[DEBUG] cosmic_applet::simple_sensors: 📊 Memory packet data - used: 35945697280 bytes, total: 134819328000 bytes
[DEBUG] cosmic_applet::simple_sensors: 📊 GPU VRAM used: 3306 MB → 3466592256 bytes
[DEBUG] cosmic_applet::simple_sensors: 📊 GPU VRAM total: 24564 MB → 25757220864 bytes
[DEBUG] cosmic_applet::simple_sensors: 📊 GPU load percent: Some(7.0)
[DEBUG] cosmic_applet::simple_sensors: 📊 GPU temperature: Some(35.0)
[DEBUG] cosmic_applet::simple_sensors: 📊 Temperature packet data - celsius: 36
[DEBUG] cosmic_applet::network::udp_receiver: 📊 Updated metrics for machine: Neptune (CPU: 2.1%, Mem: 35945697280/134819328000 bytes)
[DEBUG] cosmic_applet: 🔄 RefreshMetrics: machine 'Neptune' CPU=2.1%, mem=35945697280/134819328000
[DEBUG] cosmic_applet: 🖼️  Rendering Panel: machine 'Neptune' CPU=2.1%, mem=35945697280/134819328000
[DEBUG] cosmic_applet: 🔄 RefreshMetrics: machine 'Neptune' CPU=2.1%, mem=35945697280/134819328000
[DEBUG] cosmic_applet: 🖼️  Rendering Panel: machine 'Neptune' CPU=2.1%, mem=35945697280/134819328000
[DEBUG] cosmic_applet::network::udp_receiver:   Tag offset in buffer: 360 (buffer len: 392)
[DEBUG] cosmic_applet::network::udp_receiver: 🔐 HMAC verification:
[DEBUG] cosmic_applet::network::udp_receiver:   Secret key (first 8 bytes): [30, 30, 30, 30, 30, 30, 30, 30]
[DEBUG] cosmic_applet::network::udp_receiver:   Received tag:  [b0, 8a, 9e, f2, 5a, f7, b6, 13]
[DEBUG] cosmic_applet::network::udp_receiver:   Computed tag:  [b0, 8a, 9e, f2, 5a, f7, b6, 13]
[DEBUG] cosmic_applet::network::udp_receiver:   ✓ Tags match
[DEBUG] cosmic_applet::simple_sensors: 📊 CPU packet data - usage: 1.9%, temp: Some(36.0)
[DEBUG] cosmic_applet::simple_sensors: 📊 Memory packet data - used: 35944419328 bytes, total: 134819328000 bytes
[DEBUG] cosmic_applet::simple_sensors: 📊 GPU VRAM used: 3306 MB → 3466592256 bytes
[DEBUG] cosmic_applet::simple_sensors: 📊 GPU VRAM total: 24564 MB → 25757220864 bytes
[DEBUG] cosmic_applet::simple_sensors: 📊 GPU load percent: Some(0.0)
[DEBUG] cosmic_applet::simple_sensors: 📊 GPU temperature: Some(35.0)
[DEBUG] cosmic_applet::simple_sensors: 📊 Temperature packet data - celsius: 36
[DEBUG] cosmic_applet::network::udp_receiver: 📊 Updated metrics for machine: Neptune (CPU: 1.9%, Mem: 35944419328/134819328000 bytes)
[DEBUG] cosmic_applet: 🔄 RefreshMetrics: machine 'Neptune' CPU=1.9%, mem=35944419328/134819328000
[DEBUG] cosmic_applet: 🖼️  Rendering Panel: machine 'Neptune' CPU=1.9%, mem=35944419328/134819328000
[DEBUG] cosmic_applet: 🔄 RefreshMetrics: machine 'Neptune' CPU=1.9%, mem=35944419328/134819328000
[DEBUG] cosmic_applet: 🖼️  Rendering Panel: machine 'Neptune' CPU=1.9%, mem=35944419328/134819328000
[DEBUG] cosmic_applet::network::udp_receiver:   Tag offset in buffer: 360 (buffer len: 392)
[DEBUG] cosmic_applet::network::udp_receiver: 🔐 HMAC verification:
[DEBUG] cosmic_applet::network::udp_receiver:   Secret key (first 8 bytes): [30, 30, 30, 30, 30, 30, 30, 30]
[DEBUG] cosmic_applet::network::udp_receiver:   Received tag:  [65, 98, 33, b1, 87, 85, 60, 29]
[DEBUG] cosmic_applet::network::udp_receiver:   Computed tag:  [65, 98, 33, b1, 87, 85, 60, 29]
[DEBUG] cosmic_applet::network::udp_receiver:   ✓ Tags match
[DEBUG] cosmic_applet::simple_sensors: 📊 CPU packet data - usage: 1.7%, temp: Some(36.0)
[DEBUG] cosmic_applet::simple_sensors: 📊 Memory packet data - used: 35944640512 bytes, total: 134819328000 bytes
[DEBUG] cosmic_applet::simple_sensors: 📊 GPU VRAM used: 3306 MB → 3466592256 bytes
[DEBUG] cosmic_applet::simple_sensors: 📊 GPU VRAM total: 24564 MB → 25757220864 bytes
[DEBUG] cosmic_applet::simple_sensors: 📊 GPU load percent: Some(0.0)
[DEBUG] cosmic_applet::simple_sensors: 📊 GPU temperature: Some(35.0)
[DEBUG] cosmic_applet::simple_sensors: 📊 Temperature packet data - celsius: 36
[DEBUG] cosmic_applet::network::udp_receiver: 📊 Updated metrics for machine: Neptune (CPU: 1.7%, Mem: 35944640512/134819328000 bytes)
[DEBUG] cosmic_applet: 🔄 RefreshMetrics: machine 'Neptune' CPU=1.7%, mem=35944640512/134819328000
[DEBUG] cosmic_applet: 🖼️  Rendering Panel: machine 'Neptune' CPU=1.7%, mem=35944640512/134819328000
[DEBUG] cosmic_applet: 🔄 RefreshMetrics: machine 'Neptune' CPU=1.7%, mem=35944640512/134819328000
[DEBUG] cosmic_applet: 🖼️  Rendering Panel: machine 'Neptune' CPU=1.7%, mem=35944640512/134819328000
[DEBUG] cosmic_applet::network::udp_receiver:   Tag offset in buffer: 360 (buffer len: 392)
[DEBUG] cosmic_applet::network::udp_receiver: 🔐 HMAC verification:
[DEBUG] cosmic_applet::network::udp_receiver:   Secret key (first 8 bytes): [30, 30, 30, 30, 30, 30, 30, 30]
[DEBUG] cosmic_applet::network::udp_receiver:   Received tag:  [a5, ec, c0, 55, 10, 5c, 79, 42]
[DEBUG] cosmic_applet::network::udp_receiver:   Computed tag:  [a5, ec, c0, 55, 10, 5c, 79, 42]
[DEBUG] cosmic_applet::network::udp_receiver:   ✓ Tags match
[DEBUG] cosmic_applet::simple_sensors: 📊 CPU packet data - usage: 1.7%, temp: Some(36.0)
[DEBUG] cosmic_applet::simple_sensors: 📊 Memory packet data - used: 35937431552 bytes, total: 134819328000 bytes
[DEBUG] cosmic_applet::simple_sensors: 📊 GPU VRAM used: 3306 MB → 3466592256 bytes
[DEBUG] cosmic_applet::simple_sensors: 📊 GPU VRAM total: 24564 MB → 25757220864 bytes
[DEBUG] cosmic_applet::simple_sensors: 📊 GPU load percent: Some(0.0)
[DEBUG] cosmic_applet::simple_sensors: 📊 GPU temperature: Some(35.0)
[DEBUG] cosmic_applet::simple_sensors: 📊 Temperature packet data - celsius: 36
[DEBUG] cosmic_applet::network::udp_receiver: 📊 Updated metrics for machine: Neptune (CPU: 1.7%, Mem: 35937431552/134819328000 bytes)
[DEBUG] cosmic_applet: 🔄 RefreshMetrics: machine 'Neptune' CPU=1.7%, mem=35937431552/134819328000
[DEBUG] cosmic_applet: 🖼️  Rendering Panel: machine 'Neptune' CPU=1.7%, mem=35937431552/134819328000
[DEBUG] cosmic_applet: 🔄 RefreshMetrics: machine 'Neptune' CPU=1.7%, mem=35937431552/134819328000
[DEBUG] cosmic_applet: 🖼️  Rendering Panel: machine 'Neptune' CPU=1.7%, mem=35937431552/134819328000
[DEBUG] cosmic_applet::network::udp_receiver:   Tag offset in buffer: 360 (buffer len: 392)
[DEBUG] cosmic_applet::network::udp_receiver: 🔐 HMAC verification:
[DEBUG] cosmic_applet::network::udp_receiver:   Secret key (first 8 bytes): [30, 30, 30, 30, 30, 30, 30, 30]
[DEBUG] cosmic_applet::network::udp_receiver:   Received tag:  [c7, 4b, d0, 65, 04, 7d, 08, af]
[DEBUG] cosmic_applet::network::udp_receiver:   Computed tag:  [c7, 4b, d0, 65, 04, 7d, 08, af]
[DEBUG] cosmic_applet::network::udp_receiver:   ✓ Tags match
[DEBUG] cosmic_applet::simple_sensors: 📊 CPU packet data - usage: 1.6%, temp: Some(36.0)
[DEBUG] cosmic_applet::simple_sensors: 📊 Memory packet data - used: 35926933504 bytes, total: 134819328000 bytes
[DEBUG] cosmic_applet::simple_sensors: 📊 GPU VRAM used: 3306 MB → 3466592256 bytes
[DEBUG] cosmic_applet::simple_sensors: 📊 GPU VRAM total: 24564 MB → 25757220864 bytes
[DEBUG] cosmic_applet::simple_sensors: 📊 GPU load percent: Some(0.0)
[DEBUG] cosmic_applet::simple_sensors: 📊 GPU temperature: Some(35.0)
[DEBUG] cosmic_applet::simple_sensors: 📊 Temperature packet data - celsius: 36
[DEBUG] cosmic_applet::network::udp_receiver: 📊 Updated metrics for machine: Neptune (CPU: 1.6%, Mem: 35926933504/134819328000 bytes)
[DEBUG] cosmic_applet: 🔄 RefreshMetrics: machine 'Neptune' CPU=1.6%, mem=35926933504/134819328000
[DEBUG] cosmic_applet: 🖼️  Rendering Panel: machine 'Neptune' CPU=1.6%, mem=35926933504/134819328000
[DEBUG] cosmic_applet: 🔄 RefreshMetrics: machine 'Neptune' CPU=1.6%, mem=35926933504/134819328000
[DEBUG] cosmic_applet: 🖼️  Rendering Panel: machine 'Neptune' CPU=1.6%, mem=35926933504/134819328000
[DEBUG] cosmic_applet::network::udp_receiver:   Tag offset in buffer: 360 (buffer len: 392)
[DEBUG] cosmic_applet::network::udp_receiver: 🔐 HMAC verification:
[DEBUG] cosmic_applet::network::udp_receiver:   Secret key (first 8 bytes): [30, 30, 30, 30, 30, 30, 30, 30]
[DEBUG] cosmic_applet::network::udp_receiver:   Received tag:  [31, cb, 0f, 6a, a8, e8, c8, 1d]
[DEBUG] cosmic_applet::network::udp_receiver:   Computed tag:  [31, cb, 0f, 6a, a8, e8, c8, 1d]
[DEBUG] cosmic_applet::network::udp_receiver:   ✓ Tags match
[DEBUG] cosmic_applet::simple_sensors: 📊 CPU packet data - usage: 2.4%, temp: Some(35.0)
[DEBUG] cosmic_applet::simple_sensors: 📊 Memory packet data - used: 35855872000 bytes, total: 134819328000 bytes
[DEBUG] cosmic_applet::simple_sensors: 📊 GPU VRAM used: 3306 MB → 3466592256 bytes
[DEBUG] cosmic_applet::simple_sensors: 📊 GPU VRAM total: 24564 MB → 25757220864 bytes
[DEBUG] cosmic_applet::simple_sensors: 📊 GPU load percent: Some(0.0)
[DEBUG] cosmic_applet::simple_sensors: 📊 GPU temperature: Some(35.0)
[DEBUG] cosmic_applet::simple_sensors: 📊 Temperature packet data - celsius: 35
[DEBUG] cosmic_applet::network::udp_receiver: 📊 Updated metrics for machine: Neptune (CPU: 2.4%, Mem: 35855872000/134819328000 bytes)
[DEBUG] cosmic_applet: 🔄 RefreshMetrics: machine 'Neptune' CPU=2.4%, mem=35855872000/134819328000
[DEBUG] cosmic_applet: 🖼️  Rendering Panel: machine 'Neptune' CPU=2.4%, mem=35855872000/134819328000
[DEBUG] cosmic_applet: 🔄 RefreshMetrics: machine 'Neptune' CPU=2.4%, mem=35855872000/134819328000
[DEBUG] cosmic_applet: 🖼️  Rendering Panel: machine 'Neptune' CPU=2.4%, mem=35855872000/134819328000
[DEBUG] cosmic_applet::network::udp_receiver:   Tag offset in buffer: 360 (buffer len: 392)
[DEBUG] cosmic_applet::network::udp_receiver: 🔐 HMAC verification:
[DEBUG] cosmic_applet::network::udp_receiver:   Secret key (first 8 bytes): [30, 30, 30, 30, 30, 30, 30, 30]
[DEBUG] cosmic_applet::network::udp_receiver:   Received tag:  [a4, dc, dd, 1c, 4c, 0c, 5b, d7]
[DEBUG] cosmic_applet::network::udp_receiver:   Computed tag:  [a4, dc, dd, 1c, 4c, 0c, 5b, d7]
[DEBUG] cosmic_applet::network::udp_receiver:   ✓ Tags match
[DEBUG] cosmic_applet::simple_sensors: 📊 CPU packet data - usage: 1.5%, temp: Some(35.0)
[DEBUG] cosmic_applet::simple_sensors: 📊 Memory packet data - used: 35855687680 bytes, total: 134819328000 bytes
[DEBUG] cosmic_applet::simple_sensors: 📊 GPU VRAM used: 3306 MB → 3466592256 bytes
[DEBUG] cosmic_applet::simple_sensors: 📊 GPU VRAM total: 24564 MB → 25757220864 bytes
[DEBUG] cosmic_applet::simple_sensors: 📊 GPU load percent: Some(0.0)
[DEBUG] cosmic_applet::simple_sensors: 📊 GPU temperature: Some(35.0)
[DEBUG] cosmic_applet::simple_sensors: 📊 Temperature packet data - celsius: 35
[DEBUG] cosmic_applet::network::udp_receiver: 📊 Updated metrics for machine: Neptune (CPU: 1.5%, Mem: 35855687680/134819328000 bytes)
[DEBUG] cosmic_applet: 🔄 RefreshMetrics: machine 'Neptune' CPU=1.5%, mem=35855687680/134819328000
[DEBUG] cosmic_applet: 🖼️  Rendering Panel: machine 'Neptune' CPU=1.5%, mem=35855687680/134819328000
[DEBUG] cosmic_applet: 🔄 RefreshMetrics: machine 'Neptune' CPU=1.5%, mem=35855687680/134819328000
[DEBUG] cosmic_applet: 🖼️  Rendering Panel: machine 'Neptune' CPU=1.5%, mem=35855687680/134819328000
[DEBUG] cosmic_applet::network::udp_receiver:   Tag offset in buffer: 360 (buffer len: 392)
[DEBUG] cosmic_applet::network::udp_receiver: 🔐 HMAC verification:
[DEBUG] cosmic_applet::network::udp_receiver:   Secret key (first 8 bytes): [30, 30, 30, 30, 30, 30, 30, 30]
[DEBUG] cosmic_applet::network::udp_receiver:   Received tag:  [7c, bf, 72, 02, 38, f0, 5f, 36]
[DEBUG] cosmic_applet::network::udp_receiver:   Computed tag:  [7c, bf, 72, 02, 38, f0, 5f, 36]
[DEBUG] cosmic_applet::network::udp_receiver:   ✓ Tags match
[DEBUG] cosmic_applet::simple_sensors: 📊 CPU packet data - usage: 1.7%, temp: Some(64.0)
[DEBUG] cosmic_applet::simple_sensors: 📊 Memory packet data - used: 35859628032 bytes, total: 134819328000 bytes
[DEBUG] cosmic_applet::simple_sensors: 📊 GPU VRAM used: 3306 MB → 3466592256 bytes
[DEBUG] cosmic_applet::simple_sensors: 📊 GPU VRAM total: 24564 MB → 25757220864 bytes
[DEBUG] cosmic_applet::simple_sensors: 📊 GPU load percent: Some(0.0)
[DEBUG] cosmic_applet::simple_sensors: 📊 GPU temperature: Some(35.0)
[DEBUG] cosmic_applet::simple_sensors: 📊 Temperature packet data - celsius: 64
[DEBUG] cosmic_applet::network::udp_receiver: 📊 Updated metrics for machine: Neptune (CPU: 1.7%, Mem: 35859628032/134819328000 bytes)
[DEBUG] cosmic_applet: 🔄 RefreshMetrics: machine 'Neptune' CPU=1.7%, mem=35859628032/134819328000
[DEBUG] cosmic_applet: 🖼️  Rendering Panel: machine 'Neptune' CPU=1.7%, mem=35859628032/134819328000
[DEBUG] cosmic_applet: 🔄 RefreshMetrics: machine 'Neptune' CPU=1.7%, mem=35859628032/134819328000
[DEBUG] cosmic_applet: 🖼️  Rendering Panel: machine 'Neptune' CPU=1.7%, mem=35859628032/134819328000
[DEBUG] cosmic_applet::network::udp_receiver:   Tag offset in buffer: 360 (buffer len: 392)
[DEBUG] cosmic_applet::network::udp_receiver: 🔐 HMAC verification:
[DEBUG] cosmic_applet::network::udp_receiver:   Secret key (first 8 bytes): [30, 30, 30, 30, 30, 30, 30, 30]
[DEBUG] cosmic_applet::network::udp_receiver:   Received tag:  [20, 3f, 1a, 24, 31, b0, 6d, d2]
[DEBUG] cosmic_applet::network::udp_receiver:   Computed tag:  [20, 3f, 1a, 24, 31, b0, 6d, d2]
[DEBUG] cosmic_applet::network::udp_receiver:   ✓ Tags match
[DEBUG] cosmic_applet::simple_sensors: 📊 CPU packet data - usage: 2.6%, temp: Some(36.0)
[DEBUG] cosmic_applet::simple_sensors: 📊 Memory packet data - used: 35863080960 bytes, total: 134819328000 bytes
[DEBUG] cosmic_applet::simple_sensors: 📊 GPU VRAM used: 3306 MB → 3466592256 bytes
[DEBUG] cosmic_applet::simple_sensors: 📊 GPU VRAM total: 24564 MB → 25757220864 bytes
[DEBUG] cosmic_applet::simple_sensors: 📊 GPU load percent: Some(1.0)
[DEBUG] cosmic_applet::simple_sensors: 📊 GPU temperature: Some(35.0)
[DEBUG] cosmic_applet::simple_sensors: 📊 Temperature packet data - celsius: 36
[DEBUG] cosmic_applet::network::udp_receiver: 📊 Updated metrics for machine: Neptune (CPU: 2.6%, Mem: 35863080960/134819328000 bytes)
[DEBUG] cosmic_applet: 🔄 RefreshMetrics: machine 'Neptune' CPU=2.6%, mem=35863080960/134819328000
[DEBUG] cosmic_applet: 🖼️  Rendering Panel: machine 'Neptune' CPU=2.6%, mem=35863080960/134819328000
[DEBUG] cosmic_applet: 🔄 RefreshMetrics: machine 'Neptune' CPU=2.6%, mem=35863080960/134819328000
[DEBUG] cosmic_applet: 🖼️  Rendering Panel: machine 'Neptune' CPU=2.6%, mem=35863080960/134819328000
[DEBUG] cosmic_applet::network::udp_receiver:   Tag offset in buffer: 360 (buffer len: 392)
[DEBUG] cosmic_applet::network::udp_receiver: 🔐 HMAC verification:
[DEBUG] cosmic_applet::network::udp_receiver:   Secret key (first 8 bytes): [30, 30, 30, 30, 30, 30, 30, 30]
[DEBUG] cosmic_applet::network::udp_receiver:   Received tag:  [4f, 47, ad, 11, 60, e4, 99, b7]
[DEBUG] cosmic_applet::network::udp_receiver:   Computed tag:  [4f, 47, ad, 11, 60, e4, 99, b7]
[DEBUG] cosmic_applet::network::udp_receiver:   ✓ Tags match
[DEBUG] cosmic_applet::simple_sensors: 📊 CPU packet data - usage: 2.6%, temp: Some(35.0)
[DEBUG] cosmic_applet::simple_sensors: 📊 Memory packet data - used: 35856818176 bytes, total: 134819328000 bytes
[DEBUG] cosmic_applet::simple_sensors: 📊 GPU VRAM used: 3306 MB → 3466592256 bytes
[DEBUG] cosmic_applet::simple_sensors: 📊 GPU VRAM total: 24564 MB → 25757220864 bytes
[DEBUG] cosmic_applet::simple_sensors: 📊 GPU load percent: Some(0.0)
[DEBUG] cosmic_applet::simple_sensors: 📊 GPU temperature: Some(35.0)
[DEBUG] cosmic_applet::simple_sensors: 📊 Temperature packet data - celsius: 35
[DEBUG] cosmic_applet::network::udp_receiver: 📊 Updated metrics for machine: Neptune (CPU: 2.6%, Mem: 35856818176/134819328000 bytes)
[DEBUG] cosmic_applet: 🔄 RefreshMetrics: machine 'Neptune' CPU=2.6%, mem=35856818176/134819328000
[DEBUG] cosmic_applet: 🖼️  Rendering Panel: machine 'Neptune' CPU=2.6%, mem=35856818176/134819328000
[DEBUG] cosmic_applet: 🔄 RefreshMetrics: machine 'Neptune' CPU=2.6%, mem=35856818176/134819328000
[DEBUG] cosmic_applet: 🖼️  Rendering Panel: machine 'Neptune' CPU=2.6%, mem=35856818176/134819328000
[DEBUG] cosmic_applet::network::udp_receiver:   Tag offset in buffer: 360 (buffer len: 392)
[DEBUG] cosmic_applet::network::udp_receiver: 🔐 HMAC verification:
[DEBUG] cosmic_applet::network::udp_receiver:   Secret key (first 8 bytes): [30, 30, 30, 30, 30, 30, 30, 30]
[DEBUG] cosmic_applet::network::udp_receiver:   Received tag:  [21, 0a, 7c, 25, 47, 12, c8, bb]
[DEBUG] cosmic_applet::network::udp_receiver:   Computed tag:  [21, 0a, 7c, 25, 47, 12, c8, bb]
[DEBUG] cosmic_applet::network::udp_receiver:   ✓ Tags match
[DEBUG] cosmic_applet::simple_sensors: 📊 CPU packet data - usage: 2.2%, temp: Some(35.0)
[DEBUG] cosmic_applet::simple_sensors: 📊 Memory packet data - used: 35856424960 bytes, total: 134819328000 bytes
[DEBUG] cosmic_applet::simple_sensors: 📊 GPU VRAM used: 3306 MB → 3466592256 bytes
[DEBUG] cosmic_applet::simple_sensors: 📊 GPU VRAM total: 24564 MB → 25757220864 bytes
[DEBUG] cosmic_applet::simple_sensors: 📊 GPU load percent: Some(8.0)
[DEBUG] cosmic_applet::simple_sensors: 📊 GPU temperature: Some(35.0)
[DEBUG] cosmic_applet::simple_sensors: 📊 Temperature packet data - celsius: 35
[DEBUG] cosmic_applet::network::udp_receiver: 📊 Updated metrics for machine: Neptune (CPU: 2.2%, Mem: 35856424960/134819328000 bytes)
[DEBUG] cosmic_applet: 🔄 RefreshMetrics: machine 'Neptune' CPU=2.2%, mem=35856424960/134819328000
[DEBUG] cosmic_applet: 🖼️  Rendering Panel: machine 'Neptune' CPU=2.2%, mem=35856424960/134819328000
[DEBUG] cosmic_applet: 🔄 RefreshMetrics: machine 'Neptune' CPU=2.2%, mem=35856424960/134819328000
[DEBUG] cosmic_applet: 🖼️  Rendering Panel: machine 'Neptune' CPU=2.2%, mem=35856424960/134819328000
[DEBUG] cosmic_applet::network::udp_receiver:   Tag offset in buffer: 360 (buffer len: 392)
[DEBUG] cosmic_applet::network::udp_receiver: 🔐 HMAC verification:
[DEBUG] cosmic_applet::network::udp_receiver:   Secret key (first 8 bytes): [30, 30, 30, 30, 30, 30, 30, 30]
[DEBUG] cosmic_applet::network::udp_receiver:   Received tag:  [53, 3a, a3, c0, ae, 34, 96, ad]
[DEBUG] cosmic_applet::network::udp_receiver:   Computed tag:  [53, 3a, a3, c0, ae, 34, 96, ad]
[DEBUG] cosmic_applet::network::udp_receiver:   ✓ Tags match
[DEBUG] cosmic_applet::simple_sensors: 📊 CPU packet data - usage: 2.0%, temp: Some(64.0)
[DEBUG] cosmic_applet::simple_sensors: 📊 Memory packet data - used: 35866009600 bytes, total: 134819328000 bytes
[DEBUG] cosmic_applet::simple_sensors: 📊 GPU VRAM used: 3306 MB → 3466592256 bytes
[DEBUG] cosmic_applet::simple_sensors: 📊 GPU VRAM total: 24564 MB → 25757220864 bytes
[DEBUG] cosmic_applet::simple_sensors: 📊 GPU load percent: Some(0.0)
[DEBUG] cosmic_applet::simple_sensors: 📊 GPU temperature: Some(35.0)
[DEBUG] cosmic_applet::simple_sensors: 📊 Temperature packet data - celsius: 64
[DEBUG] cosmic_applet::network::udp_receiver: 📊 Updated metrics for machine: Neptune (CPU: 2.0%, Mem: 35866009600/134819328000 bytes)
[DEBUG] cosmic_applet: 🔄 RefreshMetrics: machine 'Neptune' CPU=2.0%, mem=35866009600/134819328000
[DEBUG] cosmic_applet: 🖼️  Rendering Panel: machine 'Neptune' CPU=2.0%, mem=35866009600/134819328000
[DEBUG] cosmic_applet: 🔄 RefreshMetrics: machine 'Neptune' CPU=2.0%, mem=35866009600/134819328000
[DEBUG] cosmic_applet: 🖼️  Rendering Panel: machine 'Neptune' CPU=2.0%, mem=35866009600/134819328000
[DEBUG] cosmic_applet::network::udp_receiver:   Tag offset in buffer: 360 (buffer len: 392)
[DEBUG] cosmic_applet::network::udp_receiver: 🔐 HMAC verification:
[DEBUG] cosmic_applet::network::udp_receiver:   Secret key (first 8 bytes): [30, 30, 30, 30, 30, 30, 30, 30]
[DEBUG] cosmic_applet::network::udp_receiver:   Received tag:  [ee, 20, fb, 44, c3, 28, 5e, 9d]
[DEBUG] cosmic_applet::network::udp_receiver:   Computed tag:  [ee, 20, fb, 44, c3, 28, 5e, 9d]
[DEBUG] cosmic_applet::network::udp_receiver:   ✓ Tags match
[DEBUG] cosmic_applet::simple_sensors: 📊 CPU packet data - usage: 1.8%, temp: Some(35.0)
[DEBUG] cosmic_applet::simple_sensors: 📊 Memory packet data - used: 35858370560 bytes, total: 134819328000 bytes
[DEBUG] cosmic_applet::simple_sensors: 📊 GPU VRAM used: 3306 MB → 3466592256 bytes
[DEBUG] cosmic_applet::simple_sensors: 📊 GPU VRAM total: 24564 MB → 25757220864 bytes
[DEBUG] cosmic_applet::simple_sensors: 📊 GPU load percent: Some(1.0)
[DEBUG] cosmic_applet::simple_sensors: 📊 GPU temperature: Some(35.0)
[DEBUG] cosmic_applet::simple_sensors: 📊 Temperature packet data - celsius: 35
[DEBUG] cosmic_applet::network::udp_receiver: 📊 Updated metrics for machine: Neptune (CPU: 1.8%, Mem: 35858370560/134819328000 bytes)
[DEBUG] cosmic_applet: 🔄 RefreshMetrics: machine 'Neptune' CPU=1.8%, mem=35858370560/134819328000
[DEBUG] cosmic_applet: 🖼️  Rendering Panel: machine 'Neptune' CPU=1.8%, mem=35858370560/134819328000
[DEBUG] cosmic_applet: 🔄 RefreshMetrics: machine 'Neptune' CPU=1.8%, mem=35858370560/134819328000
[DEBUG] cosmic_applet: 🖼️  Rendering Panel: machine 'Neptune' CPU=1.8%, mem=35858370560/134819328000
[DEBUG] cosmic_applet::network::udp_receiver:   Tag offset in buffer: 360 (buffer len: 392)
[DEBUG] cosmic_applet::network::udp_receiver: 🔐 HMAC verification:
[DEBUG] cosmic_applet::network::udp_receiver:   Secret key (first 8 bytes): [30, 30, 30, 30, 30, 30, 30, 30]
[DEBUG] cosmic_applet::network::udp_receiver:   Received tag:  [b7, 35, 8a, 32, 2f, e3, 7d, bc]
[DEBUG] cosmic_applet::network::udp_receiver:   Computed tag:  [b7, 35, 8a, 32, 2f, e3, 7d, bc]
[DEBUG] cosmic_applet::network::udp_receiver:   ✓ Tags match
[DEBUG] cosmic_applet::simple_sensors: 📊 CPU packet data - usage: 2.2%, temp: Some(36.0)
[DEBUG] cosmic_applet::simple_sensors: 📊 Memory packet data - used: 35864829952 bytes, total: 134819328000 bytes
[DEBUG] cosmic_applet::simple_sensors: 📊 GPU VRAM used: 3306 MB → 3466592256 bytes
[DEBUG] cosmic_applet::simple_sensors: 📊 GPU VRAM total: 24564 MB → 25757220864 bytes
[DEBUG] cosmic_applet::simple_sensors: 📊 GPU load percent: Some(1.0)
[DEBUG] cosmic_applet::simple_sensors: 📊 GPU temperature: Some(35.0)
[DEBUG] cosmic_applet::simple_sensors: 📊 Temperature packet data - celsius: 36
[DEBUG] cosmic_applet::network::udp_receiver: 📊 Updated metrics for machine: Neptune (CPU: 2.2%, Mem: 35864829952/134819328000 bytes)
[DEBUG] cosmic_applet: 🔄 RefreshMetrics: machine 'Neptune' CPU=2.2%, mem=35864829952/134819328000
[DEBUG] cosmic_applet: 🖼️  Rendering Panel: machine 'Neptune' CPU=2.2%, mem=35864829952/134819328000
[DEBUG] cosmic_applet: 🔄 RefreshMetrics: machine 'Neptune' CPU=2.2%, mem=35864829952/134819328000
[DEBUG] cosmic_applet: 🖼️  Rendering Panel: machine 'Neptune' CPU=2.2%, mem=35864829952/134819328000
[DEBUG] cosmic_applet::network::udp_receiver:   Tag offset in buffer: 360 (buffer len: 392)
[DEBUG] cosmic_applet::network::udp_receiver: 🔐 HMAC verification:
[DEBUG] cosmic_applet::network::udp_receiver:   Secret key (first 8 bytes): [30, 30, 30, 30, 30, 30, 30, 30]
[DEBUG] cosmic_applet::network::udp_receiver:   Received tag:  [bc, d0, fd, 9e, 73, ae, 79, 91]
[DEBUG] cosmic_applet::network::udp_receiver:   Computed tag:  [bc, d0, fd, 9e, 73, ae, 79, 91]
[DEBUG] cosmic_applet::network::udp_receiver:   ✓ Tags match
[DEBUG] cosmic_applet::simple_sensors: 📊 CPU packet data - usage: 2.3%, temp: Some(36.0)
[DEBUG] cosmic_applet::simple_sensors: 📊 Memory packet data - used: 35869954048 bytes, total: 134819328000 bytes
[DEBUG] cosmic_applet::simple_sensors: 📊 GPU VRAM used: 3306 MB → 3466592256 bytes
[DEBUG] cosmic_applet::simple_sensors: 📊 GPU VRAM total: 24564 MB → 25757220864 bytes
[DEBUG] cosmic_applet::simple_sensors: 📊 GPU load percent: Some(0.0)
[DEBUG] cosmic_applet::simple_sensors: 📊 GPU temperature: Some(35.0)
[DEBUG] cosmic_applet::simple_sensors: 📊 Temperature packet data - celsius: 36
[DEBUG] cosmic_applet::network::udp_receiver: 📊 Updated metrics for machine: Neptune (CPU: 2.3%, Mem: 35869954048/134819328000 bytes)
[DEBUG] cosmic_applet: 🔄 RefreshMetrics: machine 'Neptune' CPU=2.3%, mem=35869954048/134819328000
[DEBUG] cosmic_applet: 🖼️  Rendering Panel: machine 'Neptune' CPU=2.3%, mem=35869954048/134819328000
[DEBUG] cosmic_applet: 🔄 RefreshMetrics: machine 'Neptune' CPU=2.3%, mem=35869954048/134819328000
[DEBUG] cosmic_applet: 🖼️  Rendering Panel: machine 'Neptune' CPU=2.3%, mem=35869954048/134819328000
[DEBUG] cosmic_applet::network::udp_receiver:   Tag offset in buffer: 360 (buffer len: 392)
[DEBUG] cosmic_applet::network::udp_receiver: 🔐 HMAC verification:
[DEBUG] cosmic_applet::network::udp_receiver:   Secret key (first 8 bytes): [30, 30, 30, 30, 30, 30, 30, 30]
[DEBUG] cosmic_applet::network::udp_receiver:   Received tag:  [43, 3d, 91, 8d, 49, aa, 8a, 0c]
[DEBUG] cosmic_applet::network::udp_receiver:   Computed tag:  [43, 3d, 91, 8d, 49, aa, 8a, 0c]
[DEBUG] cosmic_applet::network::udp_receiver:   ✓ Tags match
[DEBUG] cosmic_applet::simple_sensors: 📊 CPU packet data - usage: 1.8%, temp: Some(63.0)
[DEBUG] cosmic_applet::simple_sensors: 📊 Memory packet data - used: 35869724672 bytes, total: 134819328000 bytes
[DEBUG] cosmic_applet::simple_sensors: 📊 GPU VRAM used: 3306 MB → 3466592256 bytes
[DEBUG] cosmic_applet::simple_sensors: 📊 GPU VRAM total: 24564 MB → 25757220864 bytes
[DEBUG] cosmic_applet::simple_sensors: 📊 GPU load percent: Some(1.0)
[DEBUG] cosmic_applet::simple_sensors: 📊 GPU temperature: Some(35.0)
[DEBUG] cosmic_applet::simple_sensors: 📊 Temperature packet data - celsius: 63
[DEBUG] cosmic_applet::network::udp_receiver: 📊 Updated metrics for machine: Neptune (CPU: 1.8%, Mem: 35869724672/134819328000 bytes)
[DEBUG] cosmic_applet: 🔄 RefreshMetrics: machine 'Neptune' CPU=1.8%, mem=35869724672/134819328000
[DEBUG] cosmic_applet: 🖼️  Rendering Panel: machine 'Neptune' CPU=1.8%, mem=35869724672/134819328000
[DEBUG] cosmic_applet: 🔄 RefreshMetrics: machine 'Neptune' CPU=1.8%, mem=35869724672/134819328000
[DEBUG] cosmic_applet: 🖼️  Rendering Panel: machine 'Neptune' CPU=1.8%, mem=35869724672/134819328000
[DEBUG] cosmic_applet::network::udp_receiver:   Tag offset in buffer: 360 (buffer len: 392)
[DEBUG] cosmic_applet::network::udp_receiver: 🔐 HMAC verification:
[DEBUG] cosmic_applet::network::udp_receiver:   Secret key (first 8 bytes): [30, 30, 30, 30, 30, 30, 30, 30]
[DEBUG] cosmic_applet::network::udp_receiver:   Received tag:  [36, 77, 54, fd, 6c, 22, 8f, 8f]
[DEBUG] cosmic_applet::network::udp_receiver:   Computed tag:  [36, 77, 54, fd, 6c, 22, 8f, 8f]
[DEBUG] cosmic_applet::network::udp_receiver:   ✓ Tags match
[DEBUG] cosmic_applet::simple_sensors: 📊 CPU packet data - usage: 1.8%, temp: Some(35.0)
[DEBUG] cosmic_applet::simple_sensors: 📊 Memory packet data - used: 35869192192 bytes, total: 134819328000 bytes
[DEBUG] cosmic_applet::simple_sensors: 📊 GPU VRAM used: 3306 MB → 3466592256 bytes
[DEBUG] cosmic_applet::simple_sensors: 📊 GPU VRAM total: 24564 MB → 25757220864 bytes
[DEBUG] cosmic_applet::simple_sensors: 📊 GPU load percent: Some(0.0)
[DEBUG] cosmic_applet::simple_sensors: 📊 GPU temperature: Some(35.0)
[DEBUG] cosmic_applet::simple_sensors: 📊 Temperature packet data - celsius: 35
[DEBUG] cosmic_applet::network::udp_receiver: 📊 Updated metrics for machine: Neptune (CPU: 1.8%, Mem: 35869192192/134819328000 bytes)
[DEBUG] cosmic_applet: 🔄 RefreshMetrics: machine 'Neptune' CPU=1.8%, mem=35869192192/134819328000
[DEBUG] cosmic_applet: 🖼️  Rendering Panel: machine 'Neptune' CPU=1.8%, mem=35869192192/134819328000
[DEBUG] cosmic_applet: 🔄 RefreshMetrics: machine 'Neptune' CPU=1.8%, mem=35869192192/134819328000
[DEBUG] cosmic_applet: 🖼️  Rendering Panel: machine 'Neptune' CPU=1.8%, mem=35869192192/134819328000
[DEBUG] cosmic_applet::network::udp_receiver:   Tag offset in buffer: 360 (buffer len: 392)
[DEBUG] cosmic_applet::network::udp_receiver: 🔐 HMAC verification:
[DEBUG] cosmic_applet::network::udp_receiver:   Secret key (first 8 bytes): [30, 30, 30, 30, 30, 30, 30, 30]
[DEBUG] cosmic_applet::network::udp_receiver:   Received tag:  [59, 6f, 74, 40, f1, 8b, 32, 80]
[DEBUG] cosmic_applet::network::udp_receiver:   Computed tag:  [59, 6f, 74, 40, f1, 8b, 32, 80]
[DEBUG] cosmic_applet::network::udp_receiver:   ✓ Tags match
[DEBUG] cosmic_applet::simple_sensors: 📊 CPU packet data - usage: 4.3%, temp: Some(36.0)
[DEBUG] cosmic_applet::simple_sensors: 📊 Memory packet data - used: 35901947904 bytes, total: 134819328000 bytes
[DEBUG] cosmic_applet::simple_sensors: 📊 GPU VRAM used: 3306 MB → 3466592256 bytes
[DEBUG] cosmic_applet::simple_sensors: 📊 GPU VRAM total: 24564 MB → 25757220864 bytes
[DEBUG] cosmic_applet::simple_sensors: 📊 GPU load percent: Some(7.0)
[DEBUG] cosmic_applet::simple_sensors: 📊 GPU temperature: Some(35.0)
[DEBUG] cosmic_applet::simple_sensors: 📊 Temperature packet data - celsius: 36
[DEBUG] cosmic_applet::network::udp_receiver: 📊 Updated metrics for machine: Neptune (CPU: 4.3%, Mem: 35901947904/134819328000 bytes)
[DEBUG] cosmic_applet: 🔄 RefreshMetrics: machine 'Neptune' CPU=4.3%, mem=35901947904/134819328000
[DEBUG] cosmic_applet: 🖼️  Rendering Panel: machine 'Neptune' CPU=4.3%, mem=35901947904/134819328000
[DEBUG] cosmic_applet: 🔄 RefreshMetrics: machine 'Neptune' CPU=4.3%, mem=35901947904/134819328000
[DEBUG] cosmic_applet: 🖼️  Rendering Panel: machine 'Neptune' CPU=4.3%, mem=35901947904/134819328000
[DEBUG] cosmic_applet::network::udp_receiver:   Tag offset in buffer: 360 (buffer len: 392)
[DEBUG] cosmic_applet::network::udp_receiver: 🔐 HMAC verification:
[DEBUG] cosmic_applet::network::udp_receiver:   Secret key (first 8 bytes): [30, 30, 30, 30, 30, 30, 30, 30]
[DEBUG] cosmic_applet::network::udp_receiver:   Received tag:  [b3, 1a, a7, fd, 5f, 49, 60, 7f]
[DEBUG] cosmic_applet::network::udp_receiver:   Computed tag:  [b3, 1a, a7, fd, 5f, 49, 60, 7f]
[DEBUG] cosmic_applet::network::udp_receiver:   ✓ Tags match
[DEBUG] cosmic_applet::simple_sensors: 📊 CPU packet data - usage: 4.1%, temp: Some(36.0)
[DEBUG] cosmic_applet::simple_sensors: 📊 Memory packet data - used: 35907977216 bytes, total: 134819328000 bytes
[DEBUG] cosmic_applet::simple_sensors: 📊 GPU VRAM used: 3306 MB → 3466592256 bytes
[DEBUG] cosmic_applet::simple_sensors: 📊 GPU VRAM total: 24564 MB → 25757220864 bytes
[DEBUG] cosmic_applet::simple_sensors: 📊 GPU load percent: Some(1.0)
[DEBUG] cosmic_applet::simple_sensors: 📊 GPU temperature: Some(35.0)
[DEBUG] cosmic_applet::simple_sensors: 📊 Temperature packet data - celsius: 36
[DEBUG] cosmic_applet::network::udp_receiver: 📊 Updated metrics for machine: Neptune (CPU: 4.1%, Mem: 35907977216/134819328000 bytes)
[DEBUG] cosmic_applet: 🔄 RefreshMetrics: machine 'Neptune' CPU=4.1%, mem=35907977216/134819328000
[DEBUG] cosmic_applet: 🖼️  Rendering Panel: machine 'Neptune' CPU=4.1%, mem=35907977216/134819328000
[DEBUG] cosmic_applet: 🔄 RefreshMetrics: machine 'Neptune' CPU=4.1%, mem=35907977216/134819328000
[DEBUG] cosmic_applet: 🖼️  Rendering Panel: machine 'Neptune' CPU=4.1%, mem=35907977216/134819328000
[DEBUG] cosmic_applet::network::udp_receiver:   Tag offset in buffer: 360 (buffer len: 392)
[DEBUG] cosmic_applet::network::udp_receiver: 🔐 HMAC verification:
[DEBUG] cosmic_applet::network::udp_receiver:   Secret key (first 8 bytes): [30, 30, 30, 30, 30, 30, 30, 30]
[DEBUG] cosmic_applet::network::udp_receiver:   Received tag:  [de, f6, 3c, 73, 02, a2, 0a, de]
[DEBUG] cosmic_applet::network::udp_receiver:   Computed tag:  [de, f6, 3c, 73, 02, a2, 0a, de]
[DEBUG] cosmic_applet::network::udp_receiver:   ✓ Tags match
[DEBUG] cosmic_applet::simple_sensors: 📊 CPU packet data - usage: 2.0%, temp: Some(67.0)
[DEBUG] cosmic_applet::simple_sensors: 📊 Memory packet data - used: 35894198272 bytes, total: 134819328000 bytes
[DEBUG] cosmic_applet::simple_sensors: 📊 GPU VRAM used: 3306 MB → 3466592256 bytes
[DEBUG] cosmic_applet::simple_sensors: 📊 GPU VRAM total: 24564 MB → 25757220864 bytes
[DEBUG] cosmic_applet::simple_sensors: 📊 GPU load percent: Some(1.0)
[DEBUG] cosmic_applet::simple_sensors: 📊 GPU temperature: Some(35.0)
[DEBUG] cosmic_applet::simple_sensors: 📊 Temperature packet data - celsius: 67
[DEBUG] cosmic_applet::network::udp_receiver: 📊 Updated metrics for machine: Neptune (CPU: 2.0%, Mem: 35894198272/134819328000 bytes)
[DEBUG] cosmic_applet: 🔄 RefreshMetrics: machine 'Neptune' CPU=2.0%, mem=35894198272/134819328000
[DEBUG] cosmic_applet: 🖼️  Rendering Panel: machine 'Neptune' CPU=2.0%, mem=35894198272/134819328000
[DEBUG] cosmic_applet: 🔄 RefreshMetrics: machine 'Neptune' CPU=2.0%, mem=35894198272/134819328000
[DEBUG] cosmic_applet: 🖼️  Rendering Panel: machine 'Neptune' CPU=2.0%, mem=35894198272/134819328000
[DEBUG] cosmic_applet::network::udp_receiver:   Tag offset in buffer: 360 (buffer len: 392)
[DEBUG] cosmic_applet::network::udp_receiver: 🔐 HMAC verification:
[DEBUG] cosmic_applet::network::udp_receiver:   Secret key (first 8 bytes): [30, 30, 30, 30, 30, 30, 30, 30]
[DEBUG] cosmic_applet::network::udp_receiver:   Received tag:  [45, e4, 0b, fa, 3c, 7d, f6, d9]
[DEBUG] cosmic_applet::network::udp_receiver:   Computed tag:  [45, e4, 0b, fa, 3c, 7d, f6, d9]
[DEBUG] cosmic_applet::network::udp_receiver:   ✓ Tags match
[DEBUG] cosmic_applet::simple_sensors: 📊 CPU packet data - usage: 2.1%, temp: Some(37.0)
[DEBUG] cosmic_applet::simple_sensors: 📊 Memory packet data - used: 35885592576 bytes, total: 134819328000 bytes
[DEBUG] cosmic_applet::simple_sensors: 📊 GPU VRAM used: 3306 MB → 3466592256 bytes
[DEBUG] cosmic_applet::simple_sensors: 📊 GPU VRAM total: 24564 MB → 25757220864 bytes
[DEBUG] cosmic_applet::simple_sensors: 📊 GPU load percent: Some(7.0)
[DEBUG] cosmic_applet::simple_sensors: 📊 GPU temperature: Some(35.0)
[DEBUG] cosmic_applet::simple_sensors: 📊 Temperature packet data - celsius: 37
[DEBUG] cosmic_applet::network::udp_receiver: 📊 Updated metrics for machine: Neptune (CPU: 2.1%, Mem: 35885592576/134819328000 bytes)
[DEBUG] cosmic_applet: 🔄 RefreshMetrics: machine 'Neptune' CPU=2.1%, mem=35885592576/134819328000
[DEBUG] cosmic_applet: 🖼️  Rendering Panel: machine 'Neptune' CPU=2.1%, mem=35885592576/134819328000
[DEBUG] cosmic_applet: 🔄 RefreshMetrics: machine 'Neptune' CPU=2.1%, mem=35885592576/134819328000
[DEBUG] cosmic_applet: 🖼️  Rendering Panel: machine 'Neptune' CPU=2.1%, mem=35885592576/134819328000
[DEBUG] cosmic_applet::network::udp_receiver:   Tag offset in buffer: 360 (buffer len: 392)
[DEBUG] cosmic_applet::network::udp_receiver: 🔐 HMAC verification:
[DEBUG] cosmic_applet::network::udp_receiver:   Secret key (first 8 bytes): [30, 30, 30, 30, 30, 30, 30, 30]
[DEBUG] cosmic_applet::network::udp_receiver:   Received tag:  [80, 74, 8e, 04, 60, 57, 0b, f3]
[DEBUG] cosmic_applet::network::udp_receiver:   Computed tag:  [80, 74, 8e, 04, 60, 57, 0b, f3]
[DEBUG] cosmic_applet::network::udp_receiver:   ✓ Tags match
[DEBUG] cosmic_applet::simple_sensors: 📊 CPU packet data - usage: 2.4%, temp: Some(36.0)
[DEBUG] cosmic_applet::simple_sensors: 📊 Memory packet data - used: 35898097664 bytes, total: 134819328000 bytes
[DEBUG] cosmic_applet::simple_sensors: 📊 GPU VRAM used: 3306 MB → 3466592256 bytes
[DEBUG] cosmic_applet::simple_sensors: 📊 GPU VRAM total: 24564 MB → 25757220864 bytes
[DEBUG] cosmic_applet::simple_sensors: 📊 GPU load percent: Some(6.0)
[DEBUG] cosmic_applet::simple_sensors: 📊 GPU temperature: Some(35.0)
[DEBUG] cosmic_applet::simple_sensors: 📊 Temperature packet data - celsius: 36
[DEBUG] cosmic_applet::network::udp_receiver: 📊 Updated metrics for machine: Neptune (CPU: 2.4%, Mem: 35898097664/134819328000 bytes)
[DEBUG] cosmic_applet: 🔄 RefreshMetrics: machine 'Neptune' CPU=2.4%, mem=35898097664/134819328000
[DEBUG] cosmic_applet: 🖼️  Rendering Panel: machine 'Neptune' CPU=2.4%, mem=35898097664/134819328000
[DEBUG] cosmic_applet: 🔄 RefreshMetrics: machine 'Neptune' CPU=2.4%, mem=35898097664/134819328000
[DEBUG] cosmic_applet: 🖼️  Rendering Panel: machine 'Neptune' CPU=2.4%, mem=35898097664/134819328000
[DEBUG] cosmic_applet::network::udp_receiver:   Tag offset in buffer: 360 (buffer len: 392)
[DEBUG] cosmic_applet::network::udp_receiver: 🔐 HMAC verification:
[DEBUG] cosmic_applet::network::udp_receiver:   Secret key (first 8 bytes): [30, 30, 30, 30, 30, 30, 30, 30]
[DEBUG] cosmic_applet::network::udp_receiver:   Received tag:  [76, d5, 4f, 2a, c9, fd, d2, 45]
[DEBUG] cosmic_applet::network::udp_receiver:   Computed tag:  [76, d5, 4f, 2a, c9, fd, d2, 45]
[DEBUG] cosmic_applet::network::udp_receiver:   ✓ Tags match
[DEBUG] cosmic_applet::simple_sensors: 📊 CPU packet data - usage: 3.8%, temp: Some(36.0)
[DEBUG] cosmic_applet::simple_sensors: 📊 Memory packet data - used: 35898552320 bytes, total: 134819328000 bytes
[DEBUG] cosmic_applet::simple_sensors: 📊 GPU VRAM used: 3306 MB → 3466592256 bytes
[DEBUG] cosmic_applet::simple_sensors: 📊 GPU VRAM total: 24564 MB → 25757220864 bytes
[DEBUG] cosmic_applet::simple_sensors: 📊 GPU load percent: Some(0.0)
[DEBUG] cosmic_applet::simple_sensors: 📊 GPU temperature: Some(35.0)
[DEBUG] cosmic_applet::simple_sensors: 📊 Temperature packet data - celsius: 36
[DEBUG] cosmic_applet::network::udp_receiver: 📊 Updated metrics for machine: Neptune (CPU: 3.8%, Mem: 35898552320/134819328000 bytes)
[DEBUG] cosmic_applet: 🔄 RefreshMetrics: machine 'Neptune' CPU=3.8%, mem=35898552320/134819328000
[DEBUG] cosmic_applet: 🖼️  Rendering Panel: machine 'Neptune' CPU=3.8%, mem=35898552320/134819328000
[DEBUG] cosmic_applet: 🔄 RefreshMetrics: machine 'Neptune' CPU=3.8%, mem=35898552320/134819328000
[DEBUG] cosmic_applet: 🖼️  Rendering Panel: machine 'Neptune' CPU=3.8%, mem=35898552320/134819328000
[DEBUG] cosmic_applet::network::udp_receiver:   Tag offset in buffer: 360 (buffer len: 392)
[DEBUG] cosmic_applet::network::udp_receiver: 🔐 HMAC verification:
[DEBUG] cosmic_applet::network::udp_receiver:   Secret key (first 8 bytes): [30, 30, 30, 30, 30, 30, 30, 30]
[DEBUG] cosmic_applet::network::udp_receiver:   Received tag:  [cc, dc, c6, 0d, 25, bc, 9d, 59]
[DEBUG] cosmic_applet::network::udp_receiver:   Computed tag:  [cc, dc, c6, 0d, 25, bc, 9d, 59]
[DEBUG] cosmic_applet::network::udp_receiver:   ✓ Tags match
[DEBUG] cosmic_applet::simple_sensors: 📊 CPU packet data - usage: 1.9%, temp: Some(64.0)
[DEBUG] cosmic_applet::simple_sensors: 📊 Memory packet data - used: 35902795776 bytes, total: 134819328000 bytes
[DEBUG] cosmic_applet::simple_sensors: 📊 GPU VRAM used: 3306 MB → 3466592256 bytes
[DEBUG] cosmic_applet::simple_sensors: 📊 GPU VRAM total: 24564 MB → 25757220864 bytes
[DEBUG] cosmic_applet::simple_sensors: 📊 GPU load percent: Some(0.0)
[DEBUG] cosmic_applet::simple_sensors: 📊 GPU temperature: Some(35.0)
[DEBUG] cosmic_applet::simple_sensors: 📊 Temperature packet data - celsius: 64
[DEBUG] cosmic_applet::network::udp_receiver: 📊 Updated metrics for machine: Neptune (CPU: 1.9%, Mem: 35902795776/134819328000 bytes)
[DEBUG] cosmic_applet: 🔄 RefreshMetrics: machine 'Neptune' CPU=1.9%, mem=35902795776/134819328000
[DEBUG] cosmic_applet: 🖼️  Rendering Panel: machine 'Neptune' CPU=1.9%, mem=35902795776/134819328000
[DEBUG] cosmic_applet: 🔄 RefreshMetrics: machine 'Neptune' CPU=1.9%, mem=35902795776/134819328000
[DEBUG] cosmic_applet: 🖼️  Rendering Panel: machine 'Neptune' CPU=1.9%, mem=35902795776/134819328000
[DEBUG] cosmic_applet::network::udp_receiver:   Tag offset in buffer: 360 (buffer len: 392)
[DEBUG] cosmic_applet::network::udp_receiver: 🔐 HMAC verification:
[DEBUG] cosmic_applet::network::udp_receiver:   Secret key (first 8 bytes): [30, 30, 30, 30, 30, 30, 30, 30]
[DEBUG] cosmic_applet::network::udp_receiver:   Received tag:  [70, 9c, 0b, 67, 5f, a1, 4c, da]
[DEBUG] cosmic_applet::network::udp_receiver:   Computed tag:  [70, 9c, 0b, 67, 5f, a1, 4c, da]
[DEBUG] cosmic_applet::network::udp_receiver:   ✓ Tags match
[DEBUG] cosmic_applet::simple_sensors: 📊 CPU packet data - usage: 2.0%, temp: Some(35.0)
[DEBUG] cosmic_applet::simple_sensors: 📊 Memory packet data - used: 35902382080 bytes, total: 134819328000 bytes
[DEBUG] cosmic_applet::simple_sensors: 📊 GPU VRAM used: 3306 MB → 3466592256 bytes
[DEBUG] cosmic_applet::simple_sensors: 📊 GPU VRAM total: 24564 MB → 25757220864 bytes
[DEBUG] cosmic_applet::simple_sensors: 📊 GPU load percent: Some(4.0)
[DEBUG] cosmic_applet::simple_sensors: 📊 GPU temperature: Some(35.0)
[DEBUG] cosmic_applet::simple_sensors: 📊 Temperature packet data - celsius: 35
[DEBUG] cosmic_applet::network::udp_receiver: 📊 Updated metrics for machine: Neptune (CPU: 2.0%, Mem: 35902382080/134819328000 bytes)
[DEBUG] cosmic_applet: 🔄 RefreshMetrics: machine 'Neptune' CPU=2.0%, mem=35902382080/134819328000
[DEBUG] cosmic_applet: 🖼️  Rendering Panel: machine 'Neptune' CPU=2.0%, mem=35902382080/134819328000
[DEBUG] cosmic_applet: 🔄 RefreshMetrics: machine 'Neptune' CPU=2.0%, mem=35902382080/134819328000
[DEBUG] cosmic_applet: 🖼️  Rendering Panel: machine 'Neptune' CPU=2.0%, mem=35902382080/134819328000
[DEBUG] cosmic_applet::network::udp_receiver:   Tag offset in buffer: 360 (buffer len: 392)
[DEBUG] cosmic_applet::network::udp_receiver: 🔐 HMAC verification:
[DEBUG] cosmic_applet::network::udp_receiver:   Secret key (first 8 bytes): [30, 30, 30, 30, 30, 30, 30, 30]
[DEBUG] cosmic_applet::network::udp_receiver:   Received tag:  [3d, 41, f5, 3b, bf, 6c, eb, 4b]
[DEBUG] cosmic_applet::network::udp_receiver:   Computed tag:  [3d, 41, f5, 3b, bf, 6c, eb, 4b]
[DEBUG] cosmic_applet::network::udp_receiver:   ✓ Tags match
[DEBUG] cosmic_applet::simple_sensors: 📊 CPU packet data - usage: 1.6%, temp: Some(36.0)
[DEBUG] cosmic_applet::simple_sensors: 📊 Memory packet data - used: 35898753024 bytes, total: 134819328000 bytes
[DEBUG] cosmic_applet::simple_sensors: 📊 GPU VRAM used: 3306 MB → 3466592256 bytes
[DEBUG] cosmic_applet::simple_sensors: 📊 GPU VRAM total: 24564 MB → 25757220864 bytes
[DEBUG] cosmic_applet::simple_sensors: 📊 GPU load percent: Some(0.0)
[DEBUG] cosmic_applet::simple_sensors: 📊 GPU temperature: Some(35.0)
[DEBUG] cosmic_applet::simple_sensors: 📊 Temperature packet data - celsius: 36
[DEBUG] cosmic_applet::network::udp_receiver: 📊 Updated metrics for machine: Neptune (CPU: 1.6%, Mem: 35898753024/134819328000 bytes)
[DEBUG] cosmic_applet: 🔄 RefreshMetrics: machine 'Neptune' CPU=1.6%, mem=35898753024/134819328000
[DEBUG] cosmic_applet: 🖼️  Rendering Panel: machine 'Neptune' CPU=1.6%, mem=35898753024/134819328000
[DEBUG] cosmic_applet: 🔄 RefreshMetrics: machine 'Neptune' CPU=1.6%, mem=35898753024/134819328000
[DEBUG] cosmic_applet: 🖼️  Rendering Panel: machine 'Neptune' CPU=1.6%, mem=35898753024/134819328000
[DEBUG] cosmic_applet::network::udp_receiver:   Tag offset in buffer: 360 (buffer len: 392)
[DEBUG] cosmic_applet::network::udp_receiver: 🔐 HMAC verification:
[DEBUG] cosmic_applet::network::udp_receiver:   Secret key (first 8 bytes): [30, 30, 30, 30, 30, 30, 30, 30]
[DEBUG] cosmic_applet::network::udp_receiver:   Received tag:  [46, 71, 2c, cd, 2a, 36, 9b, 06]
[DEBUG] cosmic_applet::network::udp_receiver:   Computed tag:  [46, 71, 2c, cd, 2a, 36, 9b, 06]
[DEBUG] cosmic_applet::network::udp_receiver:   ✓ Tags match
[DEBUG] cosmic_applet::simple_sensors: 📊 CPU packet data - usage: 1.9%, temp: Some(35.0)
[DEBUG] cosmic_applet::simple_sensors: 📊 Memory packet data - used: 35910291456 bytes, total: 134819328000 bytes
[DEBUG] cosmic_applet::simple_sensors: 📊 GPU VRAM used: 3306 MB → 3466592256 bytes
[DEBUG] cosmic_applet::simple_sensors: 📊 GPU VRAM total: 24564 MB → 25757220864 bytes
[DEBUG] cosmic_applet::simple_sensors: 📊 GPU load percent: Some(1.0)
[DEBUG] cosmic_applet::simple_sensors: 📊 GPU temperature: Some(35.0)
[DEBUG] cosmic_applet::simple_sensors: 📊 Temperature packet data - celsius: 35
[DEBUG] cosmic_applet::network::udp_receiver: 📊 Updated metrics for machine: Neptune (CPU: 1.9%, Mem: 35910291456/134819328000 bytes)
[DEBUG] cosmic_applet: 🔄 RefreshMetrics: machine 'Neptune' CPU=1.9%, mem=35910291456/134819328000
[DEBUG] cosmic_applet: 🖼️  Rendering Panel: machine 'Neptune' CPU=1.9%, mem=35910291456/134819328000
[DEBUG] cosmic_applet: 🔄 RefreshMetrics: machine 'Neptune' CPU=1.9%, mem=35910291456/134819328000
[DEBUG] cosmic_applet: 🖼️  Rendering Panel: machine 'Neptune' CPU=1.9%, mem=35910291456/134819328000
[DEBUG] cosmic_applet::network::udp_receiver:   Tag offset in buffer: 360 (buffer len: 392)
[DEBUG] cosmic_applet::network::udp_receiver: 🔐 HMAC verification:
[DEBUG] cosmic_applet::network::udp_receiver:   Secret key (first 8 bytes): [30, 30, 30, 30, 30, 30, 30, 30]
[DEBUG] cosmic_applet::network::udp_receiver:   Received tag:  [3a, a3, 0e, 34, 59, 05, f6, bd]
[DEBUG] cosmic_applet::network::udp_receiver:   Computed tag:  [3a, a3, 0e, 34, 59, 05, f6, bd]
[DEBUG] cosmic_applet::network::udp_receiver:   ✓ Tags match
[DEBUG] cosmic_applet::simple_sensors: 📊 CPU packet data - usage: 2.9%, temp: Some(42.0)
[DEBUG] cosmic_applet::simple_sensors: 📊 Memory packet data - used: 35895062528 bytes, total: 134819328000 bytes
[DEBUG] cosmic_applet::simple_sensors: 📊 GPU VRAM used: 3306 MB → 3466592256 bytes
[DEBUG] cosmic_applet::simple_sensors: 📊 GPU VRAM total: 24564 MB → 25757220864 bytes
[DEBUG] cosmic_applet::simple_sensors: 📊 GPU load percent: Some(1.0)
[DEBUG] cosmic_applet::simple_sensors: 📊 GPU temperature: Some(35.0)
[DEBUG] cosmic_applet::simple_sensors: 📊 Temperature packet data - celsius: 42
[DEBUG] cosmic_applet::network::udp_receiver: 📊 Updated metrics for machine: Neptune (CPU: 2.9%, Mem: 35895062528/134819328000 bytes)
[DEBUG] cosmic_applet: 🔄 RefreshMetrics: machine 'Neptune' CPU=2.9%, mem=35895062528/134819328000
[DEBUG] cosmic_applet: 🖼️  Rendering Panel: machine 'Neptune' CPU=2.9%, mem=35895062528/134819328000
[DEBUG] cosmic_applet: 🔄 RefreshMetrics: machine 'Neptune' CPU=2.9%, mem=35895062528/134819328000
[DEBUG] cosmic_applet: 🖼️  Rendering Panel: machine 'Neptune' CPU=2.9%, mem=35895062528/134819328000
[DEBUG] cosmic_applet::network::udp_receiver:   Tag offset in buffer: 360 (buffer len: 392)
[DEBUG] cosmic_applet::network::udp_receiver: 🔐 HMAC verification:
[DEBUG] cosmic_applet::network::udp_receiver:   Secret key (first 8 bytes): [30, 30, 30, 30, 30, 30, 30, 30]
[DEBUG] cosmic_applet::network::udp_receiver:   Received tag:  [40, b3, fc, 59, 4f, fa, 4f, 5a]
[DEBUG] cosmic_applet::network::udp_receiver:   Computed tag:  [40, b3, fc, 59, 4f, fa, 4f, 5a]
[DEBUG] cosmic_applet::network::udp_receiver:   ✓ Tags match
[DEBUG] cosmic_applet::simple_sensors: 📊 CPU packet data - usage: 2.0%, temp: Some(42.0)
[DEBUG] cosmic_applet::simple_sensors: 📊 Memory packet data - used: 35896987648 bytes, total: 134819328000 bytes
[DEBUG] cosmic_applet::simple_sensors: 📊 GPU VRAM used: 3306 MB → 3466592256 bytes
[DEBUG] cosmic_applet::simple_sensors: 📊 GPU VRAM total: 24564 MB → 25757220864 bytes
[DEBUG] cosmic_applet::simple_sensors: 📊 GPU load percent: Some(0.0)
[DEBUG] cosmic_applet::simple_sensors: 📊 GPU temperature: Some(35.0)
[DEBUG] cosmic_applet::simple_sensors: 📊 Temperature packet data - celsius: 42
[DEBUG] cosmic_applet::network::udp_receiver: 📊 Updated metrics for machine: Neptune (CPU: 2.0%, Mem: 35896987648/134819328000 bytes)
[DEBUG] cosmic_applet: 🔄 RefreshMetrics: machine 'Neptune' CPU=2.0%, mem=35896987648/134819328000
[DEBUG] cosmic_applet: 🖼️  Rendering Panel: machine 'Neptune' CPU=2.0%, mem=35896987648/134819328000
[DEBUG] cosmic_applet: 🔄 RefreshMetrics: machine 'Neptune' CPU=2.0%, mem=35896987648/134819328000
[DEBUG] cosmic_applet: 🖼️  Rendering Panel: machine 'Neptune' CPU=2.0%, mem=35896987648/134819328000
[DEBUG] cosmic_applet::network::udp_receiver:   Tag offset in buffer: 360 (buffer len: 392)
[DEBUG] cosmic_applet::network::udp_receiver: 🔐 HMAC verification:
[DEBUG] cosmic_applet::network::udp_receiver:   Secret key (first 8 bytes): [30, 30, 30, 30, 30, 30, 30, 30]
[DEBUG] cosmic_applet::network::udp_receiver:   Received tag:  [54, ca, 1f, d2, 1c, 6c, d1, 4f]
[DEBUG] cosmic_applet::network::udp_receiver:   Computed tag:  [54, ca, 1f, d2, 1c, 6c, d1, 4f]
[DEBUG] cosmic_applet::network::udp_receiver:   ✓ Tags match
[DEBUG] cosmic_applet::simple_sensors: 📊 CPU packet data - usage: 3.7%, temp: Some(65.0)
[DEBUG] cosmic_applet::simple_sensors: 📊 Memory packet data - used: 35913326592 bytes, total: 134819328000 bytes
[DEBUG] cosmic_applet::simple_sensors: 📊 GPU VRAM used: 3306 MB → 3466592256 bytes
[DEBUG] cosmic_applet::simple_sensors: 📊 GPU VRAM total: 24564 MB → 25757220864 bytes
[DEBUG] cosmic_applet::simple_sensors: 📊 GPU load percent: Some(12.0)
[DEBUG] cosmic_applet::simple_sensors: 📊 GPU temperature: Some(35.0)
[DEBUG] cosmic_applet::simple_sensors: 📊 Temperature packet data - celsius: 65
[DEBUG] cosmic_applet::network::udp_receiver: 📊 Updated metrics for machine: Neptune (CPU: 3.7%, Mem: 35913326592/134819328000 bytes)
[DEBUG] cosmic_applet: 🔄 RefreshMetrics: machine 'Neptune' CPU=3.7%, mem=35913326592/134819328000
[DEBUG] cosmic_applet: 🖼️  Rendering Panel: machine 'Neptune' CPU=3.7%, mem=35913326592/134819328000
[DEBUG] cosmic_applet: 🔄 RefreshMetrics: machine 'Neptune' CPU=3.7%, mem=35913326592/134819328000
[DEBUG] cosmic_applet: 🖼️  Rendering Panel: machine 'Neptune' CPU=3.7%, mem=35913326592/134819328000
[DEBUG] cosmic_applet::network::udp_receiver:   Tag offset in buffer: 360 (buffer len: 392)
[DEBUG] cosmic_applet::network::udp_receiver: 🔐 HMAC verification:
[DEBUG] cosmic_applet::network::udp_receiver:   Secret key (first 8 bytes): [30, 30, 30, 30, 30, 30, 30, 30]
[DEBUG] cosmic_applet::network::udp_receiver:   Received tag:  [3f, 21, dc, 0c, ee, 05, 9f, 09]
[DEBUG] cosmic_applet::network::udp_receiver:   Computed tag:  [3f, 21, dc, 0c, ee, 05, 9f, 09]
[DEBUG] cosmic_applet::network::udp_receiver:   ✓ Tags match
[DEBUG] cosmic_applet::simple_sensors: 📊 CPU packet data - usage: 3.6%, temp: Some(36.0)
[DEBUG] cosmic_applet::simple_sensors: 📊 Memory packet data - used: 35907649536 bytes, total: 134819328000 bytes
[DEBUG] cosmic_applet::simple_sensors: 📊 GPU VRAM used: 3306 MB → 3466592256 bytes
[DEBUG] cosmic_applet::simple_sensors: 📊 GPU VRAM total: 24564 MB → 25757220864 bytes
[DEBUG] cosmic_applet::simple_sensors: 📊 GPU load percent: Some(0.0)
[DEBUG] cosmic_applet::simple_sensors: 📊 GPU temperature: Some(35.0)
[DEBUG] cosmic_applet::simple_sensors: 📊 Temperature packet data - celsius: 36
[DEBUG] cosmic_applet::network::udp_receiver: 📊 Updated metrics for machine: Neptune (CPU: 3.6%, Mem: 35907649536/134819328000 bytes)
[DEBUG] cosmic_applet: 🔄 RefreshMetrics: machine 'Neptune' CPU=3.6%, mem=35907649536/134819328000
[DEBUG] cosmic_applet: 🖼️  Rendering Panel: machine 'Neptune' CPU=3.6%, mem=35907649536/134819328000
[DEBUG] cosmic_applet: 🔄 RefreshMetrics: machine 'Neptune' CPU=3.6%, mem=35907649536/134819328000
[DEBUG] cosmic_applet: 🖼️  Rendering Panel: machine 'Neptune' CPU=3.6%, mem=35907649536/134819328000
[DEBUG] cosmic_applet::network::udp_receiver:   Tag offset in buffer: 360 (buffer len: 392)
[DEBUG] cosmic_applet::network::udp_receiver: 🔐 HMAC verification:
[DEBUG] cosmic_applet::network::udp_receiver:   Secret key (first 8 bytes): [30, 30, 30, 30, 30, 30, 30, 30]
[DEBUG] cosmic_applet::network::udp_receiver:   Received tag:  [9b, f8, 36, 4b, 0e, 5c, f6, 2f]
[DEBUG] cosmic_applet::network::udp_receiver:   Computed tag:  [9b, f8, 36, 4b, 0e, 5c, f6, 2f]
[DEBUG] cosmic_applet::network::udp_receiver:   ✓ Tags match
[DEBUG] cosmic_applet::simple_sensors: 📊 CPU packet data - usage: 1.8%, temp: Some(36.0)
[DEBUG] cosmic_applet::simple_sensors: 📊 Memory packet data - used: 35917324288 bytes, total: 134819328000 bytes
[DEBUG] cosmic_applet::simple_sensors: 📊 GPU VRAM used: 3306 MB → 3466592256 bytes
[DEBUG] cosmic_applet::simple_sensors: 📊 GPU VRAM total: 24564 MB → 25757220864 bytes
[DEBUG] cosmic_applet::simple_sensors: 📊 GPU load percent: Some(1.0)
[DEBUG] cosmic_applet::simple_sensors: 📊 GPU temperature: Some(35.0)
[DEBUG] cosmic_applet::simple_sensors: 📊 Temperature packet data - celsius: 36
[DEBUG] cosmic_applet::network::udp_receiver: 📊 Updated metrics for machine: Neptune (CPU: 1.8%, Mem: 35917324288/134819328000 bytes)
[DEBUG] cosmic_applet: 🔄 RefreshMetrics: machine 'Neptune' CPU=1.8%, mem=35917324288/134819328000
[DEBUG] cosmic_applet: 🖼️  Rendering Panel: machine 'Neptune' CPU=1.8%, mem=35917324288/134819328000
[DEBUG] cosmic_applet: 🔄 RefreshMetrics: machine 'Neptune' CPU=1.8%, mem=35917324288/134819328000
[DEBUG] cosmic_applet: 🖼️  Rendering Panel: machine 'Neptune' CPU=1.8%, mem=35917324288/134819328000
[DEBUG] cosmic_applet::network::udp_receiver:   Tag offset in buffer: 360 (buffer len: 392)
[DEBUG] cosmic_applet::network::udp_receiver: 🔐 HMAC verification:
[DEBUG] cosmic_applet::network::udp_receiver:   Secret key (first 8 bytes): [30, 30, 30, 30, 30, 30, 30, 30]
[DEBUG] cosmic_applet::network::udp_receiver:   Received tag:  [14, cb, 74, 80, 41, 4e, ff, cb]
[DEBUG] cosmic_applet::network::udp_receiver:   Computed tag:  [14, cb, 74, 80, 41, 4e, ff, cb]
[DEBUG] cosmic_applet::network::udp_receiver:   ✓ Tags match
[DEBUG] cosmic_applet::simple_sensors: 📊 CPU packet data - usage: 1.7%, temp: Some(36.0)
[DEBUG] cosmic_applet::simple_sensors: 📊 Memory packet data - used: 35917942784 bytes, total: 134819328000 bytes
[DEBUG] cosmic_applet::simple_sensors: 📊 GPU VRAM used: 3306 MB → 3466592256 bytes
[DEBUG] cosmic_applet::simple_sensors: 📊 GPU VRAM total: 24564 MB → 25757220864 bytes
[DEBUG] cosmic_applet::simple_sensors: 📊 GPU load percent: Some(0.0)
[DEBUG] cosmic_applet::simple_sensors: 📊 GPU temperature: Some(35.0)
[DEBUG] cosmic_applet::simple_sensors: 📊 Temperature packet data - celsius: 36
[DEBUG] cosmic_applet::network::udp_receiver: 📊 Updated metrics for machine: Neptune (CPU: 1.7%, Mem: 35917942784/134819328000 bytes)
[DEBUG] cosmic_applet: 🔄 RefreshMetrics: machine 'Neptune' CPU=1.7%, mem=35917942784/134819328000
[DEBUG] cosmic_applet: 🖼️  Rendering Panel: machine 'Neptune' CPU=1.7%, mem=35917942784/134819328000
[DEBUG] cosmic_applet: 🔄 RefreshMetrics: machine 'Neptune' CPU=1.7%, mem=35917942784/134819328000
[DEBUG] cosmic_applet: 🖼️  Rendering Panel: machine 'Neptune' CPU=1.7%, mem=35917942784/134819328000
[DEBUG] cosmic_applet::network::udp_receiver:   Tag offset in buffer: 360 (buffer len: 392)
[DEBUG] cosmic_applet::network::udp_receiver: 🔐 HMAC verification:
[DEBUG] cosmic_applet::network::udp_receiver:   Secret key (first 8 bytes): [30, 30, 30, 30, 30, 30, 30, 30]
[DEBUG] cosmic_applet::network::udp_receiver:   Received tag:  [95, c3, ee, 71, c9, 85, 88, 0c]
[DEBUG] cosmic_applet::network::udp_receiver:   Computed tag:  [95, c3, ee, 71, c9, 85, 88, 0c]
[DEBUG] cosmic_applet::network::udp_receiver:   ✓ Tags match
[DEBUG] cosmic_applet::simple_sensors: 📊 CPU packet data - usage: 1.7%, temp: Some(63.0)
[DEBUG] cosmic_applet::simple_sensors: 📊 Memory packet data - used: 35908612096 bytes, total: 134819328000 bytes
[DEBUG] cosmic_applet::simple_sensors: 📊 GPU VRAM used: 3306 MB → 3466592256 bytes
[DEBUG] cosmic_applet::simple_sensors: 📊 GPU VRAM total: 24564 MB → 25757220864 bytes
[DEBUG] cosmic_applet::simple_sensors: 📊 GPU load percent: Some(0.0)
[DEBUG] cosmic_applet::simple_sensors: 📊 GPU temperature: Some(35.0)
[DEBUG] cosmic_applet::simple_sensors: 📊 Temperature packet data - celsius: 63
[DEBUG] cosmic_applet::network::udp_receiver: 📊 Updated metrics for machine: Neptune (CPU: 1.7%, Mem: 35908612096/134819328000 bytes)
[DEBUG] cosmic_applet: 🔄 RefreshMetrics: machine 'Neptune' CPU=1.7%, mem=35908612096/134819328000
[DEBUG] cosmic_applet: 🖼️  Rendering Panel: machine 'Neptune' CPU=1.7%, mem=35908612096/134819328000
[DEBUG] cosmic_applet: 🔄 RefreshMetrics: machine 'Neptune' CPU=1.7%, mem=35908612096/134819328000
[DEBUG] cosmic_applet: 🖼️  Rendering Panel: machine 'Neptune' CPU=1.7%, mem=35908612096/134819328000
[DEBUG] cosmic_applet::network::udp_receiver:   Tag offset in buffer: 360 (buffer len: 392)
[DEBUG] cosmic_applet::network::udp_receiver: 🔐 HMAC verification:
[DEBUG] cosmic_applet::network::udp_receiver:   Secret key (first 8 bytes): [30, 30, 30, 30, 30, 30, 30, 30]
[DEBUG] cosmic_applet::network::udp_receiver:   Received tag:  [d9, bd, 4c, 6d, 9a, f3, d9, 93]
[DEBUG] cosmic_applet::network::udp_receiver:   Computed tag:  [d9, bd, 4c, 6d, 9a, f3, d9, 93]
[DEBUG] cosmic_applet::network::udp_receiver:   ✓ Tags match
[DEBUG] cosmic_applet::simple_sensors: 📊 CPU packet data - usage: 1.8%, temp: Some(35.0)
[DEBUG] cosmic_applet::simple_sensors: 📊 Memory packet data - used: 35908976640 bytes, total: 134819328000 bytes
[DEBUG] cosmic_applet::simple_sensors: 📊 GPU VRAM used: 3306 MB → 3466592256 bytes
[DEBUG] cosmic_applet::simple_sensors: 📊 GPU VRAM total: 24564 MB → 25757220864 bytes
[DEBUG] cosmic_applet::simple_sensors: 📊 GPU load percent: Some(0.0)
[DEBUG] cosmic_applet::simple_sensors: 📊 GPU temperature: Some(35.0)
[DEBUG] cosmic_applet::simple_sensors: 📊 Temperature packet data - celsius: 35
[DEBUG] cosmic_applet::network::udp_receiver: 📊 Updated metrics for machine: Neptune (CPU: 1.8%, Mem: 35908976640/134819328000 bytes)
[DEBUG] cosmic_applet: 🔄 RefreshMetrics: machine 'Neptune' CPU=1.8%, mem=35908976640/134819328000
[DEBUG] cosmic_applet: 🖼️  Rendering Panel: machine 'Neptune' CPU=1.8%, mem=35908976640/134819328000
[DEBUG] cosmic_applet: 🔄 RefreshMetrics: machine 'Neptune' CPU=1.8%, mem=35908976640/134819328000
[DEBUG] cosmic_applet: 🖼️  Rendering Panel: machine 'Neptune' CPU=1.8%, mem=35908976640/134819328000
[DEBUG] cosmic_applet::network::udp_receiver:   Tag offset in buffer: 360 (buffer len: 392)
[DEBUG] cosmic_applet::network::udp_receiver: 🔐 HMAC verification:
[DEBUG] cosmic_applet::network::udp_receiver:   Secret key (first 8 bytes): [30, 30, 30, 30, 30, 30, 30, 30]
[DEBUG] cosmic_applet::network::udp_receiver:   Received tag:  [63, 58, 85, 50, 74, c9, ea, b0]
[DEBUG] cosmic_applet::network::udp_receiver:   Computed tag:  [63, 58, 85, 50, 74, c9, ea, b0]
[DEBUG] cosmic_applet::network::udp_receiver:   ✓ Tags match
[DEBUG] cosmic_applet::simple_sensors: 📊 CPU packet data - usage: 1.7%, temp: Some(35.0)
[DEBUG] cosmic_applet::simple_sensors: 📊 Memory packet data - used: 35908976640 bytes, total: 134819328000 bytes
[DEBUG] cosmic_applet::simple_sensors: 📊 GPU VRAM used: 3306 MB → 3466592256 bytes
[DEBUG] cosmic_applet::simple_sensors: 📊 GPU VRAM total: 24564 MB → 25757220864 bytes
[DEBUG] cosmic_applet::simple_sensors: 📊 GPU load percent: Some(1.0)
[DEBUG] cosmic_applet::simple_sensors: 📊 GPU temperature: Some(35.0)
[DEBUG] cosmic_applet::simple_sensors: 📊 Temperature packet data - celsius: 35
[DEBUG] cosmic_applet::network::udp_receiver: 📊 Updated metrics for machine: Neptune (CPU: 1.7%, Mem: 35908976640/134819328000 bytes)
[DEBUG] cosmic_applet: 🔄 RefreshMetrics: machine 'Neptune' CPU=1.7%, mem=35908976640/134819328000
[DEBUG] cosmic_applet: 🖼️  Rendering Panel: machine 'Neptune' CPU=1.7%, mem=35908976640/134819328000
[DEBUG] cosmic_applet: 🔄 RefreshMetrics: machine 'Neptune' CPU=1.7%, mem=35908976640/134819328000
[DEBUG] cosmic_applet: 🖼️  Rendering Panel: machine 'Neptune' CPU=1.7%, mem=35908976640/134819328000
[DEBUG] cosmic_applet::network::udp_receiver:   Tag offset in buffer: 360 (buffer len: 392)
[DEBUG] cosmic_applet::network::udp_receiver: 🔐 HMAC verification:
[DEBUG] cosmic_applet::network::udp_receiver:   Secret key (first 8 bytes): [30, 30, 30, 30, 30, 30, 30, 30]
[DEBUG] cosmic_applet::network::udp_receiver:   Received tag:  [30, 9c, 89, 4e, d9, 4a, c4, ee]
[DEBUG] cosmic_applet::network::udp_receiver:   Computed tag:  [30, 9c, 89, 4e, d9, 4a, c4, ee]
[DEBUG] cosmic_applet::network::udp_receiver:   ✓ Tags match
[DEBUG] cosmic_applet::simple_sensors: 📊 CPU packet data - usage: 1.9%, temp: Some(35.0)
[DEBUG] cosmic_applet::simple_sensors: 📊 Memory packet data - used: 35910549504 bytes, total: 134819328000 bytes
[DEBUG] cosmic_applet::simple_sensors: 📊 GPU VRAM used: 3306 MB → 3466592256 bytes
[DEBUG] cosmic_applet::simple_sensors: 📊 GPU VRAM total: 24564 MB → 25757220864 bytes
[DEBUG] cosmic_applet::simple_sensors: 📊 GPU load percent: Some(0.0)
[DEBUG] cosmic_applet::simple_sensors: 📊 GPU temperature: Some(35.0)
[DEBUG] cosmic_applet::simple_sensors: 📊 Temperature packet data - celsius: 35
[DEBUG] cosmic_applet::network::udp_receiver: 📊 Updated metrics for machine: Neptune (CPU: 1.9%, Mem: 35910549504/134819328000 bytes)
[DEBUG] cosmic_applet: 🔄 RefreshMetrics: machine 'Neptune' CPU=1.9%, mem=35910549504/134819328000
[DEBUG] cosmic_applet: 🖼️  Rendering Panel: machine 'Neptune' CPU=1.9%, mem=35910549504/134819328000
[DEBUG] cosmic_applet: 🔄 RefreshMetrics: machine 'Neptune' CPU=1.9%, mem=35910549504/134819328000
[DEBUG] cosmic_applet: 🖼️  Rendering Panel: machine 'Neptune' CPU=1.9%, mem=35910549504/134819328000
[DEBUG] cosmic_applet::network::udp_receiver:   Tag offset in buffer: 360 (buffer len: 392)
[DEBUG] cosmic_applet::network::udp_receiver: 🔐 HMAC verification:
[DEBUG] cosmic_applet::network::udp_receiver:   Secret key (first 8 bytes): [30, 30, 30, 30, 30, 30, 30, 30]
[DEBUG] cosmic_applet::network::udp_receiver:   Received tag:  [99, 41, 82, fa, 54, 80, a3, 28]
[DEBUG] cosmic_applet::network::udp_receiver:   Computed tag:  [99, 41, 82, fa, 54, 80, a3, 28]
[DEBUG] cosmic_applet::network::udp_receiver:   ✓ Tags match
[DEBUG] cosmic_applet::simple_sensors: 📊 CPU packet data - usage: 1.7%, temp: Some(35.0)
[DEBUG] cosmic_applet::simple_sensors: 📊 Memory packet data - used: 35910307840 bytes, total: 134819328000 bytes
[DEBUG] cosmic_applet::simple_sensors: 📊 GPU VRAM used: 3306 MB → 3466592256 bytes
[DEBUG] cosmic_applet::simple_sensors: 📊 GPU VRAM total: 24564 MB → 25757220864 bytes
[DEBUG] cosmic_applet::simple_sensors: 📊 GPU load percent: Some(2.0)
[DEBUG] cosmic_applet::simple_sensors: 📊 GPU temperature: Some(35.0)
[DEBUG] cosmic_applet::simple_sensors: 📊 Temperature packet data - celsius: 35
[DEBUG] cosmic_applet::network::udp_receiver: 📊 Updated metrics for machine: Neptune (CPU: 1.7%, Mem: 35910307840/134819328000 bytes)
[DEBUG] cosmic_applet: 🔄 RefreshMetrics: machine 'Neptune' CPU=1.7%, mem=35910307840/134819328000
[DEBUG] cosmic_applet: 🖼️  Rendering Panel: machine 'Neptune' CPU=1.7%, mem=35910307840/134819328000
[DEBUG] cosmic_applet: 🔄 RefreshMetrics: machine 'Neptune' CPU=1.7%, mem=35910307840/134819328000
[DEBUG] cosmic_applet: 🖼️  Rendering Panel: machine 'Neptune' CPU=1.7%, mem=35910307840/134819328000
[DEBUG] cosmic_applet::network::udp_receiver:   Tag offset in buffer: 360 (buffer len: 392)
[DEBUG] cosmic_applet::network::udp_receiver: 🔐 HMAC verification:
[DEBUG] cosmic_applet::network::udp_receiver:   Secret key (first 8 bytes): [30, 30, 30, 30, 30, 30, 30, 30]
[DEBUG] cosmic_applet::network::udp_receiver:   Received tag:  [22, 3a, 1a, 1c, e9, 8c, a3, f0]
[DEBUG] cosmic_applet::network::udp_receiver:   Computed tag:  [22, 3a, 1a, 1c, e9, 8c, a3, f0]
[DEBUG] cosmic_applet::network::udp_receiver:   ✓ Tags match
[DEBUG] cosmic_applet::simple_sensors: 📊 CPU packet data - usage: 2.2%, temp: Some(36.0)
[DEBUG] cosmic_applet::simple_sensors: 📊 Memory packet data - used: 35914059776 bytes, total: 134819328000 bytes
[DEBUG] cosmic_applet::simple_sensors: 📊 GPU VRAM used: 3306 MB → 3466592256 bytes
[DEBUG] cosmic_applet::simple_sensors: 📊 GPU VRAM total: 24564 MB → 25757220864 bytes
[DEBUG] cosmic_applet::simple_sensors: 📊 GPU load percent: Some(12.0)
[DEBUG] cosmic_applet::simple_sensors: 📊 GPU temperature: Some(35.0)
[DEBUG] cosmic_applet::simple_sensors: 📊 Temperature packet data - celsius: 36
[DEBUG] cosmic_applet::network::udp_receiver: 📊 Updated metrics for machine: Neptune (CPU: 2.2%, Mem: 35914059776/134819328000 bytes)
[DEBUG] cosmic_applet: 🔄 RefreshMetrics: machine 'Neptune' CPU=2.2%, mem=35914059776/134819328000
[DEBUG] cosmic_applet: 🖼️  Rendering Panel: machine 'Neptune' CPU=2.2%, mem=35914059776/134819328000
[DEBUG] cosmic_applet: 🔄 RefreshMetrics: machine 'Neptune' CPU=2.2%, mem=35914059776/134819328000
[DEBUG] cosmic_applet: 🖼️  Rendering Panel: machine 'Neptune' CPU=2.2%, mem=35914059776/134819328000
[DEBUG] cosmic_applet::network::udp_receiver:   Tag offset in buffer: 360 (buffer len: 392)
[DEBUG] cosmic_applet::network::udp_receiver: 🔐 HMAC verification:
[DEBUG] cosmic_applet::network::udp_receiver:   Secret key (first 8 bytes): [30, 30, 30, 30, 30, 30, 30, 30]
[DEBUG] cosmic_applet::network::udp_receiver:   Received tag:  [07, 86, 4b, c8, c2, e1, b2, f8]
[DEBUG] cosmic_applet::network::udp_receiver:   Computed tag:  [07, 86, 4b, c8, c2, e1, b2, f8]
[DEBUG] cosmic_applet::network::udp_receiver:   ✓ Tags match
[DEBUG] cosmic_applet::simple_sensors: 📊 CPU packet data - usage: 3.5%, temp: Some(64.0)
[DEBUG] cosmic_applet::simple_sensors: 📊 Memory packet data - used: 35914842112 bytes, total: 134819328000 bytes
[DEBUG] cosmic_applet::simple_sensors: 📊 GPU VRAM used: 3306 MB → 3466592256 bytes
[DEBUG] cosmic_applet::simple_sensors: 📊 GPU VRAM total: 24564 MB → 25757220864 bytes
[DEBUG] cosmic_applet::simple_sensors: 📊 GPU load percent: Some(0.0)
[DEBUG] cosmic_applet::simple_sensors: 📊 GPU temperature: Some(35.0)
[DEBUG] cosmic_applet::simple_sensors: 📊 Temperature packet data - celsius: 64
[DEBUG] cosmic_applet::network::udp_receiver: 📊 Updated metrics for machine: Neptune (CPU: 3.5%, Mem: 35914842112/134819328000 bytes)
[DEBUG] cosmic_applet: 🔄 RefreshMetrics: machine 'Neptune' CPU=3.5%, mem=35914842112/134819328000
[DEBUG] cosmic_applet: 🖼️  Rendering Panel: machine 'Neptune' CPU=3.5%, mem=35914842112/134819328000
[DEBUG] cosmic_applet: 🔄 RefreshMetrics: machine 'Neptune' CPU=3.5%, mem=35914842112/134819328000
[DEBUG] cosmic_applet: 🖼️  Rendering Panel: machine 'Neptune' CPU=3.5%, mem=35914842112/134819328000
[DEBUG] cosmic_applet::network::udp_receiver:   Tag offset in buffer: 360 (buffer len: 392)
[DEBUG] cosmic_applet::network::udp_receiver: 🔐 HMAC verification:
[DEBUG] cosmic_applet::network::udp_receiver:   Secret key (first 8 bytes): [30, 30, 30, 30, 30, 30, 30, 30]
[DEBUG] cosmic_applet::network::udp_receiver:   Received tag:  [e1, 6b, 64, 94, 99, c3, 28, 4f]
[DEBUG] cosmic_applet::network::udp_receiver:   Computed tag:  [e1, 6b, 64, 94, 99, c3, 28, 4f]
[DEBUG] cosmic_applet::network::udp_receiver:   ✓ Tags match
[DEBUG] cosmic_applet::simple_sensors: 📊 CPU packet data - usage: 1.7%, temp: Some(64.0)
[DEBUG] cosmic_applet::simple_sensors: 📊 Memory packet data - used: 35915243520 bytes, total: 134819328000 bytes
[DEBUG] cosmic_applet::simple_sensors: 📊 GPU VRAM used: 3306 MB → 3466592256 bytes
[DEBUG] cosmic_applet::simple_sensors: 📊 GPU VRAM total: 24564 MB → 25757220864 bytes
[DEBUG] cosmic_applet::simple_sensors: 📊 GPU load percent: Some(0.0)
[DEBUG] cosmic_applet::simple_sensors: 📊 GPU temperature: Some(35.0)
[DEBUG] cosmic_applet::simple_sensors: 📊 Temperature packet data - celsius: 64
[DEBUG] cosmic_applet::network::udp_receiver: 📊 Updated metrics for machine: Neptune (CPU: 1.7%, Mem: 35915243520/134819328000 bytes)
[DEBUG] cosmic_applet: 🔄 RefreshMetrics: machine 'Neptune' CPU=1.7%, mem=35915243520/134819328000
[DEBUG] cosmic_applet: 🖼️  Rendering Panel: machine 'Neptune' CPU=1.7%, mem=35915243520/134819328000
[DEBUG] cosmic_applet: 🔄 RefreshMetrics: machine 'Neptune' CPU=1.7%, mem=35915243520/134819328000
[DEBUG] cosmic_applet: 🖼️  Rendering Panel: machine 'Neptune' CPU=1.7%, mem=35915243520/134819328000
[DEBUG] cosmic_applet::network::udp_receiver:   Tag offset in buffer: 360 (buffer len: 392)
[DEBUG] cosmic_applet::network::udp_receiver: 🔐 HMAC verification:
[DEBUG] cosmic_applet::network::udp_receiver:   Secret key (first 8 bytes): [30, 30, 30, 30, 30, 30, 30, 30]
[DEBUG] cosmic_applet::network::udp_receiver:   Received tag:  [05, ea, 31, 70, 36, a7, 51, 1d]
[DEBUG] cosmic_applet::network::udp_receiver:   Computed tag:  [05, ea, 31, 70, 36, a7, 51, 1d]
[DEBUG] cosmic_applet::network::udp_receiver:   ✓ Tags match
[DEBUG] cosmic_applet::simple_sensors: 📊 CPU packet data - usage: 2.6%, temp: Some(65.0)
[DEBUG] cosmic_applet::simple_sensors: 📊 Memory packet data - used: 35923927040 bytes, total: 134819328000 bytes
[DEBUG] cosmic_applet::simple_sensors: 📊 GPU VRAM used: 3306 MB → 3466592256 bytes
[DEBUG] cosmic_applet::simple_sensors: 📊 GPU VRAM total: 24564 MB → 25757220864 bytes
[DEBUG] cosmic_applet::simple_sensors: 📊 GPU load percent: Some(9.0)
[DEBUG] cosmic_applet::simple_sensors: 📊 GPU temperature: Some(35.0)
[DEBUG] cosmic_applet::simple_sensors: 📊 Temperature packet data - celsius: 65
[DEBUG] cosmic_applet::network::udp_receiver: 📊 Updated metrics for machine: Neptune (CPU: 2.6%, Mem: 35923927040/134819328000 bytes)
[DEBUG] cosmic_applet: 🔄 RefreshMetrics: machine 'Neptune' CPU=2.6%, mem=35923927040/134819328000
[DEBUG] cosmic_applet: 🖼️  Rendering Panel: machine 'Neptune' CPU=2.6%, mem=35923927040/134819328000
[DEBUG] cosmic_applet: 🔄 RefreshMetrics: machine 'Neptune' CPU=2.6%, mem=35923927040/134819328000
[DEBUG] cosmic_applet: 🖼️  Rendering Panel: machine 'Neptune' CPU=2.6%, mem=35923927040/134819328000
[DEBUG] cosmic_applet::network::udp_receiver:   Tag offset in buffer: 360 (buffer len: 392)
[DEBUG] cosmic_applet::network::udp_receiver: 🔐 HMAC verification:
[DEBUG] cosmic_applet::network::udp_receiver:   Secret key (first 8 bytes): [30, 30, 30, 30, 30, 30, 30, 30]
[DEBUG] cosmic_applet::network::udp_receiver:   Received tag:  [eb, 8e, 86, 69, 6b, 2a, 77, c1]
[DEBUG] cosmic_applet::network::udp_receiver:   Computed tag:  [eb, 8e, 86, 69, 6b, 2a, 77, c1]
[DEBUG] cosmic_applet::network::udp_receiver:   ✓ Tags match
[DEBUG] cosmic_applet::simple_sensors: 📊 CPU packet data - usage: 2.1%, temp: Some(36.0)
[DEBUG] cosmic_applet::simple_sensors: 📊 Memory packet data - used: 35897319424 bytes, total: 134819328000 bytes
[DEBUG] cosmic_applet::simple_sensors: 📊 GPU VRAM used: 3321 MB → 3482320896 bytes
[DEBUG] cosmic_applet::simple_sensors: 📊 GPU VRAM total: 24564 MB → 25757220864 bytes
[DEBUG] cosmic_applet::simple_sensors: 📊 GPU load percent: Some(1.0)
[DEBUG] cosmic_applet::simple_sensors: 📊 GPU temperature: Some(35.0)
[DEBUG] cosmic_applet::simple_sensors: 📊 Temperature packet data - celsius: 36
[DEBUG] cosmic_applet::network::udp_receiver: 📊 Updated metrics for machine: Neptune (CPU: 2.1%, Mem: 35897319424/134819328000 bytes)
[DEBUG] cosmic_applet: 🔄 RefreshMetrics: machine 'Neptune' CPU=2.1%, mem=35897319424/134819328000
[DEBUG] cosmic_applet: 🖼️  Rendering Panel: machine 'Neptune' CPU=2.1%, mem=35897319424/134819328000
[DEBUG] cosmic_applet: 🔄 RefreshMetrics: machine 'Neptune' CPU=2.1%, mem=35897319424/134819328000
[DEBUG] cosmic_applet: 🖼️  Rendering Panel: machine 'Neptune' CPU=2.1%, mem=35897319424/134819328000
[DEBUG] cosmic_applet::network::udp_receiver:   Tag offset in buffer: 360 (buffer len: 392)
[DEBUG] cosmic_applet::network::udp_receiver: 🔐 HMAC verification:
[DEBUG] cosmic_applet::network::udp_receiver:   Secret key (first 8 bytes): [30, 30, 30, 30, 30, 30, 30, 30]
[DEBUG] cosmic_applet::network::udp_receiver:   Received tag:  [9b, 52, 26, 93, 86, 14, 74, 8a]
[DEBUG] cosmic_applet::network::udp_receiver:   Computed tag:  [9b, 52, 26, 93, 86, 14, 74, 8a]
[DEBUG] cosmic_applet::network::udp_receiver:   ✓ Tags match
[DEBUG] cosmic_applet::simple_sensors: 📊 CPU packet data - usage: 2.3%, temp: Some(39.0)
[DEBUG] cosmic_applet::simple_sensors: 📊 Memory packet data - used: 35881820160 bytes, total: 134819328000 bytes
[DEBUG] cosmic_applet::simple_sensors: 📊 GPU VRAM used: 3321 MB → 3482320896 bytes
[DEBUG] cosmic_applet::simple_sensors: 📊 GPU VRAM total: 24564 MB → 25757220864 bytes
[DEBUG] cosmic_applet::simple_sensors: 📊 GPU load percent: Some(0.0)
[DEBUG] cosmic_applet::simple_sensors: 📊 GPU temperature: Some(35.0)
[DEBUG] cosmic_applet::simple_sensors: 📊 Temperature packet data - celsius: 39
[DEBUG] cosmic_applet::network::udp_receiver: 📊 Updated metrics for machine: Neptune (CPU: 2.3%, Mem: 35881820160/134819328000 bytes)
[DEBUG] cosmic_applet: 🔄 RefreshMetrics: machine 'Neptune' CPU=2.3%, mem=35881820160/134819328000
[DEBUG] cosmic_applet: 🖼️  Rendering Panel: machine 'Neptune' CPU=2.3%, mem=35881820160/134819328000
[DEBUG] cosmic_applet: 🔄 RefreshMetrics: machine 'Neptune' CPU=2.3%, mem=35881820160/134819328000
[DEBUG] cosmic_applet: 🖼️  Rendering Panel: machine 'Neptune' CPU=2.3%, mem=35881820160/134819328000
[DEBUG] cosmic_applet::network::udp_receiver:   Tag offset in buffer: 360 (buffer len: 392)
[DEBUG] cosmic_applet::network::udp_receiver: 🔐 HMAC verification:
[DEBUG] cosmic_applet::network::udp_receiver:   Secret key (first 8 bytes): [30, 30, 30, 30, 30, 30, 30, 30]
[DEBUG] cosmic_applet::network::udp_receiver:   Received tag:  [6f, 4d, 44, bc, 1d, 08, 45, ef]
[DEBUG] cosmic_applet::network::udp_receiver:   Computed tag:  [6f, 4d, 44, bc, 1d, 08, 45, ef]
[DEBUG] cosmic_applet::network::udp_receiver:   ✓ Tags match
[DEBUG] cosmic_applet::simple_sensors: 📊 CPU packet data - usage: 2.1%, temp: Some(39.0)
[DEBUG] cosmic_applet::simple_sensors: 📊 Memory packet data - used: 35880538112 bytes, total: 134819328000 bytes
[DEBUG] cosmic_applet::simple_sensors: 📊 GPU VRAM used: 3339 MB → 3501195264 bytes
[DEBUG] cosmic_applet::simple_sensors: 📊 GPU VRAM total: 24564 MB → 25757220864 bytes
[DEBUG] cosmic_applet::simple_sensors: 📊 GPU load percent: Some(11.0)
[DEBUG] cosmic_applet::simple_sensors: 📊 GPU temperature: Some(35.0)
[DEBUG] cosmic_applet::simple_sensors: 📊 Temperature packet data - celsius: 39
[DEBUG] cosmic_applet::network::udp_receiver: 📊 Updated metrics for machine: Neptune (CPU: 2.1%, Mem: 35880538112/134819328000 bytes)
[DEBUG] cosmic_applet: 🔄 RefreshMetrics: machine 'Neptune' CPU=2.1%, mem=35880538112/134819328000
[DEBUG] cosmic_applet: 🖼️  Rendering Panel: machine 'Neptune' CPU=2.1%, mem=35880538112/134819328000
[DEBUG] cosmic_applet: 🔄 RefreshMetrics: machine 'Neptune' CPU=2.1%, mem=35880538112/134819328000
[DEBUG] cosmic_applet: 🖼️  Rendering Panel: machine 'Neptune' CPU=2.1%, mem=35880538112/134819328000
[DEBUG] cosmic_applet::network::udp_receiver:   Tag offset in buffer: 360 (buffer len: 392)
[DEBUG] cosmic_applet::network::udp_receiver: 🔐 HMAC verification:
[DEBUG] cosmic_applet::network::udp_receiver:   Secret key (first 8 bytes): [30, 30, 30, 30, 30, 30, 30, 30]
[DEBUG] cosmic_applet::network::udp_receiver:   Received tag:  [35, 70, b6, e7, 92, 0f, 05, bc]
[DEBUG] cosmic_applet::network::udp_receiver:   Computed tag:  [35, 70, b6, e7, 92, 0f, 05, bc]
[DEBUG] cosmic_applet::network::udp_receiver:   ✓ Tags match
[DEBUG] cosmic_applet::simple_sensors: 📊 CPU packet data - usage: 2.4%, temp: Some(61.0)
[DEBUG] cosmic_applet::simple_sensors: 📊 Memory packet data - used: 35891986432 bytes, total: 134819328000 bytes
[DEBUG] cosmic_applet::simple_sensors: 📊 GPU VRAM used: 3338 MB → 3500146688 bytes
[DEBUG] cosmic_applet::simple_sensors: 📊 GPU VRAM total: 24564 MB → 25757220864 bytes
[DEBUG] cosmic_applet::simple_sensors: 📊 GPU load percent: Some(3.0)
[DEBUG] cosmic_applet::simple_sensors: 📊 GPU temperature: Some(35.0)
[DEBUG] cosmic_applet::simple_sensors: 📊 Temperature packet data - celsius: 61
[DEBUG] cosmic_applet::network::udp_receiver: 📊 Updated metrics for machine: Neptune (CPU: 2.4%, Mem: 35891986432/134819328000 bytes)
[DEBUG] cosmic_applet: 🔄 RefreshMetrics: machine 'Neptune' CPU=2.4%, mem=35891986432/134819328000
[DEBUG] cosmic_applet: 🖼️  Rendering Panel: machine 'Neptune' CPU=2.4%, mem=35891986432/134819328000
[DEBUG] cosmic_applet: 🔄 RefreshMetrics: machine 'Neptune' CPU=2.4%, mem=35891986432/134819328000
[DEBUG] cosmic_applet: 🖼️  Rendering Panel: machine 'Neptune' CPU=2.4%, mem=35891986432/134819328000
[DEBUG] cosmic_applet::network::udp_receiver:   Tag offset in buffer: 360 (buffer len: 392)
[DEBUG] cosmic_applet::network::udp_receiver: 🔐 HMAC verification:
[DEBUG] cosmic_applet::network::udp_receiver:   Secret key (first 8 bytes): [30, 30, 30, 30, 30, 30, 30, 30]
[DEBUG] cosmic_applet::network::udp_receiver:   Received tag:  [21, 95, 40, e0, 97, 3c, 49, aa]
[DEBUG] cosmic_applet::network::udp_receiver:   Computed tag:  [21, 95, 40, e0, 97, 3c, 49, aa]
[DEBUG] cosmic_applet::network::udp_receiver:   ✓ Tags match
[DEBUG] cosmic_applet::simple_sensors: 📊 CPU packet data - usage: 3.3%, temp: Some(36.0)
[DEBUG] cosmic_applet::simple_sensors: 📊 Memory packet data - used: 35891945472 bytes, total: 134819328000 bytes
[DEBUG] cosmic_applet::simple_sensors: 📊 GPU VRAM used: 3347 MB → 3509583872 bytes
[DEBUG] cosmic_applet::simple_sensors: 📊 GPU VRAM total: 24564 MB → 25757220864 bytes
[DEBUG] cosmic_applet::simple_sensors: 📊 GPU load percent: Some(12.0)
[DEBUG] cosmic_applet::simple_sensors: 📊 GPU temperature: Some(35.0)
[DEBUG] cosmic_applet::simple_sensors: 📊 Temperature packet data - celsius: 36
[DEBUG] cosmic_applet::network::udp_receiver: 📊 Updated metrics for machine: Neptune (CPU: 3.3%, Mem: 35891945472/134819328000 bytes)
[DEBUG] cosmic_applet: 🔄 RefreshMetrics: machine 'Neptune' CPU=3.3%, mem=35891945472/134819328000
[DEBUG] cosmic_applet: 🖼️  Rendering Panel: machine 'Neptune' CPU=3.3%, mem=35891945472/134819328000
[DEBUG] cosmic_applet: 🔄 RefreshMetrics: machine 'Neptune' CPU=3.3%, mem=35891945472/134819328000
[DEBUG] cosmic_applet: 🖼️  Rendering Panel: machine 'Neptune' CPU=3.3%, mem=35891945472/134819328000
[DEBUG] cosmic_applet::network::udp_receiver:   Tag offset in buffer: 360 (buffer len: 392)
[DEBUG] cosmic_applet::network::udp_receiver: 🔐 HMAC verification:
[DEBUG] cosmic_applet::network::udp_receiver:   Secret key (first 8 bytes): [30, 30, 30, 30, 30, 30, 30, 30]
[DEBUG] cosmic_applet::network::udp_receiver:   Received tag:  [a1, 74, c9, 0a, 2f, d0, f3, a1]
[DEBUG] cosmic_applet::network::udp_receiver:   Computed tag:  [a1, 74, c9, 0a, 2f, d0, f3, a1]
[DEBUG] cosmic_applet::network::udp_receiver:   ✓ Tags match
[DEBUG] cosmic_applet::simple_sensors: 📊 CPU packet data - usage: 3.1%, temp: Some(38.0)
[DEBUG] cosmic_applet::simple_sensors: 📊 Memory packet data - used: 35939364864 bytes, total: 134819328000 bytes
[DEBUG] cosmic_applet::simple_sensors: 📊 GPU VRAM used: 3343 MB → 3505389568 bytes
[DEBUG] cosmic_applet::simple_sensors: 📊 GPU VRAM total: 24564 MB → 25757220864 bytes
[DEBUG] cosmic_applet::simple_sensors: 📊 GPU load percent: Some(6.0)
[DEBUG] cosmic_applet::simple_sensors: 📊 GPU temperature: Some(35.0)
[DEBUG] cosmic_applet::simple_sensors: 📊 Temperature packet data - celsius: 38
[DEBUG] cosmic_applet::network::udp_receiver: 📊 Updated metrics for machine: Neptune (CPU: 3.1%, Mem: 35939364864/134819328000 bytes)
[DEBUG] cosmic_applet: 🔄 RefreshMetrics: machine 'Neptune' CPU=3.1%, mem=35939364864/134819328000
[DEBUG] cosmic_applet: 🖼️  Rendering Panel: machine 'Neptune' CPU=3.1%, mem=35939364864/134819328000
[DEBUG] cosmic_applet: 🔄 RefreshMetrics: machine 'Neptune' CPU=3.1%, mem=35939364864/134819328000
[DEBUG] cosmic_applet: 🖼️  Rendering Panel: machine 'Neptune' CPU=3.1%, mem=35939364864/134819328000
[DEBUG] cosmic_applet::network::udp_receiver:   Tag offset in buffer: 360 (buffer len: 392)
[DEBUG] cosmic_applet::network::udp_receiver: 🔐 HMAC verification:
[DEBUG] cosmic_applet::network::udp_receiver:   Secret key (first 8 bytes): [30, 30, 30, 30, 30, 30, 30, 30]
[DEBUG] cosmic_applet::network::udp_receiver:   Received tag:  [a6, b3, f1, fa, cb, f3, 1d, 65]
[DEBUG] cosmic_applet::network::udp_receiver:   Computed tag:  [a6, b3, f1, fa, cb, f3, 1d, 65]
[DEBUG] cosmic_applet::network::udp_receiver:   ✓ Tags match
[DEBUG] cosmic_applet::simple_sensors: 📊 CPU packet data - usage: 2.4%, temp: Some(38.0)
[DEBUG] cosmic_applet::simple_sensors: 📊 Memory packet data - used: 35921215488 bytes, total: 134819328000 bytes
[DEBUG] cosmic_applet::simple_sensors: 📊 GPU VRAM used: 3182 MB → 3336568832 bytes
[DEBUG] cosmic_applet::simple_sensors: 📊 GPU VRAM total: 24564 MB → 25757220864 bytes
[DEBUG] cosmic_applet::simple_sensors: 📊 GPU load percent: Some(1.0)
[DEBUG] cosmic_applet::simple_sensors: 📊 GPU temperature: Some(35.0)
[DEBUG] cosmic_applet::simple_sensors: 📊 Temperature packet data - celsius: 38
[DEBUG] cosmic_applet::network::udp_receiver: 📊 Updated metrics for machine: Neptune (CPU: 2.4%, Mem: 35921215488/134819328000 bytes)
[DEBUG] cosmic_applet: 🔄 RefreshMetrics: machine 'Neptune' CPU=2.4%, mem=35921215488/134819328000
[DEBUG] cosmic_applet: 🖼️  Rendering Panel: machine 'Neptune' CPU=2.4%, mem=35921215488/134819328000
[DEBUG] cosmic_applet: 🔄 RefreshMetrics: machine 'Neptune' CPU=2.4%, mem=35921215488/134819328000
[DEBUG] cosmic_applet: 🖼️  Rendering Panel: machine 'Neptune' CPU=2.4%, mem=35921215488/134819328000
[DEBUG] cosmic_applet::network::udp_receiver:   Tag offset in buffer: 360 (buffer len: 392)
[DEBUG] cosmic_applet::network::udp_receiver: 🔐 HMAC verification:
[DEBUG] cosmic_applet::network::udp_receiver:   Secret key (first 8 bytes): [30, 30, 30, 30, 30, 30, 30, 30]
[DEBUG] cosmic_applet::network::udp_receiver:   Received tag:  [25, 6b, cc, 25, 13, 70, 26, a1]
[DEBUG] cosmic_applet::network::udp_receiver:   Computed tag:  [25, 6b, cc, 25, 13, 70, 26, a1]
[DEBUG] cosmic_applet::network::udp_receiver:   ✓ Tags match
[DEBUG] cosmic_applet::simple_sensors: 📊 CPU packet data - usage: 4.4%, temp: Some(61.0)
[DEBUG] cosmic_applet::simple_sensors: 📊 Memory packet data - used: 35938897920 bytes, total: 134819328000 bytes
[DEBUG] cosmic_applet::simple_sensors: 📊 GPU VRAM used: 3197 MB → 3352297472 bytes
[DEBUG] cosmic_applet::simple_sensors: 📊 GPU VRAM total: 24564 MB → 25757220864 bytes
[DEBUG] cosmic_applet::simple_sensors: 📊 GPU load percent: Some(0.0)
[DEBUG] cosmic_applet::simple_sensors: 📊 GPU temperature: Some(35.0)
[DEBUG] cosmic_applet::simple_sensors: 📊 Temperature packet data - celsius: 61
[DEBUG] cosmic_applet::network::udp_receiver: 📊 Updated metrics for machine: Neptune (CPU: 4.4%, Mem: 35938897920/134819328000 bytes)
[DEBUG] cosmic_applet: 🔄 RefreshMetrics: machine 'Neptune' CPU=4.4%, mem=35938897920/134819328000
[DEBUG] cosmic_applet: 🖼️  Rendering Panel: machine 'Neptune' CPU=4.4%, mem=35938897920/134819328000
[DEBUG] cosmic_applet: 🔄 RefreshMetrics: machine 'Neptune' CPU=4.4%, mem=35938897920/134819328000
[DEBUG] cosmic_applet: 🖼️  Rendering Panel: machine 'Neptune' CPU=4.4%, mem=35938897920/134819328000
[DEBUG] cosmic_applet::network::udp_receiver:   Tag offset in buffer: 360 (buffer len: 392)
[DEBUG] cosmic_applet::network::udp_receiver: 🔐 HMAC verification:
[DEBUG] cosmic_applet::network::udp_receiver:   Secret key (first 8 bytes): [30, 30, 30, 30, 30, 30, 30, 30]
[DEBUG] cosmic_applet::network::udp_receiver:   Received tag:  [c1, ad, 32, b4, 92, 1e, c5, ad]
[DEBUG] cosmic_applet::network::udp_receiver:   Computed tag:  [c1, ad, 32, b4, 92, 1e, c5, ad]
[DEBUG] cosmic_applet::network::udp_receiver:   ✓ Tags match
[DEBUG] cosmic_applet::simple_sensors: 📊 CPU packet data - usage: 2.1%, temp: Some(35.0)
[DEBUG] cosmic_applet::simple_sensors: 📊 Memory packet data - used: 35937632256 bytes, total: 134819328000 bytes
[DEBUG] cosmic_applet::simple_sensors: 📊 GPU VRAM used: 3197 MB → 3352297472 bytes
[DEBUG] cosmic_applet::simple_sensors: 📊 GPU VRAM total: 24564 MB → 25757220864 bytes
[DEBUG] cosmic_applet::simple_sensors: 📊 GPU load percent: Some(3.0)
[DEBUG] cosmic_applet::simple_sensors: 📊 GPU temperature: Some(35.0)
[DEBUG] cosmic_applet::simple_sensors: 📊 Temperature packet data - celsius: 35
[DEBUG] cosmic_applet::network::udp_receiver: 📊 Updated metrics for machine: Neptune (CPU: 2.1%, Mem: 35937632256/134819328000 bytes)
[DEBUG] cosmic_applet: 🔄 RefreshMetrics: machine 'Neptune' CPU=2.1%, mem=35937632256/134819328000
[DEBUG] cosmic_applet: 🖼️  Rendering Panel: machine 'Neptune' CPU=2.1%, mem=35937632256/134819328000
[DEBUG] cosmic_applet: 🔄 RefreshMetrics: machine 'Neptune' CPU=2.1%, mem=35937632256/134819328000
[DEBUG] cosmic_applet: 🖼️  Rendering Panel: machine 'Neptune' CPU=2.1%, mem=35937632256/134819328000
[DEBUG] cosmic_applet::network::udp_receiver:   Tag offset in buffer: 360 (buffer len: 392)
[DEBUG] cosmic_applet::network::udp_receiver: 🔐 HMAC verification:
[DEBUG] cosmic_applet::network::udp_receiver:   Secret key (first 8 bytes): [30, 30, 30, 30, 30, 30, 30, 30]
[DEBUG] cosmic_applet::network::udp_receiver:   Received tag:  [e1, 4f, d7, fa, 40, 15, b8, 8b]
[DEBUG] cosmic_applet::network::udp_receiver:   Computed tag:  [e1, 4f, d7, fa, 40, 15, b8, 8b]
[DEBUG] cosmic_applet::network::udp_receiver:   ✓ Tags match
[DEBUG] cosmic_applet::simple_sensors: 📊 CPU packet data - usage: 2.3%, temp: Some(36.0)
[DEBUG] cosmic_applet::simple_sensors: 📊 Memory packet data - used: 35933700096 bytes, total: 134819328000 bytes
[DEBUG] cosmic_applet::simple_sensors: 📊 GPU VRAM used: 3194 MB → 3349151744 bytes
[DEBUG] cosmic_applet::simple_sensors: 📊 GPU VRAM total: 24564 MB → 25757220864 bytes
[DEBUG] cosmic_applet::simple_sensors: 📊 GPU load percent: Some(0.0)
[DEBUG] cosmic_applet::simple_sensors: 📊 GPU temperature: Some(35.0)
[DEBUG] cosmic_applet::simple_sensors: 📊 Temperature packet data - celsius: 36
[DEBUG] cosmic_applet::network::udp_receiver: 📊 Updated metrics for machine: Neptune (CPU: 2.3%, Mem: 35933700096/134819328000 bytes)
[DEBUG] cosmic_applet: 🔄 RefreshMetrics: machine 'Neptune' CPU=2.3%, mem=35933700096/134819328000
[DEBUG] cosmic_applet: 🖼️  Rendering Panel: machine 'Neptune' CPU=2.3%, mem=35933700096/134819328000
[DEBUG] cosmic_applet: 🔄 RefreshMetrics: machine 'Neptune' CPU=2.3%, mem=35933700096/134819328000
[DEBUG] cosmic_applet: 🖼️  Rendering Panel: machine 'Neptune' CPU=2.3%, mem=35933700096/134819328000
[DEBUG] cosmic_applet::network::udp_receiver:   Tag offset in buffer: 360 (buffer len: 392)
[DEBUG] cosmic_applet::network::udp_receiver: 🔐 HMAC verification:
[DEBUG] cosmic_applet::network::udp_receiver:   Secret key (first 8 bytes): [30, 30, 30, 30, 30, 30, 30, 30]
[DEBUG] cosmic_applet::network::udp_receiver:   Received tag:  [c9, 67, c2, 44, a8, fd, c3, 34]
[DEBUG] cosmic_applet::network::udp_receiver:   Computed tag:  [c9, 67, c2, 44, a8, fd, c3, 34]
[DEBUG] cosmic_applet::network::udp_receiver:   ✓ Tags match
[DEBUG] cosmic_applet::simple_sensors: 📊 CPU packet data - usage: 6.7%, temp: Some(48.0)
[DEBUG] cosmic_applet::simple_sensors: 📊 Memory packet data - used: 35934871552 bytes, total: 134819328000 bytes
[DEBUG] cosmic_applet::simple_sensors: 📊 GPU VRAM used: 3209 MB → 3364880384 bytes
[DEBUG] cosmic_applet::simple_sensors: 📊 GPU VRAM total: 24564 MB → 25757220864 bytes
[DEBUG] cosmic_applet::simple_sensors: 📊 GPU load percent: Some(4.0)
[DEBUG] cosmic_applet::simple_sensors: 📊 GPU temperature: Some(35.0)
[DEBUG] cosmic_applet::simple_sensors: 📊 Temperature packet data - celsius: 48
[DEBUG] cosmic_applet::network::udp_receiver: 📊 Updated metrics for machine: Neptune (CPU: 6.7%, Mem: 35934871552/134819328000 bytes)
[DEBUG] cosmic_applet: 🔄 RefreshMetrics: machine 'Neptune' CPU=6.7%, mem=35934871552/134819328000
[DEBUG] cosmic_applet: 🖼️  Rendering Panel: machine 'Neptune' CPU=6.7%, mem=35934871552/134819328000
[DEBUG] cosmic_applet: 🔄 RefreshMetrics: machine 'Neptune' CPU=6.7%, mem=35934871552/134819328000
[DEBUG] cosmic_applet: 🖼️  Rendering Panel: machine 'Neptune' CPU=6.7%, mem=35934871552/134819328000
[DEBUG] cosmic_applet::network::udp_receiver:   Tag offset in buffer: 360 (buffer len: 392)
[DEBUG] cosmic_applet::network::udp_receiver: 🔐 HMAC verification:
[DEBUG] cosmic_applet::network::udp_receiver:   Secret key (first 8 bytes): [30, 30, 30, 30, 30, 30, 30, 30]
[DEBUG] cosmic_applet::network::udp_receiver:   Received tag:  [a8, 6c, 5a, 86, c6, 49, 11, 59]
[DEBUG] cosmic_applet::network::udp_receiver:   Computed tag:  [a8, 6c, 5a, 86, c6, 49, 11, 59]
[DEBUG] cosmic_applet::network::udp_receiver:   ✓ Tags match
[DEBUG] cosmic_applet::simple_sensors: 📊 CPU packet data - usage: 8.0%, temp: Some(48.0)
[DEBUG] cosmic_applet::simple_sensors: 📊 Memory packet data - used: 36031504384 bytes, total: 134819328000 bytes
[DEBUG] cosmic_applet::simple_sensors: 📊 GPU VRAM used: 3209 MB → 3364880384 bytes
[DEBUG] cosmic_applet::simple_sensors: 📊 GPU VRAM total: 24564 MB → 25757220864 bytes
[DEBUG] cosmic_applet::simple_sensors: 📊 GPU load percent: Some(9.0)
[DEBUG] cosmic_applet::simple_sensors: 📊 GPU temperature: Some(35.0)
[DEBUG] cosmic_applet::simple_sensors: 📊 Temperature packet data - celsius: 48
[DEBUG] cosmic_applet::network::udp_receiver: 📊 Updated metrics for machine: Neptune (CPU: 8.0%, Mem: 36031504384/134819328000 bytes)
[DEBUG] cosmic_applet: 🔄 RefreshMetrics: machine 'Neptune' CPU=8.0%, mem=36031504384/134819328000
[DEBUG] cosmic_applet: 🖼️  Rendering Panel: machine 'Neptune' CPU=8.0%, mem=36031504384/134819328000
[DEBUG] cosmic_applet: 🔄 RefreshMetrics: machine 'Neptune' CPU=8.0%, mem=36031504384/134819328000
[DEBUG] cosmic_applet: 🖼️  Rendering Panel: machine 'Neptune' CPU=8.0%, mem=36031504384/134819328000
[DEBUG] cosmic_applet::network::udp_receiver:   Tag offset in buffer: 360 (buffer len: 392)
[DEBUG] cosmic_applet::network::udp_receiver: 🔐 HMAC verification:
[DEBUG] cosmic_applet::network::udp_receiver:   Secret key (first 8 bytes): [30, 30, 30, 30, 30, 30, 30, 30]
[DEBUG] cosmic_applet::network::udp_receiver:   Received tag:  [9e, 38, 7b, 73, 82, a6, e1, d4]
[DEBUG] cosmic_applet::network::udp_receiver:   Computed tag:  [9e, 38, 7b, 73, 82, a6, e1, d4]
[DEBUG] cosmic_applet::network::udp_receiver:   ✓ Tags match
[DEBUG] cosmic_applet::simple_sensors: 📊 CPU packet data - usage: 1.8%, temp: Some(36.0)
[DEBUG] cosmic_applet::simple_sensors: 📊 Memory packet data - used: 36003885056 bytes, total: 134819328000 bytes
[DEBUG] cosmic_applet::simple_sensors: 📊 GPU VRAM used: 3203 MB → 3358588928 bytes
[DEBUG] cosmic_applet::simple_sensors: 📊 GPU VRAM total: 24564 MB → 25757220864 bytes
[DEBUG] cosmic_applet::simple_sensors: 📊 GPU load percent: Some(1.0)
[DEBUG] cosmic_applet::simple_sensors: 📊 GPU temperature: Some(35.0)
[DEBUG] cosmic_applet::simple_sensors: 📊 Temperature packet data - celsius: 36
[DEBUG] cosmic_applet::network::udp_receiver: 📊 Updated metrics for machine: Neptune (CPU: 1.8%, Mem: 36003885056/134819328000 bytes)
[DEBUG] cosmic_applet: 🔄 RefreshMetrics: machine 'Neptune' CPU=1.8%, mem=36003885056/134819328000
[DEBUG] cosmic_applet: 🖼️  Rendering Panel: machine 'Neptune' CPU=1.8%, mem=36003885056/134819328000
[DEBUG] cosmic_applet: 🔄 RefreshMetrics: machine 'Neptune' CPU=1.8%, mem=36003885056/134819328000
[DEBUG] cosmic_applet: 🖼️  Rendering Panel: machine 'Neptune' CPU=1.8%, mem=36003885056/134819328000
[DEBUG] cosmic_applet::network::udp_receiver:   Tag offset in buffer: 360 (buffer len: 392)
[DEBUG] cosmic_applet::network::udp_receiver: 🔐 HMAC verification:
[DEBUG] cosmic_applet::network::udp_receiver:   Secret key (first 8 bytes): [30, 30, 30, 30, 30, 30, 30, 30]
[DEBUG] cosmic_applet::network::udp_receiver:   Received tag:  [7f, f4, 9e, 9d, 45, 3b, 2b, 5d]
[DEBUG] cosmic_applet::network::udp_receiver:   Computed tag:  [7f, f4, 9e, 9d, 45, 3b, 2b, 5d]
[DEBUG] cosmic_applet::network::udp_receiver:   ✓ Tags match
[DEBUG] cosmic_applet::simple_sensors: 📊 CPU packet data - usage: 4.0%, temp: Some(37.0)
[DEBUG] cosmic_applet::simple_sensors: 📊 Memory packet data - used: 35939225600 bytes, total: 134819328000 bytes
[DEBUG] cosmic_applet::simple_sensors: 📊 GPU VRAM used: 3202 MB → 3357540352 bytes
[DEBUG] cosmic_applet::simple_sensors: 📊 GPU VRAM total: 24564 MB → 25757220864 bytes
[DEBUG] cosmic_applet::simple_sensors: 📊 GPU load percent: Some(8.0)
[DEBUG] cosmic_applet::simple_sensors: 📊 GPU temperature: Some(35.0)
[DEBUG] cosmic_applet::simple_sensors: 📊 Temperature packet data - celsius: 37
[DEBUG] cosmic_applet::network::udp_receiver: 📊 Updated metrics for machine: Neptune (CPU: 4.0%, Mem: 35939225600/134819328000 bytes)
[DEBUG] cosmic_applet: 🔄 RefreshMetrics: machine 'Neptune' CPU=4.0%, mem=35939225600/134819328000
[DEBUG] cosmic_applet: 🖼️  Rendering Panel: machine 'Neptune' CPU=4.0%, mem=35939225600/134819328000
[DEBUG] cosmic_applet: 🔄 RefreshMetrics: machine 'Neptune' CPU=4.0%, mem=35939225600/134819328000
[DEBUG] cosmic_applet: 🖼️  Rendering Panel: machine 'Neptune' CPU=4.0%, mem=35939225600/134819328000
[DEBUG] cosmic_applet::network::udp_receiver:   Tag offset in buffer: 360 (buffer len: 392)
[DEBUG] cosmic_applet::network::udp_receiver: 🔐 HMAC verification:
[DEBUG] cosmic_applet::network::udp_receiver:   Secret key (first 8 bytes): [30, 30, 30, 30, 30, 30, 30, 30]
[DEBUG] cosmic_applet::network::udp_receiver:   Received tag:  [13, c6, 4a, 24, a1, c4, 3e, a8]
[DEBUG] cosmic_applet::network::udp_receiver:   Computed tag:  [13, c6, 4a, 24, a1, c4, 3e, a8]
[DEBUG] cosmic_applet::network::udp_receiver:   ✓ Tags match
[DEBUG] cosmic_applet::simple_sensors: 📊 CPU packet data - usage: 1.9%, temp: Some(37.0)
[DEBUG] cosmic_applet::simple_sensors: 📊 Memory packet data - used: 35938820096 bytes, total: 134819328000 bytes
[DEBUG] cosmic_applet::simple_sensors: 📊 GPU VRAM used: 3200 MB → 3355443200 bytes
[DEBUG] cosmic_applet::simple_sensors: 📊 GPU VRAM total: 24564 MB → 25757220864 bytes
[DEBUG] cosmic_applet::simple_sensors: 📊 GPU load percent: Some(1.0)
[DEBUG] cosmic_applet::simple_sensors: 📊 GPU temperature: Some(35.0)
[DEBUG] cosmic_applet::simple_sensors: 📊 Temperature packet data - celsius: 37
[DEBUG] cosmic_applet::network::udp_receiver: 📊 Updated metrics for machine: Neptune (CPU: 1.9%, Mem: 35938820096/134819328000 bytes)
[DEBUG] cosmic_applet: 🔄 RefreshMetrics: machine 'Neptune' CPU=1.9%, mem=35938820096/134819328000
[DEBUG] cosmic_applet: 🖼️  Rendering Panel: machine 'Neptune' CPU=1.9%, mem=35938820096/134819328000
[DEBUG] cosmic_applet: 🔄 RefreshMetrics: machine 'Neptune' CPU=1.9%, mem=35938820096/134819328000
[DEBUG] cosmic_applet: 🖼️  Rendering Panel: machine 'Neptune' CPU=1.9%, mem=35938820096/134819328000
[DEBUG] cosmic_applet::network::udp_receiver:   Tag offset in buffer: 360 (buffer len: 392)
[DEBUG] cosmic_applet::network::udp_receiver: 🔐 HMAC verification:
[DEBUG] cosmic_applet::network::udp_receiver:   Secret key (first 8 bytes): [30, 30, 30, 30, 30, 30, 30, 30]
[DEBUG] cosmic_applet::network::udp_receiver:   Received tag:  [24, e8, 8d, 17, c6, 40, 63, 0f]
[DEBUG] cosmic_applet::network::udp_receiver:   Computed tag:  [24, e8, 8d, 17, c6, 40, 63, 0f]
[DEBUG] cosmic_applet::network::udp_receiver:   ✓ Tags match
[DEBUG] cosmic_applet::simple_sensors: 📊 CPU packet data - usage: 2.0%, temp: Some(60.0)
[DEBUG] cosmic_applet::simple_sensors: 📊 Memory packet data - used: 35941859328 bytes, total: 134819328000 bytes
[DEBUG] cosmic_applet::simple_sensors: 📊 GPU VRAM used: 3194 MB → 3349151744 bytes
[DEBUG] cosmic_applet::simple_sensors: 📊 GPU VRAM total: 24564 MB → 25757220864 bytes
[DEBUG] cosmic_applet::simple_sensors: 📊 GPU load percent: Some(1.0)
[DEBUG] cosmic_applet::simple_sensors: 📊 GPU temperature: Some(35.0)
[DEBUG] cosmic_applet::simple_sensors: 📊 Temperature packet data - celsius: 60
[DEBUG] cosmic_applet::network::udp_receiver: 📊 Updated metrics for machine: Neptune (CPU: 2.0%, Mem: 35941859328/134819328000 bytes)
[DEBUG] cosmic_applet: 🔄 RefreshMetrics: machine 'Neptune' CPU=2.0%, mem=35941859328/134819328000
[DEBUG] cosmic_applet: 🖼️  Rendering Panel: machine 'Neptune' CPU=2.0%, mem=35941859328/134819328000
[DEBUG] cosmic_applet: 🔄 RefreshMetrics: machine 'Neptune' CPU=2.0%, mem=35941859328/134819328000
[DEBUG] cosmic_applet: 🖼️  Rendering Panel: machine 'Neptune' CPU=2.0%, mem=35941859328/134819328000
[DEBUG] cosmic_applet::network::udp_receiver:   Tag offset in buffer: 360 (buffer len: 392)
[DEBUG] cosmic_applet::network::udp_receiver: 🔐 HMAC verification:
[DEBUG] cosmic_applet::network::udp_receiver:   Secret key (first 8 bytes): [30, 30, 30, 30, 30, 30, 30, 30]
[DEBUG] cosmic_applet::network::udp_receiver:   Received tag:  [42, ae, 98, b7, 43, 30, 23, d7]
[DEBUG] cosmic_applet::network::udp_receiver:   Computed tag:  [42, ae, 98, b7, 43, 30, 23, d7]
[DEBUG] cosmic_applet::network::udp_receiver:   ✓ Tags match
[DEBUG] cosmic_applet::simple_sensors: 📊 CPU packet data - usage: 3.0%, temp: Some(35.0)
[DEBUG] cosmic_applet::simple_sensors: 📊 Memory packet data - used: 35983540224 bytes, total: 134819328000 bytes
[DEBUG] cosmic_applet::simple_sensors: 📊 GPU VRAM used: 3185 MB → 3339714560 bytes
[DEBUG] cosmic_applet::simple_sensors: 📊 GPU VRAM total: 24564 MB → 25757220864 bytes
[DEBUG] cosmic_applet::simple_sensors: 📊 GPU load percent: Some(5.0)
[DEBUG] cosmic_applet::simple_sensors: 📊 GPU temperature: Some(35.0)
[DEBUG] cosmic_applet::simple_sensors: 📊 Temperature packet data - celsius: 35
[DEBUG] cosmic_applet::network::udp_receiver: 📊 Updated metrics for machine: Neptune (CPU: 3.0%, Mem: 35983540224/134819328000 bytes)
[DEBUG] cosmic_applet: 🔄 RefreshMetrics: machine 'Neptune' CPU=3.0%, mem=35983540224/134819328000
[DEBUG] cosmic_applet: 🖼️  Rendering Panel: machine 'Neptune' CPU=3.0%, mem=35983540224/134819328000
[DEBUG] cosmic_applet: 🔄 RefreshMetrics: machine 'Neptune' CPU=3.0%, mem=35983540224/134819328000
[DEBUG] cosmic_applet: 🖼️  Rendering Panel: machine 'Neptune' CPU=3.0%, mem=35983540224/134819328000
[DEBUG] cosmic_applet::network::udp_receiver:   Tag offset in buffer: 360 (buffer len: 392)
[DEBUG] cosmic_applet::network::udp_receiver: 🔐 HMAC verification:
[DEBUG] cosmic_applet::network::udp_receiver:   Secret key (first 8 bytes): [30, 30, 30, 30, 30, 30, 30, 30]
[DEBUG] cosmic_applet::network::udp_receiver:   Received tag:  [a9, 8e, 65, b4, 6f, e1, 67, a3]
[DEBUG] cosmic_applet::network::udp_receiver:   Computed tag:  [a9, 8e, 65, b4, 6f, e1, 67, a3]
[DEBUG] cosmic_applet::network::udp_receiver:   ✓ Tags match
[DEBUG] cosmic_applet::simple_sensors: 📊 CPU packet data - usage: 3.1%, temp: Some(36.0)
[DEBUG] cosmic_applet::simple_sensors: 📊 Memory packet data - used: 35986046976 bytes, total: 134819328000 bytes
[DEBUG] cosmic_applet::simple_sensors: 📊 GPU VRAM used: 3183 MB → 3337617408 bytes
[DEBUG] cosmic_applet::simple_sensors: 📊 GPU VRAM total: 24564 MB → 25757220864 bytes
[DEBUG] cosmic_applet::simple_sensors: 📊 GPU load percent: Some(1.0)
[DEBUG] cosmic_applet::simple_sensors: 📊 GPU temperature: Some(35.0)
[DEBUG] cosmic_applet::simple_sensors: 📊 Temperature packet data - celsius: 36
[DEBUG] cosmic_applet::network::udp_receiver: 📊 Updated metrics for machine: Neptune (CPU: 3.1%, Mem: 35986046976/134819328000 bytes)
[DEBUG] cosmic_applet: 🔄 RefreshMetrics: machine 'Neptune' CPU=3.1%, mem=35986046976/134819328000
[DEBUG] cosmic_applet: 🖼️  Rendering Panel: machine 'Neptune' CPU=3.1%, mem=35986046976/134819328000
[DEBUG] cosmic_applet: 🔄 RefreshMetrics: machine 'Neptune' CPU=3.1%, mem=35986046976/134819328000
[DEBUG] cosmic_applet: 🖼️  Rendering Panel: machine 'Neptune' CPU=3.1%, mem=35986046976/134819328000
[DEBUG] cosmic_applet::network::udp_receiver:   Tag offset in buffer: 360 (buffer len: 392)
[DEBUG] cosmic_applet::network::udp_receiver: 🔐 HMAC verification:
[DEBUG] cosmic_applet::network::udp_receiver:   Secret key (first 8 bytes): [30, 30, 30, 30, 30, 30, 30, 30]
[DEBUG] cosmic_applet::network::udp_receiver:   Received tag:  [f5, 26, 69, 68, 1c, 70, 55, 81]
[DEBUG] cosmic_applet::network::udp_receiver:   Computed tag:  [f5, 26, 69, 68, 1c, 70, 55, 81]
[DEBUG] cosmic_applet::network::udp_receiver:   ✓ Tags match
[DEBUG] cosmic_applet::simple_sensors: 📊 CPU packet data - usage: 1.9%, temp: Some(35.0)
[DEBUG] cosmic_applet::simple_sensors: 📊 Memory packet data - used: 35953192960 bytes, total: 134819328000 bytes
[DEBUG] cosmic_applet::simple_sensors: 📊 GPU VRAM used: 3183 MB → 3337617408 bytes
[DEBUG] cosmic_applet::simple_sensors: 📊 GPU VRAM total: 24564 MB → 25757220864 bytes
[DEBUG] cosmic_applet::simple_sensors: 📊 GPU load percent: Some(1.0)
[DEBUG] cosmic_applet::simple_sensors: 📊 GPU temperature: Some(35.0)
[DEBUG] cosmic_applet::simple_sensors: 📊 Temperature packet data - celsius: 35
[DEBUG] cosmic_applet::network::udp_receiver: 📊 Updated metrics for machine: Neptune (CPU: 1.9%, Mem: 35953192960/134819328000 bytes)
[DEBUG] cosmic_applet: 🔄 RefreshMetrics: machine 'Neptune' CPU=1.9%, mem=35953192960/134819328000
[DEBUG] cosmic_applet: 🖼️  Rendering Panel: machine 'Neptune' CPU=1.9%, mem=35953192960/134819328000
[DEBUG] cosmic_applet: 🔄 RefreshMetrics: machine 'Neptune' CPU=1.9%, mem=35953192960/134819328000
[DEBUG] cosmic_applet: 🖼️  Rendering Panel: machine 'Neptune' CPU=1.9%, mem=35953192960/134819328000
[DEBUG] cosmic_applet::network::udp_receiver:   Tag offset in buffer: 360 (buffer len: 392)
[DEBUG] cosmic_applet::network::udp_receiver: 🔐 HMAC verification:
[DEBUG] cosmic_applet::network::udp_receiver:   Secret key (first 8 bytes): [30, 30, 30, 30, 30, 30, 30, 30]
[DEBUG] cosmic_applet::network::udp_receiver:   Received tag:  [7a, 72, 95, e0, 28, 23, 29, cb]
[DEBUG] cosmic_applet::network::udp_receiver:   Computed tag:  [7a, 72, 95, e0, 28, 23, 29, cb]
[DEBUG] cosmic_applet::network::udp_receiver:   ✓ Tags match
[DEBUG] cosmic_applet::simple_sensors: 📊 CPU packet data - usage: 2.1%, temp: Some(35.0)
[DEBUG] cosmic_applet::simple_sensors: 📊 Memory packet data - used: 35959701504 bytes, total: 134819328000 bytes
[DEBUG] cosmic_applet::simple_sensors: 📊 GPU VRAM used: 3183 MB → 3337617408 bytes
[DEBUG] cosmic_applet::simple_sensors: 📊 GPU VRAM total: 24564 MB → 25757220864 bytes
[DEBUG] cosmic_applet::simple_sensors: 📊 GPU load percent: Some(0.0)
[DEBUG] cosmic_applet::simple_sensors: 📊 GPU temperature: Some(35.0)
[DEBUG] cosmic_applet::simple_sensors: 📊 Temperature packet data - celsius: 35
[DEBUG] cosmic_applet::network::udp_receiver: 📊 Updated metrics for machine: Neptune (CPU: 2.1%, Mem: 35959701504/134819328000 bytes)
[DEBUG] cosmic_applet: 🔄 RefreshMetrics: machine 'Neptune' CPU=2.1%, mem=35959701504/134819328000
[DEBUG] cosmic_applet: 🖼️  Rendering Panel: machine 'Neptune' CPU=2.1%, mem=35959701504/134819328000
[DEBUG] cosmic_applet: 🔄 RefreshMetrics: machine 'Neptune' CPU=2.1%, mem=35959701504/134819328000
[DEBUG] cosmic_applet: 🖼️  Rendering Panel: machine 'Neptune' CPU=2.1%, mem=35959701504/134819328000
[DEBUG] cosmic_applet::network::udp_receiver:   Tag offset in buffer: 360 (buffer len: 392)
[DEBUG] cosmic_applet::network::udp_receiver: 🔐 HMAC verification:
[DEBUG] cosmic_applet::network::udp_receiver:   Secret key (first 8 bytes): [30, 30, 30, 30, 30, 30, 30, 30]
[DEBUG] cosmic_applet::network::udp_receiver:   Received tag:  [2d, 71, 45, 5c, cd, be, c6, c1]
[DEBUG] cosmic_applet::network::udp_receiver:   Computed tag:  [2d, 71, 45, 5c, cd, be, c6, c1]
[DEBUG] cosmic_applet::network::udp_receiver:   ✓ Tags match
[DEBUG] cosmic_applet::simple_sensors: 📊 CPU packet data - usage: 1.9%, temp: Some(35.0)
[DEBUG] cosmic_applet::simple_sensors: 📊 Memory packet data - used: 35952979968 bytes, total: 134819328000 bytes
[DEBUG] cosmic_applet::simple_sensors: 📊 GPU VRAM used: 3179 MB → 3333423104 bytes
[DEBUG] cosmic_applet::simple_sensors: 📊 GPU VRAM total: 24564 MB → 25757220864 bytes
[DEBUG] cosmic_applet::simple_sensors: 📊 GPU load percent: Some(1.0)
[DEBUG] cosmic_applet::simple_sensors: 📊 GPU temperature: Some(35.0)
[DEBUG] cosmic_applet::simple_sensors: 📊 Temperature packet data - celsius: 35
[DEBUG] cosmic_applet::network::udp_receiver: 📊 Updated metrics for machine: Neptune (CPU: 1.9%, Mem: 35952979968/134819328000 bytes)
[DEBUG] cosmic_applet: 🔄 RefreshMetrics: machine 'Neptune' CPU=1.9%, mem=35952979968/134819328000
[DEBUG] cosmic_applet: 🖼️  Rendering Panel: machine 'Neptune' CPU=1.9%, mem=35952979968/134819328000
[DEBUG] cosmic_applet: 🔄 RefreshMetrics: machine 'Neptune' CPU=1.9%, mem=35952979968/134819328000
[DEBUG] cosmic_applet: 🖼️  Rendering Panel: machine 'Neptune' CPU=1.9%, mem=35952979968/134819328000
[DEBUG] cosmic_applet::network::udp_receiver:   Tag offset in buffer: 360 (buffer len: 392)
[DEBUG] cosmic_applet::network::udp_receiver: 🔐 HMAC verification:
[DEBUG] cosmic_applet::network::udp_receiver:   Secret key (first 8 bytes): [30, 30, 30, 30, 30, 30, 30, 30]
[DEBUG] cosmic_applet::network::udp_receiver:   Received tag:  [2f, 8a, df, 6b, de, 9f, 26, 65]
[DEBUG] cosmic_applet::network::udp_receiver:   Computed tag:  [2f, 8a, df, 6b, de, 9f, 26, 65]
[DEBUG] cosmic_applet::network::udp_receiver:   ✓ Tags match
[DEBUG] cosmic_applet::simple_sensors: 📊 CPU packet data - usage: 1.8%, temp: Some(33.0)
[DEBUG] cosmic_applet::simple_sensors: 📊 Memory packet data - used: 35953233920 bytes, total: 134819328000 bytes
[DEBUG] cosmic_applet::simple_sensors: 📊 GPU VRAM used: 3179 MB → 3333423104 bytes
[DEBUG] cosmic_applet::simple_sensors: 📊 GPU VRAM total: 24564 MB → 25757220864 bytes
[DEBUG] cosmic_applet::simple_sensors: 📊 GPU load percent: Some(1.0)
[DEBUG] cosmic_applet::simple_sensors: 📊 GPU temperature: Some(35.0)
[DEBUG] cosmic_applet::simple_sensors: 📊 Temperature packet data - celsius: 33
[DEBUG] cosmic_applet::network::udp_receiver: 📊 Updated metrics for machine: Neptune (CPU: 1.8%, Mem: 35953233920/134819328000 bytes)
[DEBUG] cosmic_applet: 🔄 RefreshMetrics: machine 'Neptune' CPU=1.8%, mem=35953233920/134819328000
[DEBUG] cosmic_applet: 🖼️  Rendering Panel: machine 'Neptune' CPU=1.8%, mem=35953233920/134819328000
[DEBUG] cosmic_applet: 🔄 RefreshMetrics: machine 'Neptune' CPU=1.8%, mem=35953233920/134819328000
[DEBUG] cosmic_applet: 🖼️  Rendering Panel: machine 'Neptune' CPU=1.8%, mem=35953233920/134819328000
[DEBUG] cosmic_applet::network::udp_receiver:   Tag offset in buffer: 360 (buffer len: 392)
[DEBUG] cosmic_applet::network::udp_receiver: 🔐 HMAC verification:
[DEBUG] cosmic_applet::network::udp_receiver:   Secret key (first 8 bytes): [30, 30, 30, 30, 30, 30, 30, 30]
[DEBUG] cosmic_applet::network::udp_receiver:   Received tag:  [ec, 48, 7c, d3, c7, fa, 5b, 79]
[DEBUG] cosmic_applet::network::udp_receiver:   Computed tag:  [ec, 48, 7c, d3, c7, fa, 5b, 79]
[DEBUG] cosmic_applet::network::udp_receiver:   ✓ Tags match
[DEBUG] cosmic_applet::simple_sensors: 📊 CPU packet data - usage: 2.7%, temp: Some(33.0)
[DEBUG] cosmic_applet::simple_sensors: 📊 Memory packet data - used: 35878133760 bytes, total: 134819328000 bytes
[DEBUG] cosmic_applet::simple_sensors: 📊 GPU VRAM used: 3324 MB → 3485466624 bytes
[DEBUG] cosmic_applet::simple_sensors: 📊 GPU VRAM total: 24564 MB → 25757220864 bytes
[DEBUG] cosmic_applet::simple_sensors: 📊 GPU load percent: Some(8.0)
[DEBUG] cosmic_applet::simple_sensors: 📊 GPU temperature: Some(35.0)
[DEBUG] cosmic_applet::simple_sensors: 📊 Temperature packet data - celsius: 33
[DEBUG] cosmic_applet::network::udp_receiver: 📊 Updated metrics for machine: Neptune (CPU: 2.7%, Mem: 35878133760/134819328000 bytes)
[DEBUG] cosmic_applet: 🔄 RefreshMetrics: machine 'Neptune' CPU=2.7%, mem=35878133760/134819328000
[DEBUG] cosmic_applet: 🖼️  Rendering Panel: machine 'Neptune' CPU=2.7%, mem=35878133760/134819328000
[DEBUG] cosmic_applet: 🔄 RefreshMetrics: machine 'Neptune' CPU=2.7%, mem=35878133760/134819328000
[DEBUG] cosmic_applet: 🖼️  Rendering Panel: machine 'Neptune' CPU=2.7%, mem=35878133760/134819328000
[DEBUG] cosmic_applet::network::udp_receiver:   Tag offset in buffer: 360 (buffer len: 392)
[DEBUG] cosmic_applet::network::udp_receiver: 🔐 HMAC verification:
[DEBUG] cosmic_applet::network::udp_receiver:   Secret key (first 8 bytes): [30, 30, 30, 30, 30, 30, 30, 30]
[DEBUG] cosmic_applet::network::udp_receiver:   Received tag:  [09, 3a, fc, 0b, 13, 2c, 55, 25]
[DEBUG] cosmic_applet::network::udp_receiver:   Computed tag:  [09, 3a, fc, 0b, 13, 2c, 55, 25]
[DEBUG] cosmic_applet::network::udp_receiver:   ✓ Tags match
[DEBUG] cosmic_applet::simple_sensors: 📊 CPU packet data - usage: 3.7%, temp: Some(65.0)
[DEBUG] cosmic_applet::simple_sensors: 📊 Memory packet data - used: 35860627456 bytes, total: 134819328000 bytes
[DEBUG] cosmic_applet::simple_sensors: 📊 GPU VRAM used: 3386 MB → 3550478336 bytes
[DEBUG] cosmic_applet::simple_sensors: 📊 GPU VRAM total: 24564 MB → 25757220864 bytes
[DEBUG] cosmic_applet::simple_sensors: 📊 GPU load percent: Some(26.0)
[DEBUG] cosmic_applet::simple_sensors: 📊 GPU temperature: Some(35.0)
[DEBUG] cosmic_applet::simple_sensors: 📊 Temperature packet data - celsius: 65
[DEBUG] cosmic_applet::network::udp_receiver: 📊 Updated metrics for machine: Neptune (CPU: 3.7%, Mem: 35860627456/134819328000 bytes)
[DEBUG] cosmic_applet: 🔄 RefreshMetrics: machine 'Neptune' CPU=3.7%, mem=35860627456/134819328000
[DEBUG] cosmic_applet: 🖼️  Rendering Panel: machine 'Neptune' CPU=3.7%, mem=35860627456/134819328000
[DEBUG] cosmic_applet: 🔄 RefreshMetrics: machine 'Neptune' CPU=3.7%, mem=35860627456/134819328000
[DEBUG] cosmic_applet: 🖼️  Rendering Panel: machine 'Neptune' CPU=3.7%, mem=35860627456/134819328000
[DEBUG] cosmic_applet::network::udp_receiver:   Tag offset in buffer: 360 (buffer len: 392)
[DEBUG] cosmic_applet::network::udp_receiver: 🔐 HMAC verification:
[DEBUG] cosmic_applet::network::udp_receiver:   Secret key (first 8 bytes): [30, 30, 30, 30, 30, 30, 30, 30]
[DEBUG] cosmic_applet::network::udp_receiver:   Received tag:  [d9, c2, 89, ab, 89, a7, d6, ca]
[DEBUG] cosmic_applet::network::udp_receiver:   Computed tag:  [d9, c2, 89, ab, 89, a7, d6, ca]
[DEBUG] cosmic_applet::network::udp_receiver:   ✓ Tags match
[DEBUG] cosmic_applet::simple_sensors: 📊 CPU packet data - usage: 3.5%, temp: Some(36.0)
[DEBUG] cosmic_applet::simple_sensors: 📊 Memory packet data - used: 35850022912 bytes, total: 134819328000 bytes
[DEBUG] cosmic_applet::simple_sensors: 📊 GPU VRAM used: 3387 MB → 3551526912 bytes
[DEBUG] cosmic_applet::simple_sensors: 📊 GPU VRAM total: 24564 MB → 25757220864 bytes
[DEBUG] cosmic_applet::simple_sensors: 📊 GPU load percent: Some(10.0)
[DEBUG] cosmic_applet::simple_sensors: 📊 GPU temperature: Some(35.0)
[DEBUG] cosmic_applet::simple_sensors: 📊 Temperature packet data - celsius: 36
[DEBUG] cosmic_applet::network::udp_receiver: 📊 Updated metrics for machine: Neptune (CPU: 3.5%, Mem: 35850022912/134819328000 bytes)
[DEBUG] cosmic_applet: 🔄 RefreshMetrics: machine 'Neptune' CPU=3.5%, mem=35850022912/134819328000
[DEBUG] cosmic_applet: 🖼️  Rendering Panel: machine 'Neptune' CPU=3.5%, mem=35850022912/134819328000
[DEBUG] cosmic_applet: 🔄 RefreshMetrics: machine 'Neptune' CPU=3.5%, mem=35850022912/134819328000
[DEBUG] cosmic_applet: 🖼️  Rendering Panel: machine 'Neptune' CPU=3.5%, mem=35850022912/134819328000
[DEBUG] cosmic_applet::network::udp_receiver:   Tag offset in buffer: 360 (buffer len: 392)
[DEBUG] cosmic_applet::network::udp_receiver: 🔐 HMAC verification:
[DEBUG] cosmic_applet::network::udp_receiver:   Secret key (first 8 bytes): [30, 30, 30, 30, 30, 30, 30, 30]
[DEBUG] cosmic_applet::network::udp_receiver:   Received tag:  [b7, c9, 79, 57, 72, 52, 6d, 92]
[DEBUG] cosmic_applet::network::udp_receiver:   Computed tag:  [b7, c9, 79, 57, 72, 52, 6d, 92]
[DEBUG] cosmic_applet::network::udp_receiver:   ✓ Tags match
[DEBUG] cosmic_applet::simple_sensors: 📊 CPU packet data - usage: 3.6%, temp: Some(38.0)
[DEBUG] cosmic_applet::simple_sensors: 📊 Memory packet data - used: 35810000896 bytes, total: 134819328000 bytes
[DEBUG] cosmic_applet::simple_sensors: 📊 GPU VRAM used: 3371 MB → 3534749696 bytes
[DEBUG] cosmic_applet::simple_sensors: 📊 GPU VRAM total: 24564 MB → 25757220864 bytes
[DEBUG] cosmic_applet::simple_sensors: 📊 GPU load percent: Some(6.0)
[DEBUG] cosmic_applet::simple_sensors: 📊 GPU temperature: Some(35.0)
[DEBUG] cosmic_applet::simple_sensors: 📊 Temperature packet data - celsius: 38
[DEBUG] cosmic_applet::network::udp_receiver: 📊 Updated metrics for machine: Neptune (CPU: 3.6%, Mem: 35810000896/134819328000 bytes)
[DEBUG] cosmic_applet: 🔄 RefreshMetrics: machine 'Neptune' CPU=3.6%, mem=35810000896/134819328000
[DEBUG] cosmic_applet: 🖼️  Rendering Panel: machine 'Neptune' CPU=3.6%, mem=35810000896/134819328000
[DEBUG] cosmic_applet: 🔄 RefreshMetrics: machine 'Neptune' CPU=3.6%, mem=35810000896/134819328000
[DEBUG] cosmic_applet: 🖼️  Rendering Panel: machine 'Neptune' CPU=3.6%, mem=35810000896/134819328000
[DEBUG] cosmic_applet::network::udp_receiver:   Tag offset in buffer: 360 (buffer len: 392)
[DEBUG] cosmic_applet::network::udp_receiver: 🔐 HMAC verification:
[DEBUG] cosmic_applet::network::udp_receiver:   Secret key (first 8 bytes): [30, 30, 30, 30, 30, 30, 30, 30]
[DEBUG] cosmic_applet::network::udp_receiver:   Received tag:  [6b, 82, 93, 41, 53, 43, 31, 88]
[DEBUG] cosmic_applet::network::udp_receiver:   Computed tag:  [6b, 82, 93, 41, 53, 43, 31, 88]
[DEBUG] cosmic_applet::network::udp_receiver:   ✓ Tags match
[DEBUG] cosmic_applet::simple_sensors: 📊 CPU packet data - usage: 4.8%, temp: Some(69.0)
[DEBUG] cosmic_applet::simple_sensors: 📊 Memory packet data - used: 35830775808 bytes, total: 134819328000 bytes
[DEBUG] cosmic_applet::simple_sensors: 📊 GPU VRAM used: 3444 MB → 3611295744 bytes
[DEBUG] cosmic_applet::simple_sensors: 📊 GPU VRAM total: 24564 MB → 25757220864 bytes
[DEBUG] cosmic_applet::simple_sensors: 📊 GPU load percent: Some(8.0)
[DEBUG] cosmic_applet::simple_sensors: 📊 GPU temperature: Some(36.0)
[DEBUG] cosmic_applet::simple_sensors: 📊 Temperature packet data - celsius: 69
[DEBUG] cosmic_applet::network::udp_receiver: 📊 Updated metrics for machine: Neptune (CPU: 4.8%, Mem: 35830775808/134819328000 bytes)
[DEBUG] cosmic_applet: 🔄 RefreshMetrics: machine 'Neptune' CPU=4.8%, mem=35830775808/134819328000
[DEBUG] cosmic_applet: 🖼️  Rendering Panel: machine 'Neptune' CPU=4.8%, mem=35830775808/134819328000
[DEBUG] cosmic_applet: 🔄 RefreshMetrics: machine 'Neptune' CPU=4.8%, mem=35830775808/134819328000
[DEBUG] cosmic_applet: 🖼️  Rendering Panel: machine 'Neptune' CPU=4.8%, mem=35830775808/134819328000
[DEBUG] cosmic_applet::network::udp_receiver:   Tag offset in buffer: 360 (buffer len: 392)
[DEBUG] cosmic_applet::network::udp_receiver: 🔐 HMAC verification:
[DEBUG] cosmic_applet::network::udp_receiver:   Secret key (first 8 bytes): [30, 30, 30, 30, 30, 30, 30, 30]
[DEBUG] cosmic_applet::network::udp_receiver:   Received tag:  [e2, f9, 5f, 2b, bd, 2b, e4, 47]
[DEBUG] cosmic_applet::network::udp_receiver:   Computed tag:  [e2, f9, 5f, 2b, bd, 2b, e4, 47]
[DEBUG] cosmic_applet::network::udp_receiver:   ✓ Tags match
[DEBUG] cosmic_applet::simple_sensors: 📊 CPU packet data - usage: 3.2%, temp: Some(69.0)
[DEBUG] cosmic_applet::simple_sensors: 📊 Memory packet data - used: 35856621568 bytes, total: 134819328000 bytes
[DEBUG] cosmic_applet::simple_sensors: 📊 GPU VRAM used: 3442 MB → 3609198592 bytes
[DEBUG] cosmic_applet::simple_sensors: 📊 GPU VRAM total: 24564 MB → 25757220864 bytes
[DEBUG] cosmic_applet::simple_sensors: 📊 GPU load percent: Some(19.0)
[DEBUG] cosmic_applet::simple_sensors: 📊 GPU temperature: Some(36.0)
[DEBUG] cosmic_applet::simple_sensors: 📊 Temperature packet data - celsius: 69
[DEBUG] cosmic_applet::network::udp_receiver: 📊 Updated metrics for machine: Neptune (CPU: 3.2%, Mem: 35856621568/134819328000 bytes)
[DEBUG] cosmic_applet: 🔄 RefreshMetrics: machine 'Neptune' CPU=3.2%, mem=35856621568/134819328000
[DEBUG] cosmic_applet: 🖼️  Rendering Panel: machine 'Neptune' CPU=3.2%, mem=35856621568/134819328000
[DEBUG] cosmic_applet: 🔄 RefreshMetrics: machine 'Neptune' CPU=3.2%, mem=35856621568/134819328000
[DEBUG] cosmic_applet: 🖼️  Rendering Panel: machine 'Neptune' CPU=3.2%, mem=35856621568/134819328000
[DEBUG] cosmic_applet::network::udp_receiver:   Tag offset in buffer: 360 (buffer len: 392)
[DEBUG] cosmic_applet::network::udp_receiver: 🔐 HMAC verification:
[DEBUG] cosmic_applet::network::udp_receiver:   Secret key (first 8 bytes): [30, 30, 30, 30, 30, 30, 30, 30]
[DEBUG] cosmic_applet::network::udp_receiver:   Received tag:  [51, 7c, b8, 5c, 80, 48, 44, 03]
[DEBUG] cosmic_applet::network::udp_receiver:   Computed tag:  [51, 7c, b8, 5c, 80, 48, 44, 03]
[DEBUG] cosmic_applet::network::udp_receiver:   ✓ Tags match
[DEBUG] cosmic_applet::simple_sensors: 📊 CPU packet data - usage: 2.7%, temp: Some(36.0)
[DEBUG] cosmic_applet::simple_sensors: 📊 Memory packet data - used: 35801870336 bytes, total: 134819328000 bytes
[DEBUG] cosmic_applet::simple_sensors: 📊 GPU VRAM used: 3428 MB → 3594518528 bytes
[DEBUG] cosmic_applet::simple_sensors: 📊 GPU VRAM total: 24564 MB → 25757220864 bytes
[DEBUG] cosmic_applet::simple_sensors: 📊 GPU load percent: Some(0.0)
[DEBUG] cosmic_applet::simple_sensors: 📊 GPU temperature: Some(35.0)
[DEBUG] cosmic_applet::simple_sensors: 📊 Temperature packet data - celsius: 36
[DEBUG] cosmic_applet::network::udp_receiver: 📊 Updated metrics for machine: Neptune (CPU: 2.7%, Mem: 35801870336/134819328000 bytes)
[DEBUG] cosmic_applet: 🔄 RefreshMetrics: machine 'Neptune' CPU=2.7%, mem=35801870336/134819328000
[DEBUG] cosmic_applet: 🖼️  Rendering Panel: machine 'Neptune' CPU=2.7%, mem=35801870336/134819328000
[DEBUG] cosmic_applet: 🔄 RefreshMetrics: machine 'Neptune' CPU=2.7%, mem=35801870336/134819328000
[DEBUG] cosmic_applet: 🖼️  Rendering Panel: machine 'Neptune' CPU=2.7%, mem=35801870336/134819328000
[DEBUG] cosmic_applet::network::udp_receiver:   Tag offset in buffer: 360 (buffer len: 392)
[DEBUG] cosmic_applet::network::udp_receiver: 🔐 HMAC verification:
[DEBUG] cosmic_applet::network::udp_receiver:   Secret key (first 8 bytes): [30, 30, 30, 30, 30, 30, 30, 30]
[DEBUG] cosmic_applet::network::udp_receiver:   Received tag:  [c8, e2, 77, a4, d9, 61, ad, 86]
[DEBUG] cosmic_applet::network::udp_receiver:   Computed tag:  [c8, e2, 77, a4, d9, 61, ad, 86]
[DEBUG] cosmic_applet::network::udp_receiver:   ✓ Tags match
[DEBUG] cosmic_applet::simple_sensors: 📊 CPU packet data - usage: 2.6%, temp: Some(35.0)
[DEBUG] cosmic_applet::simple_sensors: 📊 Memory packet data - used: 35809275904 bytes, total: 134819328000 bytes
[DEBUG] cosmic_applet::simple_sensors: 📊 GPU VRAM used: 3428 MB → 3594518528 bytes
[DEBUG] cosmic_applet::simple_sensors: 📊 GPU VRAM total: 24564 MB → 25757220864 bytes
[DEBUG] cosmic_applet::simple_sensors: 📊 GPU load percent: Some(0.0)
[DEBUG] cosmic_applet::simple_sensors: 📊 GPU temperature: Some(35.0)
[DEBUG] cosmic_applet::simple_sensors: 📊 Temperature packet data - celsius: 35
[DEBUG] cosmic_applet::network::udp_receiver: 📊 Updated metrics for machine: Neptune (CPU: 2.6%, Mem: 35809275904/134819328000 bytes)
[DEBUG] cosmic_applet: 🔄 RefreshMetrics: machine 'Neptune' CPU=2.6%, mem=35809275904/134819328000
[DEBUG] cosmic_applet: 🖼️  Rendering Panel: machine 'Neptune' CPU=2.6%, mem=35809275904/134819328000
[DEBUG] cosmic_applet: 🔄 RefreshMetrics: machine 'Neptune' CPU=2.6%, mem=35809275904/134819328000
[DEBUG] cosmic_applet: 🖼️  Rendering Panel: machine 'Neptune' CPU=2.6%, mem=35809275904/134819328000
[DEBUG] cosmic_applet::network::udp_receiver:   Tag offset in buffer: 360 (buffer len: 392)
[DEBUG] cosmic_applet::network::udp_receiver: 🔐 HMAC verification:
[DEBUG] cosmic_applet::network::udp_receiver:   Secret key (first 8 bytes): [30, 30, 30, 30, 30, 30, 30, 30]
[DEBUG] cosmic_applet::network::udp_receiver:   Received tag:  [58, a0, b3, fc, f1, a7, 03, 3d]
[DEBUG] cosmic_applet::network::udp_receiver:   Computed tag:  [58, a0, b3, fc, f1, a7, 03, 3d]
[DEBUG] cosmic_applet::network::udp_receiver:   ✓ Tags match
[DEBUG] cosmic_applet::simple_sensors: 📊 CPU packet data - usage: 5.0%, temp: Some(35.0)
[DEBUG] cosmic_applet::simple_sensors: 📊 Memory packet data - used: 35784220672 bytes, total: 134819328000 bytes
[DEBUG] cosmic_applet::simple_sensors: 📊 GPU VRAM used: 3428 MB → 3594518528 bytes
[DEBUG] cosmic_applet::simple_sensors: 📊 GPU VRAM total: 24564 MB → 25757220864 bytes
[DEBUG] cosmic_applet::simple_sensors: 📊 GPU load percent: Some(1.0)
[DEBUG] cosmic_applet::simple_sensors: 📊 GPU temperature: Some(35.0)
[DEBUG] cosmic_applet::simple_sensors: 📊 Temperature packet data - celsius: 35
[DEBUG] cosmic_applet::network::udp_receiver: 📊 Updated metrics for machine: Neptune (CPU: 5.0%, Mem: 35784220672/134819328000 bytes)
[DEBUG] cosmic_applet: 🔄 RefreshMetrics: machine 'Neptune' CPU=5.0%, mem=35784220672/134819328000
[DEBUG] cosmic_applet: 🖼️  Rendering Panel: machine 'Neptune' CPU=5.0%, mem=35784220672/134819328000
[DEBUG] cosmic_applet: 🔄 RefreshMetrics: machine 'Neptune' CPU=5.0%, mem=35784220672/134819328000
[DEBUG] cosmic_applet: 🖼️  Rendering Panel: machine 'Neptune' CPU=5.0%, mem=35784220672/134819328000
[DEBUG] cosmic_applet::network::udp_receiver:   Tag offset in buffer: 360 (buffer len: 392)
[DEBUG] cosmic_applet::network::udp_receiver: 🔐 HMAC verification:
[DEBUG] cosmic_applet::network::udp_receiver:   Secret key (first 8 bytes): [30, 30, 30, 30, 30, 30, 30, 30]
[DEBUG] cosmic_applet::network::udp_receiver:   Received tag:  [9f, 2b, 61, d8, 4c, 3c, e6, f5]
[DEBUG] cosmic_applet::network::udp_receiver:   Computed tag:  [9f, 2b, 61, d8, 4c, 3c, e6, f5]
[DEBUG] cosmic_applet::network::udp_receiver:   ✓ Tags match
[DEBUG] cosmic_applet::simple_sensors: 📊 CPU packet data - usage: 2.6%, temp: Some(63.0)
[DEBUG] cosmic_applet::simple_sensors: 📊 Memory packet data - used: 35807547392 bytes, total: 134819328000 bytes
[DEBUG] cosmic_applet::simple_sensors: 📊 GPU VRAM used: 3428 MB → 3594518528 bytes
[DEBUG] cosmic_applet::simple_sensors: 📊 GPU VRAM total: 24564 MB → 25757220864 bytes
[DEBUG] cosmic_applet::simple_sensors: 📊 GPU load percent: Some(0.0)
[DEBUG] cosmic_applet::simple_sensors: 📊 GPU temperature: Some(35.0)
[DEBUG] cosmic_applet::simple_sensors: 📊 Temperature packet data - celsius: 63
[DEBUG] cosmic_applet::network::udp_receiver: 📊 Updated metrics for machine: Neptune (CPU: 2.6%, Mem: 35807547392/134819328000 bytes)
[DEBUG] cosmic_applet: 🔄 RefreshMetrics: machine 'Neptune' CPU=2.6%, mem=35807547392/134819328000
[DEBUG] cosmic_applet: 🖼️  Rendering Panel: machine 'Neptune' CPU=2.6%, mem=35807547392/134819328000
[DEBUG] cosmic_applet: 🔄 RefreshMetrics: machine 'Neptune' CPU=2.6%, mem=35807547392/134819328000
[DEBUG] cosmic_applet: 🖼️  Rendering Panel: machine 'Neptune' CPU=2.6%, mem=35807547392/134819328000
[DEBUG] cosmic_applet::network::udp_receiver:   Tag offset in buffer: 360 (buffer len: 392)
[DEBUG] cosmic_applet::network::udp_receiver: 🔐 HMAC verification:
[DEBUG] cosmic_applet::network::udp_receiver:   Secret key (first 8 bytes): [30, 30, 30, 30, 30, 30, 30, 30]
[DEBUG] cosmic_applet::network::udp_receiver:   Received tag:  [bc, b4, ed, 82, 48, 85, 2d, b9]
[DEBUG] cosmic_applet::network::udp_receiver:   Computed tag:  [bc, b4, ed, 82, 48, 85, 2d, b9]
[DEBUG] cosmic_applet::network::udp_receiver:   ✓ Tags match
[DEBUG] cosmic_applet::simple_sensors: 📊 CPU packet data - usage: 2.9%, temp: Some(37.0)
[DEBUG] cosmic_applet::simple_sensors: 📊 Memory packet data - used: 35783680000 bytes, total: 134819328000 bytes
[DEBUG] cosmic_applet::simple_sensors: 📊 GPU VRAM used: 3428 MB → 3594518528 bytes
[DEBUG] cosmic_applet::simple_sensors: 📊 GPU VRAM total: 24564 MB → 25757220864 bytes
[DEBUG] cosmic_applet::simple_sensors: 📊 GPU load percent: Some(1.0)
[DEBUG] cosmic_applet::simple_sensors: 📊 GPU temperature: Some(35.0)
[DEBUG] cosmic_applet::simple_sensors: 📊 Temperature packet data - celsius: 37
[DEBUG] cosmic_applet::network::udp_receiver: 📊 Updated metrics for machine: Neptune (CPU: 2.9%, Mem: 35783680000/134819328000 bytes)
[DEBUG] cosmic_applet: 🔄 RefreshMetrics: machine 'Neptune' CPU=2.9%, mem=35783680000/134819328000
[DEBUG] cosmic_applet: 🖼️  Rendering Panel: machine 'Neptune' CPU=2.9%, mem=35783680000/134819328000
[DEBUG] cosmic_applet: 🔄 RefreshMetrics: machine 'Neptune' CPU=2.9%, mem=35783680000/134819328000
[DEBUG] cosmic_applet: 🖼️  Rendering Panel: machine 'Neptune' CPU=2.9%, mem=35783680000/134819328000
[DEBUG] cosmic_applet::network::udp_receiver:   Tag offset in buffer: 360 (buffer len: 392)
[DEBUG] cosmic_applet::network::udp_receiver: 🔐 HMAC verification:
[DEBUG] cosmic_applet::network::udp_receiver:   Secret key (first 8 bytes): [30, 30, 30, 30, 30, 30, 30, 30]
[DEBUG] cosmic_applet::network::udp_receiver:   Received tag:  [19, cf, a2, 9f, 9f, 3a, 9d, f1]
[DEBUG] cosmic_applet::network::udp_receiver:   Computed tag:  [19, cf, a2, 9f, 9f, 3a, 9d, f1]
[DEBUG] cosmic_applet::network::udp_receiver:   ✓ Tags match
[DEBUG] cosmic_applet::simple_sensors: 📊 CPU packet data - usage: 2.6%, temp: Some(35.0)
[DEBUG] cosmic_applet::simple_sensors: 📊 Memory packet data - used: 35791327232 bytes, total: 134819328000 bytes
[DEBUG] cosmic_applet::simple_sensors: 📊 GPU VRAM used: 3428 MB → 3594518528 bytes
[DEBUG] cosmic_applet::simple_sensors: 📊 GPU VRAM total: 24564 MB → 25757220864 bytes
[DEBUG] cosmic_applet::simple_sensors: 📊 GPU load percent: Some(1.0)
[DEBUG] cosmic_applet::simple_sensors: 📊 GPU temperature: Some(35.0)
[DEBUG] cosmic_applet::simple_sensors: 📊 Temperature packet data - celsius: 35
[DEBUG] cosmic_applet::network::udp_receiver: 📊 Updated metrics for machine: Neptune (CPU: 2.6%, Mem: 35791327232/134819328000 bytes)
[DEBUG] cosmic_applet: 🔄 RefreshMetrics: machine 'Neptune' CPU=2.6%, mem=35791327232/134819328000
[DEBUG] cosmic_applet: 🖼️  Rendering Panel: machine 'Neptune' CPU=2.6%, mem=35791327232/134819328000
[DEBUG] cosmic_applet: 🔄 RefreshMetrics: machine 'Neptune' CPU=2.6%, mem=35791327232/134819328000
[DEBUG] cosmic_applet: 🖼️  Rendering Panel: machine 'Neptune' CPU=2.6%, mem=35791327232/134819328000
[DEBUG] cosmic_applet::network::udp_receiver:   Tag offset in buffer: 360 (buffer len: 392)
[DEBUG] cosmic_applet::network::udp_receiver: 🔐 HMAC verification:
[DEBUG] cosmic_applet::network::udp_receiver:   Secret key (first 8 bytes): [30, 30, 30, 30, 30, 30, 30, 30]
[DEBUG] cosmic_applet::network::udp_receiver:   Received tag:  [80, b7, 19, d5, 07, b5, 5d, 63]
[DEBUG] cosmic_applet::network::udp_receiver:   Computed tag:  [80, b7, 19, d5, 07, b5, 5d, 63]
[DEBUG] cosmic_applet::network::udp_receiver:   ✓ Tags match
[DEBUG] cosmic_applet::simple_sensors: 📊 CPU packet data - usage: 2.7%, temp: Some(35.0)
[DEBUG] cosmic_applet::simple_sensors: 📊 Memory packet data - used: 35791032320 bytes, total: 134819328000 bytes
[DEBUG] cosmic_applet::simple_sensors: 📊 GPU VRAM used: 3428 MB → 3594518528 bytes
[DEBUG] cosmic_applet::simple_sensors: 📊 GPU VRAM total: 24564 MB → 25757220864 bytes
[DEBUG] cosmic_applet::simple_sensors: 📊 GPU load percent: Some(0.0)
[DEBUG] cosmic_applet::simple_sensors: 📊 GPU temperature: Some(35.0)
[DEBUG] cosmic_applet::simple_sensors: 📊 Temperature packet data - celsius: 35
[DEBUG] cosmic_applet::network::udp_receiver: 📊 Updated metrics for machine: Neptune (CPU: 2.7%, Mem: 35791032320/134819328000 bytes)
[DEBUG] cosmic_applet: 🔄 RefreshMetrics: machine 'Neptune' CPU=2.7%, mem=35791032320/134819328000
[DEBUG] cosmic_applet: 🖼️  Rendering Panel: machine 'Neptune' CPU=2.7%, mem=35791032320/134819328000
[DEBUG] cosmic_applet: 🔄 RefreshMetrics: machine 'Neptune' CPU=2.7%, mem=35791032320/134819328000
[DEBUG] cosmic_applet: 🖼️  Rendering Panel: machine 'Neptune' CPU=2.7%, mem=35791032320/134819328000
[DEBUG] cosmic_applet::network::udp_receiver:   Tag offset in buffer: 360 (buffer len: 392)
[DEBUG] cosmic_applet::network::udp_receiver: 🔐 HMAC verification:
[DEBUG] cosmic_applet::network::udp_receiver:   Secret key (first 8 bytes): [30, 30, 30, 30, 30, 30, 30, 30]
[DEBUG] cosmic_applet::network::udp_receiver:   Received tag:  [39, b6, 7f, c6, 65, c6, 72, b1]
[DEBUG] cosmic_applet::network::udp_receiver:   Computed tag:  [39, b6, 7f, c6, 65, c6, 72, b1]
[DEBUG] cosmic_applet::network::udp_receiver:   ✓ Tags match
[DEBUG] cosmic_applet::simple_sensors: 📊 CPU packet data - usage: 3.3%, temp: Some(61.0)
[DEBUG] cosmic_applet::simple_sensors: 📊 Memory packet data - used: 35763240960 bytes, total: 134819328000 bytes
[DEBUG] cosmic_applet::simple_sensors: 📊 GPU VRAM used: 3428 MB → 3594518528 bytes
[DEBUG] cosmic_applet::simple_sensors: 📊 GPU VRAM total: 24564 MB → 25757220864 bytes
[DEBUG] cosmic_applet::simple_sensors: 📊 GPU load percent: Some(4.0)
[DEBUG] cosmic_applet::simple_sensors: 📊 GPU temperature: Some(35.0)
[DEBUG] cosmic_applet::simple_sensors: 📊 Temperature packet data - celsius: 61
[DEBUG] cosmic_applet::network::udp_receiver: 📊 Updated metrics for machine: Neptune (CPU: 3.3%, Mem: 35763240960/134819328000 bytes)
[DEBUG] cosmic_applet: 🔄 RefreshMetrics: machine 'Neptune' CPU=3.3%, mem=35763240960/134819328000
[DEBUG] cosmic_applet: 🖼️  Rendering Panel: machine 'Neptune' CPU=3.3%, mem=35763240960/134819328000
[DEBUG] cosmic_applet: 🔄 RefreshMetrics: machine 'Neptune' CPU=3.3%, mem=35763240960/134819328000
[DEBUG] cosmic_applet: 🖼️  Rendering Panel: machine 'Neptune' CPU=3.3%, mem=35763240960/134819328000
[DEBUG] cosmic_applet::network::udp_receiver:   Tag offset in buffer: 360 (buffer len: 392)
[DEBUG] cosmic_applet::network::udp_receiver: 🔐 HMAC verification:
[DEBUG] cosmic_applet::network::udp_receiver:   Secret key (first 8 bytes): [30, 30, 30, 30, 30, 30, 30, 30]
[DEBUG] cosmic_applet::network::udp_receiver:   Received tag:  [88, 94, 68, e7, 4a, 5d, 75, d7]
[DEBUG] cosmic_applet::network::udp_receiver:   Computed tag:  [88, 94, 68, e7, 4a, 5d, 75, d7]
[DEBUG] cosmic_applet::network::udp_receiver:   ✓ Tags match
[DEBUG] cosmic_applet::simple_sensors: 📊 CPU packet data - usage: 2.9%, temp: Some(37.0)
[DEBUG] cosmic_applet::simple_sensors: 📊 Memory packet data - used: 35769753600 bytes, total: 134819328000 bytes
[DEBUG] cosmic_applet::simple_sensors: 📊 GPU VRAM used: 3428 MB → 3594518528 bytes
[DEBUG] cosmic_applet::simple_sensors: 📊 GPU VRAM total: 24564 MB → 25757220864 bytes
[DEBUG] cosmic_applet::simple_sensors: 📊 GPU load percent: Some(0.0)
[DEBUG] cosmic_applet::simple_sensors: 📊 GPU temperature: Some(35.0)
[DEBUG] cosmic_applet::simple_sensors: 📊 Temperature packet data - celsius: 37
[DEBUG] cosmic_applet::network::udp_receiver: 📊 Updated metrics for machine: Neptune (CPU: 2.9%, Mem: 35769753600/134819328000 bytes)
[DEBUG] cosmic_applet: 🔄 RefreshMetrics: machine 'Neptune' CPU=2.9%, mem=35769753600/134819328000
[DEBUG] cosmic_applet: 🖼️  Rendering Panel: machine 'Neptune' CPU=2.9%, mem=35769753600/134819328000
[DEBUG] cosmic_applet: 🔄 RefreshMetrics: machine 'Neptune' CPU=2.9%, mem=35769753600/134819328000
[DEBUG] cosmic_applet: 🖼️  Rendering Panel: machine 'Neptune' CPU=2.9%, mem=35769753600/134819328000
[DEBUG] cosmic_applet::network::udp_receiver:   Tag offset in buffer: 360 (buffer len: 392)
[DEBUG] cosmic_applet::network::udp_receiver: 🔐 HMAC verification:
[DEBUG] cosmic_applet::network::udp_receiver:   Secret key (first 8 bytes): [30, 30, 30, 30, 30, 30, 30, 30]
[DEBUG] cosmic_applet::network::udp_receiver:   Received tag:  [16, 8e, 1a, 8c, 8b, 5e, c8, 10]
[DEBUG] cosmic_applet::network::udp_receiver:   Computed tag:  [16, 8e, 1a, 8c, 8b, 5e, c8, 10]
[DEBUG] cosmic_applet::network::udp_receiver:   ✓ Tags match
[DEBUG] cosmic_applet::simple_sensors: 📊 CPU packet data - usage: 3.2%, temp: Some(57.0)
[DEBUG] cosmic_applet::simple_sensors: 📊 Memory packet data - used: 35771011072 bytes, total: 134819328000 bytes
[DEBUG] cosmic_applet::simple_sensors: 📊 GPU VRAM used: 3428 MB → 3594518528 bytes
[DEBUG] cosmic_applet::simple_sensors: 📊 GPU VRAM total: 24564 MB → 25757220864 bytes
[DEBUG] cosmic_applet::simple_sensors: 📊 GPU load percent: Some(1.0)
[DEBUG] cosmic_applet::simple_sensors: 📊 GPU temperature: Some(35.0)
[DEBUG] cosmic_applet::simple_sensors: 📊 Temperature packet data - celsius: 57
[DEBUG] cosmic_applet::network::udp_receiver: 📊 Updated metrics for machine: Neptune (CPU: 3.2%, Mem: 35771011072/134819328000 bytes)
[DEBUG] cosmic_applet: 🔄 RefreshMetrics: machine 'Neptune' CPU=3.2%, mem=35771011072/134819328000
[DEBUG] cosmic_applet: 🖼️  Rendering Panel: machine 'Neptune' CPU=3.2%, mem=35771011072/134819328000
[DEBUG] cosmic_applet: 🔄 RefreshMetrics: machine 'Neptune' CPU=3.2%, mem=35771011072/134819328000
[DEBUG] cosmic_applet: 🖼️  Rendering Panel: machine 'Neptune' CPU=3.2%, mem=35771011072/134819328000
[DEBUG] cosmic_applet::network::udp_receiver:   Tag offset in buffer: 360 (buffer len: 392)
[DEBUG] cosmic_applet::network::udp_receiver: 🔐 HMAC verification:
[DEBUG] cosmic_applet::network::udp_receiver:   Secret key (first 8 bytes): [30, 30, 30, 30, 30, 30, 30, 30]
[DEBUG] cosmic_applet::network::udp_receiver:   Received tag:  [df, 96, 55, b4, 93, bf, 72, 63]
[DEBUG] cosmic_applet::network::udp_receiver:   Computed tag:  [df, 96, 55, b4, 93, bf, 72, 63]
[DEBUG] cosmic_applet::network::udp_receiver:   ✓ Tags match
[DEBUG] cosmic_applet::simple_sensors: 📊 CPU packet data - usage: 4.6%, temp: Some(57.0)
[DEBUG] cosmic_applet::simple_sensors: 📊 Memory packet data - used: 35766566912 bytes, total: 134819328000 bytes
[DEBUG] cosmic_applet::simple_sensors: 📊 GPU VRAM used: 3428 MB → 3594518528 bytes
[DEBUG] cosmic_applet::simple_sensors: 📊 GPU VRAM total: 24564 MB → 25757220864 bytes
[DEBUG] cosmic_applet::simple_sensors: 📊 GPU load percent: Some(1.0)
[DEBUG] cosmic_applet::simple_sensors: 📊 GPU temperature: Some(35.0)
[DEBUG] cosmic_applet::simple_sensors: 📊 Temperature packet data - celsius: 57
[DEBUG] cosmic_applet::network::udp_receiver: 📊 Updated metrics for machine: Neptune (CPU: 4.6%, Mem: 35766566912/134819328000 bytes)
[DEBUG] cosmic_applet: 🔄 RefreshMetrics: machine 'Neptune' CPU=4.6%, mem=35766566912/134819328000
[DEBUG] cosmic_applet: 🖼️  Rendering Panel: machine 'Neptune' CPU=4.6%, mem=35766566912/134819328000
[DEBUG] cosmic_applet: 🔄 RefreshMetrics: machine 'Neptune' CPU=4.6%, mem=35766566912/134819328000
[DEBUG] cosmic_applet: 🖼️  Rendering Panel: machine 'Neptune' CPU=4.6%, mem=35766566912/134819328000
[DEBUG] cosmic_applet::network::udp_receiver:   Tag offset in buffer: 360 (buffer len: 392)
[DEBUG] cosmic_applet::network::udp_receiver: 🔐 HMAC verification:
[DEBUG] cosmic_applet::network::udp_receiver:   Secret key (first 8 bytes): [30, 30, 30, 30, 30, 30, 30, 30]
[DEBUG] cosmic_applet::network::udp_receiver:   Received tag:  [42, 35, 3e, 7d, b9, 19, d4, 29]
[DEBUG] cosmic_applet::network::udp_receiver:   Computed tag:  [42, 35, 3e, 7d, b9, 19, d4, 29]
[DEBUG] cosmic_applet::network::udp_receiver:   ✓ Tags match
[DEBUG] cosmic_applet::simple_sensors: 📊 CPU packet data - usage: 3.4%, temp: Some(63.0)
[DEBUG] cosmic_applet::simple_sensors: 📊 Memory packet data - used: 35761471488 bytes, total: 134819328000 bytes
[DEBUG] cosmic_applet::simple_sensors: 📊 GPU VRAM used: 3428 MB → 3594518528 bytes
[DEBUG] cosmic_applet::simple_sensors: 📊 GPU VRAM total: 24564 MB → 25757220864 bytes
[DEBUG] cosmic_applet::simple_sensors: 📊 GPU load percent: Some(12.0)
[DEBUG] cosmic_applet::simple_sensors: 📊 GPU temperature: Some(35.0)
[DEBUG] cosmic_applet::simple_sensors: 📊 Temperature packet data - celsius: 63
[DEBUG] cosmic_applet::network::udp_receiver: 📊 Updated metrics for machine: Neptune (CPU: 3.4%, Mem: 35761471488/134819328000 bytes)
[DEBUG] cosmic_applet: 🔄 RefreshMetrics: machine 'Neptune' CPU=3.4%, mem=35761471488/134819328000
[DEBUG] cosmic_applet: 🖼️  Rendering Panel: machine 'Neptune' CPU=3.4%, mem=35761471488/134819328000
[DEBUG] cosmic_applet: 🔄 RefreshMetrics: machine 'Neptune' CPU=3.4%, mem=35761471488/134819328000
[DEBUG] cosmic_applet: 🖼️  Rendering Panel: machine 'Neptune' CPU=3.4%, mem=35761471488/134819328000
[DEBUG] cosmic_applet::network::udp_receiver:   Tag offset in buffer: 360 (buffer len: 392)
[DEBUG] cosmic_applet::network::udp_receiver: 🔐 HMAC verification:
[DEBUG] cosmic_applet::network::udp_receiver:   Secret key (first 8 bytes): [30, 30, 30, 30, 30, 30, 30, 30]
[DEBUG] cosmic_applet::network::udp_receiver:   Received tag:  [94, 68, a6, 87, f0, 80, 3f, 82]
[DEBUG] cosmic_applet::network::udp_receiver:   Computed tag:  [94, 68, a6, 87, f0, 80, 3f, 82]
[DEBUG] cosmic_applet::network::udp_receiver:   ✓ Tags match
[DEBUG] cosmic_applet::simple_sensors: 📊 CPU packet data - usage: 3.0%, temp: Some(40.0)
[DEBUG] cosmic_applet::simple_sensors: 📊 Memory packet data - used: 35764752384 bytes, total: 134819328000 bytes
[DEBUG] cosmic_applet::simple_sensors: 📊 GPU VRAM used: 3428 MB → 3594518528 bytes
[DEBUG] cosmic_applet::simple_sensors: 📊 GPU VRAM total: 24564 MB → 25757220864 bytes
[DEBUG] cosmic_applet::simple_sensors: 📊 GPU load percent: Some(2.0)
[DEBUG] cosmic_applet::simple_sensors: 📊 GPU temperature: Some(35.0)
[DEBUG] cosmic_applet::simple_sensors: 📊 Temperature packet data - celsius: 40
[DEBUG] cosmic_applet::network::udp_receiver: 📊 Updated metrics for machine: Neptune (CPU: 3.0%, Mem: 35764752384/134819328000 bytes)
[DEBUG] cosmic_applet: 🔄 RefreshMetrics: machine 'Neptune' CPU=3.0%, mem=35764752384/134819328000
[DEBUG] cosmic_applet: 🖼️  Rendering Panel: machine 'Neptune' CPU=3.0%, mem=35764752384/134819328000
[DEBUG] cosmic_applet: 🔄 RefreshMetrics: machine 'Neptune' CPU=3.0%, mem=35764752384/134819328000
[DEBUG] cosmic_applet: 🖼️  Rendering Panel: machine 'Neptune' CPU=3.0%, mem=35764752384/134819328000
[DEBUG] cosmic_applet::network::udp_receiver:   Tag offset in buffer: 360 (buffer len: 392)
[DEBUG] cosmic_applet::network::udp_receiver: 🔐 HMAC verification:
[DEBUG] cosmic_applet::network::udp_receiver:   Secret key (first 8 bytes): [30, 30, 30, 30, 30, 30, 30, 30]
[DEBUG] cosmic_applet::network::udp_receiver:   Received tag:  [88, 08, 30, 1b, b3, 4e, 27, 90]
[DEBUG] cosmic_applet::network::udp_receiver:   Computed tag:  [88, 08, 30, 1b, b3, 4e, 27, 90]
[DEBUG] cosmic_applet::network::udp_receiver:   ✓ Tags match
[DEBUG] cosmic_applet::simple_sensors: 📊 CPU packet data - usage: 2.9%, temp: Some(36.0)
[DEBUG] cosmic_applet::simple_sensors: 📊 Memory packet data - used: 35767549952 bytes, total: 134819328000 bytes
[DEBUG] cosmic_applet::simple_sensors: 📊 GPU VRAM used: 3428 MB → 3594518528 bytes
[DEBUG] cosmic_applet::simple_sensors: 📊 GPU VRAM total: 24564 MB → 25757220864 bytes
[DEBUG] cosmic_applet::simple_sensors: 📊 GPU load percent: Some(2.0)
[DEBUG] cosmic_applet::simple_sensors: 📊 GPU temperature: Some(35.0)
[DEBUG] cosmic_applet::simple_sensors: 📊 Temperature packet data - celsius: 36
[DEBUG] cosmic_applet::network::udp_receiver: 📊 Updated metrics for machine: Neptune (CPU: 2.9%, Mem: 35767549952/134819328000 bytes)
[DEBUG] cosmic_applet: 🔄 RefreshMetrics: machine 'Neptune' CPU=2.9%, mem=35767549952/134819328000
[DEBUG] cosmic_applet: 🖼️  Rendering Panel: machine 'Neptune' CPU=2.9%, mem=35767549952/134819328000
[DEBUG] cosmic_applet: 🔄 RefreshMetrics: machine 'Neptune' CPU=2.9%, mem=35767549952/134819328000
[DEBUG] cosmic_applet: 🖼️  Rendering Panel: machine 'Neptune' CPU=2.9%, mem=35767549952/134819328000
[DEBUG] cosmic_applet::network::udp_receiver:   Tag offset in buffer: 360 (buffer len: 392)
[DEBUG] cosmic_applet::network::udp_receiver: 🔐 HMAC verification:
[DEBUG] cosmic_applet::network::udp_receiver:   Secret key (first 8 bytes): [30, 30, 30, 30, 30, 30, 30, 30]
[DEBUG] cosmic_applet::network::udp_receiver:   Received tag:  [db, fb, ec, 38, 91, f5, 60, d5]
[DEBUG] cosmic_applet::network::udp_receiver:   Computed tag:  [db, fb, ec, 38, 91, f5, 60, d5]
[DEBUG] cosmic_applet::network::udp_receiver:   ✓ Tags match
[DEBUG] cosmic_applet::simple_sensors: 📊 CPU packet data - usage: 3.0%, temp: Some(36.0)
[DEBUG] cosmic_applet::simple_sensors: 📊 Memory packet data - used: 35744481280 bytes, total: 134819328000 bytes
[DEBUG] cosmic_applet::simple_sensors: 📊 GPU VRAM used: 3428 MB → 3594518528 bytes
[DEBUG] cosmic_applet::simple_sensors: 📊 GPU VRAM total: 24564 MB → 25757220864 bytes
[DEBUG] cosmic_applet::simple_sensors: 📊 GPU load percent: Some(1.0)
[DEBUG] cosmic_applet::simple_sensors: 📊 GPU temperature: Some(35.0)
[DEBUG] cosmic_applet::simple_sensors: 📊 Temperature packet data - celsius: 36
[DEBUG] cosmic_applet::network::udp_receiver: 📊 Updated metrics for machine: Neptune (CPU: 3.0%, Mem: 35744481280/134819328000 bytes)
[DEBUG] cosmic_applet: 🔄 RefreshMetrics: machine 'Neptune' CPU=3.0%, mem=35744481280/134819328000
[DEBUG] cosmic_applet: 🖼️  Rendering Panel: machine 'Neptune' CPU=3.0%, mem=35744481280/134819328000
[DEBUG] cosmic_applet: 🔄 RefreshMetrics: machine 'Neptune' CPU=3.0%, mem=35744481280/134819328000
[DEBUG] cosmic_applet: 🖼️  Rendering Panel: machine 'Neptune' CPU=3.0%, mem=35744481280/134819328000
[DEBUG] cosmic_applet::network::udp_receiver:   Tag offset in buffer: 360 (buffer len: 392)
[DEBUG] cosmic_applet::network::udp_receiver: 🔐 HMAC verification:
[DEBUG] cosmic_applet::network::udp_receiver:   Secret key (first 8 bytes): [30, 30, 30, 30, 30, 30, 30, 30]
[DEBUG] cosmic_applet::network::udp_receiver:   Received tag:  [c2, ca, 65, b7, 81, a3, ab, 92]
[DEBUG] cosmic_applet::network::udp_receiver:   Computed tag:  [c2, ca, 65, b7, 81, a3, ab, 92]
[DEBUG] cosmic_applet::network::udp_receiver:   ✓ Tags match
[DEBUG] cosmic_applet::simple_sensors: 📊 CPU packet data - usage: 2.8%, temp: Some(57.0)
[DEBUG] cosmic_applet::simple_sensors: 📊 Memory packet data - used: 35749552128 bytes, total: 134819328000 bytes
[DEBUG] cosmic_applet::simple_sensors: 📊 GPU VRAM used: 3428 MB → 3594518528 bytes
[DEBUG] cosmic_applet::simple_sensors: 📊 GPU VRAM total: 24564 MB → 25757220864 bytes
[DEBUG] cosmic_applet::simple_sensors: 📊 GPU load percent: Some(1.0)
[DEBUG] cosmic_applet::simple_sensors: 📊 GPU temperature: Some(35.0)
[DEBUG] cosmic_applet::simple_sensors: 📊 Temperature packet data - celsius: 57
[DEBUG] cosmic_applet::network::udp_receiver: 📊 Updated metrics for machine: Neptune (CPU: 2.8%, Mem: 35749552128/134819328000 bytes)
[DEBUG] cosmic_applet: 🔄 RefreshMetrics: machine 'Neptune' CPU=2.8%, mem=35749552128/134819328000
[DEBUG] cosmic_applet: 🖼️  Rendering Panel: machine 'Neptune' CPU=2.8%, mem=35749552128/134819328000
[DEBUG] cosmic_applet: 🔄 RefreshMetrics: machine 'Neptune' CPU=2.8%, mem=35749552128/134819328000
[DEBUG] cosmic_applet: 🖼️  Rendering Panel: machine 'Neptune' CPU=2.8%, mem=35749552128/134819328000
[DEBUG] cosmic_applet::network::udp_receiver:   Tag offset in buffer: 360 (buffer len: 392)
[DEBUG] cosmic_applet::network::udp_receiver: 🔐 HMAC verification:
[DEBUG] cosmic_applet::network::udp_receiver:   Secret key (first 8 bytes): [30, 30, 30, 30, 30, 30, 30, 30]
[DEBUG] cosmic_applet::network::udp_receiver:   Received tag:  [be, 90, f7, e1, ab, 01, fc, 28]
[DEBUG] cosmic_applet::network::udp_receiver:   Computed tag:  [be, 90, f7, e1, ab, 01, fc, 28]
[DEBUG] cosmic_applet::network::udp_receiver:   ✓ Tags match
[DEBUG] cosmic_applet::simple_sensors: 📊 CPU packet data - usage: 4.0%, temp: Some(53.0)
[DEBUG] cosmic_applet::simple_sensors: 📊 Memory packet data - used: 35655770112 bytes, total: 134819328000 bytes
[DEBUG] cosmic_applet::simple_sensors: 📊 GPU VRAM used: 3428 MB → 3594518528 bytes
[DEBUG] cosmic_applet::simple_sensors: 📊 GPU VRAM total: 24564 MB → 25757220864 bytes
[DEBUG] cosmic_applet::simple_sensors: 📊 GPU load percent: Some(6.0)
[DEBUG] cosmic_applet::simple_sensors: 📊 GPU temperature: Some(35.0)
[DEBUG] cosmic_applet::simple_sensors: 📊 Temperature packet data - celsius: 53
[DEBUG] cosmic_applet::network::udp_receiver: 📊 Updated metrics for machine: Neptune (CPU: 4.0%, Mem: 35655770112/134819328000 bytes)
[DEBUG] cosmic_applet: 🔄 RefreshMetrics: machine 'Neptune' CPU=4.0%, mem=35655770112/134819328000
[DEBUG] cosmic_applet: 🖼️  Rendering Panel: machine 'Neptune' CPU=4.0%, mem=35655770112/134819328000
[DEBUG] cosmic_applet: 🔄 RefreshMetrics: machine 'Neptune' CPU=4.0%, mem=35655770112/134819328000
[DEBUG] cosmic_applet: 🖼️  Rendering Panel: machine 'Neptune' CPU=4.0%, mem=35655770112/134819328000
[DEBUG] cosmic_applet::network::udp_receiver:   Tag offset in buffer: 360 (buffer len: 392)
[DEBUG] cosmic_applet::network::udp_receiver: 🔐 HMAC verification:
[DEBUG] cosmic_applet::network::udp_receiver:   Secret key (first 8 bytes): [30, 30, 30, 30, 30, 30, 30, 30]
[DEBUG] cosmic_applet::network::udp_receiver:   Received tag:  [d0, 8b, f1, 63, 0d, 1f, be, d8]
[DEBUG] cosmic_applet::network::udp_receiver:   Computed tag:  [d0, 8b, f1, 63, 0d, 1f, be, d8]
[DEBUG] cosmic_applet::network::udp_receiver:   ✓ Tags match
[DEBUG] cosmic_applet::simple_sensors: 📊 CPU packet data - usage: 5.4%, temp: Some(58.0)
[DEBUG] cosmic_applet::simple_sensors: 📊 Memory packet data - used: 35650625536 bytes, total: 134819328000 bytes
[DEBUG] cosmic_applet::simple_sensors: 📊 GPU VRAM used: 3428 MB → 3594518528 bytes
[DEBUG] cosmic_applet::simple_sensors: 📊 GPU VRAM total: 24564 MB → 25757220864 bytes
[DEBUG] cosmic_applet::simple_sensors: 📊 GPU load percent: Some(1.0)
[DEBUG] cosmic_applet::simple_sensors: 📊 GPU temperature: Some(35.0)
[DEBUG] cosmic_applet::simple_sensors: 📊 Temperature packet data - celsius: 58
[DEBUG] cosmic_applet::network::udp_receiver: 📊 Updated metrics for machine: Neptune (CPU: 5.4%, Mem: 35650625536/134819328000 bytes)
[DEBUG] cosmic_applet: 🔄 RefreshMetrics: machine 'Neptune' CPU=5.4%, mem=35650625536/134819328000
[DEBUG] cosmic_applet: 🖼️  Rendering Panel: machine 'Neptune' CPU=5.4%, mem=35650625536/134819328000
[DEBUG] cosmic_applet: 🔄 RefreshMetrics: machine 'Neptune' CPU=5.4%, mem=35650625536/134819328000
[DEBUG] cosmic_applet: 🖼️  Rendering Panel: machine 'Neptune' CPU=5.4%, mem=35650625536/134819328000
[DEBUG] cosmic_applet::network::udp_receiver:   Tag offset in buffer: 360 (buffer len: 392)
[DEBUG] cosmic_applet::network::udp_receiver: 🔐 HMAC verification:
[DEBUG] cosmic_applet::network::udp_receiver:   Secret key (first 8 bytes): [30, 30, 30, 30, 30, 30, 30, 30]
[DEBUG] cosmic_applet::network::udp_receiver:   Received tag:  [18, f9, 4f, 96, c0, 19, c8, 47]
[DEBUG] cosmic_applet::network::udp_receiver:   Computed tag:  [18, f9, 4f, 96, c0, 19, c8, 47]
[DEBUG] cosmic_applet::network::udp_receiver:   ✓ Tags match
[DEBUG] cosmic_applet::simple_sensors: 📊 CPU packet data - usage: 2.9%, temp: Some(58.0)
[DEBUG] cosmic_applet::simple_sensors: 📊 Memory packet data - used: 35647594496 bytes, total: 134819328000 bytes
[DEBUG] cosmic_applet::simple_sensors: 📊 GPU VRAM used: 3428 MB → 3594518528 bytes
[DEBUG] cosmic_applet::simple_sensors: 📊 GPU VRAM total: 24564 MB → 25757220864 bytes
[DEBUG] cosmic_applet::simple_sensors: 📊 GPU load percent: Some(1.0)
[DEBUG] cosmic_applet::simple_sensors: 📊 GPU temperature: Some(35.0)
[DEBUG] cosmic_applet::simple_sensors: 📊 Temperature packet data - celsius: 58
[DEBUG] cosmic_applet::network::udp_receiver: 📊 Updated metrics for machine: Neptune (CPU: 2.9%, Mem: 35647594496/134819328000 bytes)
[DEBUG] cosmic_applet: 🔄 RefreshMetrics: machine 'Neptune' CPU=2.9%, mem=35647594496/134819328000
[DEBUG] cosmic_applet: 🖼️  Rendering Panel: machine 'Neptune' CPU=2.9%, mem=35647594496/134819328000
[DEBUG] cosmic_applet: 🔄 RefreshMetrics: machine 'Neptune' CPU=2.9%, mem=35647594496/134819328000
[DEBUG] cosmic_applet: 🖼️  Rendering Panel: machine 'Neptune' CPU=2.9%, mem=35647594496/134819328000
[DEBUG] cosmic_applet::network::udp_receiver:   Tag offset in buffer: 360 (buffer len: 392)
[DEBUG] cosmic_applet::network::udp_receiver: 🔐 HMAC verification:
[DEBUG] cosmic_applet::network::udp_receiver:   Secret key (first 8 bytes): [30, 30, 30, 30, 30, 30, 30, 30]
[DEBUG] cosmic_applet::network::udp_receiver:   Received tag:  [9b, 73, 0f, 3c, df, 0c, 23, 27]
[DEBUG] cosmic_applet::network::udp_receiver:   Computed tag:  [9b, 73, 0f, 3c, df, 0c, 23, 27]
[DEBUG] cosmic_applet::network::udp_receiver:   ✓ Tags match
[DEBUG] cosmic_applet::simple_sensors: 📊 CPU packet data - usage: 4.0%, temp: Some(55.0)
[DEBUG] cosmic_applet::simple_sensors: 📊 Memory packet data - used: 35654164480 bytes, total: 134819328000 bytes
[DEBUG] cosmic_applet::simple_sensors: 📊 GPU VRAM used: 3428 MB → 3594518528 bytes
[DEBUG] cosmic_applet::simple_sensors: 📊 GPU VRAM total: 24564 MB → 25757220864 bytes
[DEBUG] cosmic_applet::simple_sensors: 📊 GPU load percent: Some(0.0)
[DEBUG] cosmic_applet::simple_sensors: 📊 GPU temperature: Some(35.0)
[DEBUG] cosmic_applet::simple_sensors: 📊 Temperature packet data - celsius: 55
[DEBUG] cosmic_applet::network::udp_receiver: 📊 Updated metrics for machine: Neptune (CPU: 4.0%, Mem: 35654164480/134819328000 bytes)
[DEBUG] cosmic_applet: 🔄 RefreshMetrics: machine 'Neptune' CPU=4.0%, mem=35654164480/134819328000
[DEBUG] cosmic_applet: 🖼️  Rendering Panel: machine 'Neptune' CPU=4.0%, mem=35654164480/134819328000
[DEBUG] cosmic_applet: 🔄 RefreshMetrics: machine 'Neptune' CPU=4.0%, mem=35654164480/134819328000
[DEBUG] cosmic_applet: 🖼️  Rendering Panel: machine 'Neptune' CPU=4.0%, mem=35654164480/134819328000
[DEBUG] cosmic_applet::network::udp_receiver:   Tag offset in buffer: 360 (buffer len: 392)
[DEBUG] cosmic_applet::network::udp_receiver: 🔐 HMAC verification:
[DEBUG] cosmic_applet::network::udp_receiver:   Secret key (first 8 bytes): [30, 30, 30, 30, 30, 30, 30, 30]
[DEBUG] cosmic_applet::network::udp_receiver:   Received tag:  [50, 9e, 76, 19, c4, 6e, c6, b4]
[DEBUG] cosmic_applet::network::udp_receiver:   Computed tag:  [50, 9e, 76, 19, c4, 6e, c6, b4]
[DEBUG] cosmic_applet::network::udp_receiver:   ✓ Tags match
[DEBUG] cosmic_applet::simple_sensors: 📊 CPU packet data - usage: 3.4%, temp: Some(37.0)
[DEBUG] cosmic_applet::simple_sensors: 📊 Memory packet data - used: 35653251072 bytes, total: 134819328000 bytes
[DEBUG] cosmic_applet::simple_sensors: 📊 GPU VRAM used: 3428 MB → 3594518528 bytes
[DEBUG] cosmic_applet::simple_sensors: 📊 GPU VRAM total: 24564 MB → 25757220864 bytes
[DEBUG] cosmic_applet::simple_sensors: 📊 GPU load percent: Some(0.0)
[DEBUG] cosmic_applet::simple_sensors: 📊 GPU temperature: Some(35.0)
[DEBUG] cosmic_applet::simple_sensors: 📊 Temperature packet data - celsius: 37
[DEBUG] cosmic_applet::network::udp_receiver: 📊 Updated metrics for machine: Neptune (CPU: 3.4%, Mem: 35653251072/134819328000 bytes)
[DEBUG] cosmic_applet: 🔄 RefreshMetrics: machine 'Neptune' CPU=3.4%, mem=35653251072/134819328000
[DEBUG] cosmic_applet: 🖼️  Rendering Panel: machine 'Neptune' CPU=3.4%, mem=35653251072/134819328000
[DEBUG] cosmic_applet: 🔄 RefreshMetrics: machine 'Neptune' CPU=3.4%, mem=35653251072/134819328000
[DEBUG] cosmic_applet: 🖼️  Rendering Panel: machine 'Neptune' CPU=3.4%, mem=35653251072/134819328000
[DEBUG] cosmic_applet::network::udp_receiver:   Tag offset in buffer: 360 (buffer len: 392)
[DEBUG] cosmic_applet::network::udp_receiver: 🔐 HMAC verification:
[DEBUG] cosmic_applet::network::udp_receiver:   Secret key (first 8 bytes): [30, 30, 30, 30, 30, 30, 30, 30]
[DEBUG] cosmic_applet::network::udp_receiver:   Received tag:  [da, fc, 35, c5, e5, 9d, ce, b1]
[DEBUG] cosmic_applet::network::udp_receiver:   Computed tag:  [da, fc, 35, c5, e5, 9d, ce, b1]
[DEBUG] cosmic_applet::network::udp_receiver:   ✓ Tags match
[DEBUG] cosmic_applet::simple_sensors: 📊 CPU packet data - usage: 2.9%, temp: Some(36.0)
[DEBUG] cosmic_applet::simple_sensors: 📊 Memory packet data - used: 35644604416 bytes, total: 134819328000 bytes
[DEBUG] cosmic_applet::simple_sensors: 📊 GPU VRAM used: 3428 MB → 3594518528 bytes
[DEBUG] cosmic_applet::simple_sensors: 📊 GPU VRAM total: 24564 MB → 25757220864 bytes
[DEBUG] cosmic_applet::simple_sensors: 📊 GPU load percent: Some(1.0)
[DEBUG] cosmic_applet::simple_sensors: 📊 GPU temperature: Some(35.0)
[DEBUG] cosmic_applet::simple_sensors: 📊 Temperature packet data - celsius: 36
[DEBUG] cosmic_applet::network::udp_receiver: 📊 Updated metrics for machine: Neptune (CPU: 2.9%, Mem: 35644604416/134819328000 bytes)
[DEBUG] cosmic_applet: 🔄 RefreshMetrics: machine 'Neptune' CPU=2.9%, mem=35644604416/134819328000
[DEBUG] cosmic_applet: 🖼️  Rendering Panel: machine 'Neptune' CPU=2.9%, mem=35644604416/134819328000
[DEBUG] cosmic_applet: 🔄 RefreshMetrics: machine 'Neptune' CPU=2.9%, mem=35644604416/134819328000
[DEBUG] cosmic_applet: 🖼️  Rendering Panel: machine 'Neptune' CPU=2.9%, mem=35644604416/134819328000
[DEBUG] cosmic_applet::network::udp_receiver:   Tag offset in buffer: 360 (buffer len: 392)
[DEBUG] cosmic_applet::network::udp_receiver: 🔐 HMAC verification:
[DEBUG] cosmic_applet::network::udp_receiver:   Secret key (first 8 bytes): [30, 30, 30, 30, 30, 30, 30, 30]
[DEBUG] cosmic_applet::network::udp_receiver:   Received tag:  [f6, 6d, 6d, df, 8d, bb, 5e, 0e]
[DEBUG] cosmic_applet::network::udp_receiver:   Computed tag:  [f6, 6d, 6d, df, 8d, bb, 5e, 0e]
[DEBUG] cosmic_applet::network::udp_receiver:   ✓ Tags match
[DEBUG] cosmic_applet::simple_sensors: 📊 CPU packet data - usage: 2.5%, temp: Some(36.0)
[DEBUG] cosmic_applet::simple_sensors: 📊 Memory packet data - used: 35662217216 bytes, total: 134819328000 bytes
[DEBUG] cosmic_applet::simple_sensors: 📊 GPU VRAM used: 3428 MB → 3594518528 bytes
[DEBUG] cosmic_applet::simple_sensors: 📊 GPU VRAM total: 24564 MB → 25757220864 bytes
[DEBUG] cosmic_applet::simple_sensors: 📊 GPU load percent: Some(1.0)
[DEBUG] cosmic_applet::simple_sensors: 📊 GPU temperature: Some(35.0)
[DEBUG] cosmic_applet::simple_sensors: 📊 Temperature packet data - celsius: 36
[DEBUG] cosmic_applet::network::udp_receiver: 📊 Updated metrics for machine: Neptune (CPU: 2.5%, Mem: 35662217216/134819328000 bytes)
[DEBUG] cosmic_applet: 🔄 RefreshMetrics: machine 'Neptune' CPU=2.5%, mem=35662217216/134819328000
[DEBUG] cosmic_applet: 🖼️  Rendering Panel: machine 'Neptune' CPU=2.5%, mem=35662217216/134819328000
[DEBUG] cosmic_applet: 🔄 RefreshMetrics: machine 'Neptune' CPU=2.5%, mem=35662217216/134819328000
[DEBUG] cosmic_applet: 🖼️  Rendering Panel: machine 'Neptune' CPU=2.5%, mem=35662217216/134819328000
[DEBUG] cosmic_applet::network::udp_receiver:   Tag offset in buffer: 360 (buffer len: 392)
[DEBUG] cosmic_applet::network::udp_receiver: 🔐 HMAC verification:
[DEBUG] cosmic_applet::network::udp_receiver:   Secret key (first 8 bytes): [30, 30, 30, 30, 30, 30, 30, 30]
[DEBUG] cosmic_applet::network::udp_receiver:   Received tag:  [34, a5, d7, 06, 0b, fc, c7, 6d]
[DEBUG] cosmic_applet::network::udp_receiver:   Computed tag:  [34, a5, d7, 06, 0b, fc, c7, 6d]
[DEBUG] cosmic_applet::network::udp_receiver:   ✓ Tags match
[DEBUG] cosmic_applet::simple_sensors: 📊 CPU packet data - usage: 2.7%, temp: Some(57.0)
[DEBUG] cosmic_applet::simple_sensors: 📊 Memory packet data - used: 35666837504 bytes, total: 134819328000 bytes
[DEBUG] cosmic_applet::simple_sensors: 📊 GPU VRAM used: 3428 MB → 3594518528 bytes
[DEBUG] cosmic_applet::simple_sensors: 📊 GPU VRAM total: 24564 MB → 25757220864 bytes
[DEBUG] cosmic_applet::simple_sensors: 📊 GPU load percent: Some(1.0)
[DEBUG] cosmic_applet::simple_sensors: 📊 GPU temperature: Some(35.0)
[DEBUG] cosmic_applet::simple_sensors: 📊 Temperature packet data - celsius: 57
[DEBUG] cosmic_applet::network::udp_receiver: 📊 Updated metrics for machine: Neptune (CPU: 2.7%, Mem: 35666837504/134819328000 bytes)
[DEBUG] cosmic_applet: 🔄 RefreshMetrics: machine 'Neptune' CPU=2.7%, mem=35666837504/134819328000
[DEBUG] cosmic_applet: 🖼️  Rendering Panel: machine 'Neptune' CPU=2.7%, mem=35666837504/134819328000
[DEBUG] cosmic_applet: 🔄 RefreshMetrics: machine 'Neptune' CPU=2.7%, mem=35666837504/134819328000
[DEBUG] cosmic_applet: 🖼️  Rendering Panel: machine 'Neptune' CPU=2.7%, mem=35666837504/134819328000
[DEBUG] cosmic_applet::network::udp_receiver:   Tag offset in buffer: 360 (buffer len: 392)
[DEBUG] cosmic_applet::network::udp_receiver: 🔐 HMAC verification:
[DEBUG] cosmic_applet::network::udp_receiver:   Secret key (first 8 bytes): [30, 30, 30, 30, 30, 30, 30, 30]
[DEBUG] cosmic_applet::network::udp_receiver:   Received tag:  [b7, bc, e7, 32, 38, 4c, 74, 6c]
[DEBUG] cosmic_applet::network::udp_receiver:   Computed tag:  [b7, bc, e7, 32, 38, 4c, 74, 6c]
[DEBUG] cosmic_applet::network::udp_receiver:   ✓ Tags match
[DEBUG] cosmic_applet::simple_sensors: 📊 CPU packet data - usage: 2.4%, temp: Some(35.0)
[DEBUG] cosmic_applet::simple_sensors: 📊 Memory packet data - used: 35664195584 bytes, total: 134819328000 bytes
[DEBUG] cosmic_applet::simple_sensors: 📊 GPU VRAM used: 3428 MB → 3594518528 bytes
[DEBUG] cosmic_applet::simple_sensors: 📊 GPU VRAM total: 24564 MB → 25757220864 bytes
[DEBUG] cosmic_applet::simple_sensors: 📊 GPU load percent: Some(1.0)
[DEBUG] cosmic_applet::simple_sensors: 📊 GPU temperature: Some(35.0)
[DEBUG] cosmic_applet::simple_sensors: 📊 Temperature packet data - celsius: 35
[DEBUG] cosmic_applet::network::udp_receiver: 📊 Updated metrics for machine: Neptune (CPU: 2.4%, Mem: 35664195584/134819328000 bytes)
[DEBUG] cosmic_applet: 🔄 RefreshMetrics: machine 'Neptune' CPU=2.4%, mem=35664195584/134819328000
[DEBUG] cosmic_applet: 🖼️  Rendering Panel: machine 'Neptune' CPU=2.4%, mem=35664195584/134819328000
[DEBUG] cosmic_applet: 🔄 RefreshMetrics: machine 'Neptune' CPU=2.4%, mem=35664195584/134819328000
[DEBUG] cosmic_applet: 🖼️  Rendering Panel: machine 'Neptune' CPU=2.4%, mem=35664195584/134819328000
[DEBUG] cosmic_applet::network::udp_receiver:   Tag offset in buffer: 360 (buffer len: 392)
[DEBUG] cosmic_applet::network::udp_receiver: 🔐 HMAC verification:
[DEBUG] cosmic_applet::network::udp_receiver:   Secret key (first 8 bytes): [30, 30, 30, 30, 30, 30, 30, 30]
[DEBUG] cosmic_applet::network::udp_receiver:   Received tag:  [b7, 44, 66, 04, bf, ab, 71, a3]
[DEBUG] cosmic_applet::network::udp_receiver:   Computed tag:  [b7, 44, 66, 04, bf, ab, 71, a3]
[DEBUG] cosmic_applet::network::udp_receiver:   ✓ Tags match
[DEBUG] cosmic_applet::simple_sensors: 📊 CPU packet data - usage: 2.5%, temp: Some(35.0)
[DEBUG] cosmic_applet::simple_sensors: 📊 Memory packet data - used: 35638116352 bytes, total: 134819328000 bytes
[DEBUG] cosmic_applet::simple_sensors: 📊 GPU VRAM used: 3428 MB → 3594518528 bytes
[DEBUG] cosmic_applet::simple_sensors: 📊 GPU VRAM total: 24564 MB → 25757220864 bytes
[DEBUG] cosmic_applet::simple_sensors: 📊 GPU load percent: Some(0.0)
[DEBUG] cosmic_applet::simple_sensors: 📊 GPU temperature: Some(35.0)
[DEBUG] cosmic_applet::simple_sensors: 📊 Temperature packet data - celsius: 35
[DEBUG] cosmic_applet::network::udp_receiver: 📊 Updated metrics for machine: Neptune (CPU: 2.5%, Mem: 35638116352/134819328000 bytes)
[DEBUG] cosmic_applet: 🔄 RefreshMetrics: machine 'Neptune' CPU=2.5%, mem=35638116352/134819328000
[DEBUG] cosmic_applet: 🖼️  Rendering Panel: machine 'Neptune' CPU=2.5%, mem=35638116352/134819328000
[DEBUG] cosmic_applet: 🔄 RefreshMetrics: machine 'Neptune' CPU=2.5%, mem=35638116352/134819328000
[DEBUG] cosmic_applet: 🖼️  Rendering Panel: machine 'Neptune' CPU=2.5%, mem=35638116352/134819328000
[DEBUG] cosmic_applet::network::udp_receiver:   Tag offset in buffer: 360 (buffer len: 392)
[DEBUG] cosmic_applet::network::udp_receiver: 🔐 HMAC verification:
[DEBUG] cosmic_applet::network::udp_receiver:   Secret key (first 8 bytes): [30, 30, 30, 30, 30, 30, 30, 30]
[DEBUG] cosmic_applet::network::udp_receiver:   Received tag:  [a0, eb, f4, 83, e6, 89, 55, 8d]
[DEBUG] cosmic_applet::network::udp_receiver:   Computed tag:  [a0, eb, f4, 83, e6, 89, 55, 8d]
[DEBUG] cosmic_applet::network::udp_receiver:   ✓ Tags match
[DEBUG] cosmic_applet::simple_sensors: 📊 CPU packet data - usage: 2.6%, temp: Some(35.0)
[DEBUG] cosmic_applet::simple_sensors: 📊 Memory packet data - used: 35641524224 bytes, total: 134819328000 bytes
[DEBUG] cosmic_applet::simple_sensors: 📊 GPU VRAM used: 3428 MB → 3594518528 bytes
[DEBUG] cosmic_applet::simple_sensors: 📊 GPU VRAM total: 24564 MB → 25757220864 bytes
[DEBUG] cosmic_applet::simple_sensors: 📊 GPU load percent: Some(1.0)
[DEBUG] cosmic_applet::simple_sensors: 📊 GPU temperature: Some(35.0)
[DEBUG] cosmic_applet::simple_sensors: 📊 Temperature packet data - celsius: 35
[DEBUG] cosmic_applet::network::udp_receiver: 📊 Updated metrics for machine: Neptune (CPU: 2.6%, Mem: 35641524224/134819328000 bytes)
[DEBUG] cosmic_applet: 🔄 RefreshMetrics: machine 'Neptune' CPU=2.6%, mem=35641524224/134819328000
[DEBUG] cosmic_applet: 🖼️  Rendering Panel: machine 'Neptune' CPU=2.6%, mem=35641524224/134819328000
[DEBUG] cosmic_applet: 🔄 RefreshMetrics: machine 'Neptune' CPU=2.6%, mem=35641524224/134819328000
[DEBUG] cosmic_applet: 🖼️  Rendering Panel: machine 'Neptune' CPU=2.6%, mem=35641524224/134819328000
[DEBUG] cosmic_applet::network::udp_receiver:   Tag offset in buffer: 360 (buffer len: 392)
[DEBUG] cosmic_applet::network::udp_receiver: 🔐 HMAC verification:
[DEBUG] cosmic_applet::network::udp_receiver:   Secret key (first 8 bytes): [30, 30, 30, 30, 30, 30, 30, 30]
[DEBUG] cosmic_applet::network::udp_receiver:   Received tag:  [eb, 7d, 59, 2a, 77, 27, c6, 91]
[DEBUG] cosmic_applet::network::udp_receiver:   Computed tag:  [eb, 7d, 59, 2a, 77, 27, c6, 91]
[DEBUG] cosmic_applet::network::udp_receiver:   ✓ Tags match
[DEBUG] cosmic_applet::simple_sensors: 📊 CPU packet data - usage: 2.8%, temp: Some(58.0)
[DEBUG] cosmic_applet::simple_sensors: 📊 Memory packet data - used: 35637895168 bytes, total: 134819328000 bytes
[DEBUG] cosmic_applet::simple_sensors: 📊 GPU VRAM used: 3428 MB → 3594518528 bytes
[DEBUG] cosmic_applet::simple_sensors: 📊 GPU VRAM total: 24564 MB → 25757220864 bytes
[DEBUG] cosmic_applet::simple_sensors: 📊 GPU load percent: Some(1.0)
[DEBUG] cosmic_applet::simple_sensors: 📊 GPU temperature: Some(35.0)
[DEBUG] cosmic_applet::simple_sensors: 📊 Temperature packet data - celsius: 58
[DEBUG] cosmic_applet::network::udp_receiver: 📊 Updated metrics for machine: Neptune (CPU: 2.8%, Mem: 35637895168/134819328000 bytes)
[DEBUG] cosmic_applet: 🔄 RefreshMetrics: machine 'Neptune' CPU=2.8%, mem=35637895168/134819328000
[DEBUG] cosmic_applet: 🖼️  Rendering Panel: machine 'Neptune' CPU=2.8%, mem=35637895168/134819328000
[DEBUG] cosmic_applet: 🔄 RefreshMetrics: machine 'Neptune' CPU=2.8%, mem=35637895168/134819328000
[DEBUG] cosmic_applet: 🖼️  Rendering Panel: machine 'Neptune' CPU=2.8%, mem=35637895168/134819328000
[DEBUG] cosmic_applet::network::udp_receiver:   Tag offset in buffer: 360 (buffer len: 392)
[DEBUG] cosmic_applet::network::udp_receiver: 🔐 HMAC verification:
[DEBUG] cosmic_applet::network::udp_receiver:   Secret key (first 8 bytes): [30, 30, 30, 30, 30, 30, 30, 30]
[DEBUG] cosmic_applet::network::udp_receiver:   Received tag:  [05, d0, 25, 11, 64, 1b, 4f, 12]
[DEBUG] cosmic_applet::network::udp_receiver:   Computed tag:  [05, d0, 25, 11, 64, 1b, 4f, 12]
[DEBUG] cosmic_applet::network::udp_receiver:   ✓ Tags match
[DEBUG] cosmic_applet::simple_sensors: 📊 CPU packet data - usage: 2.9%, temp: Some(36.0)
[DEBUG] cosmic_applet::simple_sensors: 📊 Memory packet data - used: 35645747200 bytes, total: 134819328000 bytes
[DEBUG] cosmic_applet::simple_sensors: 📊 GPU VRAM used: 3428 MB → 3594518528 bytes
[DEBUG] cosmic_applet::simple_sensors: 📊 GPU VRAM total: 24564 MB → 25757220864 bytes
[DEBUG] cosmic_applet::simple_sensors: 📊 GPU load percent: Some(1.0)
[DEBUG] cosmic_applet::simple_sensors: 📊 GPU temperature: Some(35.0)
[DEBUG] cosmic_applet::simple_sensors: 📊 Temperature packet data - celsius: 36
[DEBUG] cosmic_applet::network::udp_receiver: 📊 Updated metrics for machine: Neptune (CPU: 2.9%, Mem: 35645747200/134819328000 bytes)
[DEBUG] cosmic_applet: 🔄 RefreshMetrics: machine 'Neptune' CPU=2.9%, mem=35645747200/134819328000
[DEBUG] cosmic_applet: 🖼️  Rendering Panel: machine 'Neptune' CPU=2.9%, mem=35645747200/134819328000
[DEBUG] cosmic_applet: 🔄 RefreshMetrics: machine 'Neptune' CPU=2.9%, mem=35645747200/134819328000
[DEBUG] cosmic_applet: 🖼️  Rendering Panel: machine 'Neptune' CPU=2.9%, mem=35645747200/134819328000
[DEBUG] cosmic_applet::network::udp_receiver:   Tag offset in buffer: 360 (buffer len: 392)
[DEBUG] cosmic_applet::network::udp_receiver: 🔐 HMAC verification:
[DEBUG] cosmic_applet::network::udp_receiver:   Secret key (first 8 bytes): [30, 30, 30, 30, 30, 30, 30, 30]
[DEBUG] cosmic_applet::network::udp_receiver:   Received tag:  [b1, f7, 09, 56, 50, 30, 4b, f4]
[DEBUG] cosmic_applet::network::udp_receiver:   Computed tag:  [b1, f7, 09, 56, 50, 30, 4b, f4]
[DEBUG] cosmic_applet::network::udp_receiver:   ✓ Tags match
[DEBUG] cosmic_applet::simple_sensors: 📊 CPU packet data - usage: 4.3%, temp: Some(36.0)
[DEBUG] cosmic_applet::simple_sensors: 📊 Memory packet data - used: 35649290240 bytes, total: 134819328000 bytes
[DEBUG] cosmic_applet::simple_sensors: 📊 GPU VRAM used: 3428 MB → 3594518528 bytes
[DEBUG] cosmic_applet::simple_sensors: 📊 GPU VRAM total: 24564 MB → 25757220864 bytes
[DEBUG] cosmic_applet::simple_sensors: 📊 GPU load percent: Some(1.0)
[DEBUG] cosmic_applet::simple_sensors: 📊 GPU temperature: Some(35.0)
[DEBUG] cosmic_applet::simple_sensors: 📊 Temperature packet data - celsius: 36
[DEBUG] cosmic_applet::network::udp_receiver: 📊 Updated metrics for machine: Neptune (CPU: 4.3%, Mem: 35649290240/134819328000 bytes)
[DEBUG] cosmic_applet: 🔄 RefreshMetrics: machine 'Neptune' CPU=4.3%, mem=35649290240/134819328000
[DEBUG] cosmic_applet: 🖼️  Rendering Panel: machine 'Neptune' CPU=4.3%, mem=35649290240/134819328000
[DEBUG] cosmic_applet: 🔄 RefreshMetrics: machine 'Neptune' CPU=4.3%, mem=35649290240/134819328000
[DEBUG] cosmic_applet: 🖼️  Rendering Panel: machine 'Neptune' CPU=4.3%, mem=35649290240/134819328000
[DEBUG] cosmic_applet::network::udp_receiver:   Tag offset in buffer: 360 (buffer len: 392)
[DEBUG] cosmic_applet::network::udp_receiver: 🔐 HMAC verification:
[DEBUG] cosmic_applet::network::udp_receiver:   Secret key (first 8 bytes): [30, 30, 30, 30, 30, 30, 30, 30]
[DEBUG] cosmic_applet::network::udp_receiver:   Received tag:  [3c, 20, cd, ff, f1, dc, 38, bd]
[DEBUG] cosmic_applet::network::udp_receiver:   Computed tag:  [3c, 20, cd, ff, f1, dc, 38, bd]
[DEBUG] cosmic_applet::network::udp_receiver:   ✓ Tags match
[DEBUG] cosmic_applet::simple_sensors: 📊 CPU packet data - usage: 2.5%, temp: Some(36.0)
[DEBUG] cosmic_applet::simple_sensors: 📊 Memory packet data - used: 35650752512 bytes, total: 134819328000 bytes
[DEBUG] cosmic_applet::simple_sensors: 📊 GPU VRAM used: 3428 MB → 3594518528 bytes
[DEBUG] cosmic_applet::simple_sensors: 📊 GPU VRAM total: 24564 MB → 25757220864 bytes
[DEBUG] cosmic_applet::simple_sensors: 📊 GPU load percent: Some(1.0)
[DEBUG] cosmic_applet::simple_sensors: 📊 GPU temperature: Some(35.0)
[DEBUG] cosmic_applet::simple_sensors: 📊 Temperature packet data - celsius: 36
[DEBUG] cosmic_applet::network::udp_receiver: 📊 Updated metrics for machine: Neptune (CPU: 2.5%, Mem: 35650752512/134819328000 bytes)
[DEBUG] cosmic_applet: 🔄 RefreshMetrics: machine 'Neptune' CPU=2.5%, mem=35650752512/134819328000
[DEBUG] cosmic_applet: 🖼️  Rendering Panel: machine 'Neptune' CPU=2.5%, mem=35650752512/134819328000
[DEBUG] cosmic_applet: 🔄 RefreshMetrics: machine 'Neptune' CPU=2.5%, mem=35650752512/134819328000
[DEBUG] cosmic_applet: 🖼️  Rendering Panel: machine 'Neptune' CPU=2.5%, mem=35650752512/134819328000
[DEBUG] cosmic_applet::network::udp_receiver:   Tag offset in buffer: 360 (buffer len: 392)
[DEBUG] cosmic_applet::network::udp_receiver: 🔐 HMAC verification:
[DEBUG] cosmic_applet::network::udp_receiver:   Secret key (first 8 bytes): [30, 30, 30, 30, 30, 30, 30, 30]
[DEBUG] cosmic_applet::network::udp_receiver:   Received tag:  [59, 56, 8e, c4, d0, 7e, d4, 87]
[DEBUG] cosmic_applet::network::udp_receiver:   Computed tag:  [59, 56, 8e, c4, d0, 7e, d4, 87]
[DEBUG] cosmic_applet::network::udp_receiver:   ✓ Tags match
[DEBUG] cosmic_applet::simple_sensors: 📊 CPU packet data - usage: 2.7%, temp: Some(58.0)
[DEBUG] cosmic_applet::simple_sensors: 📊 Memory packet data - used: 35669676032 bytes, total: 134819328000 bytes
[DEBUG] cosmic_applet::simple_sensors: 📊 GPU VRAM used: 3428 MB → 3594518528 bytes
[DEBUG] cosmic_applet::simple_sensors: 📊 GPU VRAM total: 24564 MB → 25757220864 bytes
[DEBUG] cosmic_applet::simple_sensors: 📊 GPU load percent: Some(1.0)
[DEBUG] cosmic_applet::simple_sensors: 📊 GPU temperature: Some(35.0)
[DEBUG] cosmic_applet::simple_sensors: 📊 Temperature packet data - celsius: 58
[DEBUG] cosmic_applet::network::udp_receiver: 📊 Updated metrics for machine: Neptune (CPU: 2.7%, Mem: 35669676032/134819328000 bytes)
[DEBUG] cosmic_applet: 🔄 RefreshMetrics: machine 'Neptune' CPU=2.7%, mem=35669676032/134819328000
[DEBUG] cosmic_applet: 🖼️  Rendering Panel: machine 'Neptune' CPU=2.7%, mem=35669676032/134819328000
[DEBUG] cosmic_applet: 🔄 RefreshMetrics: machine 'Neptune' CPU=2.7%, mem=35669676032/134819328000
[DEBUG] cosmic_applet: 🖼️  Rendering Panel: machine 'Neptune' CPU=2.7%, mem=35669676032/134819328000
[DEBUG] cosmic_applet::network::udp_receiver:   Tag offset in buffer: 360 (buffer len: 392)
[DEBUG] cosmic_applet::network::udp_receiver: 🔐 HMAC verification:
[DEBUG] cosmic_applet::network::udp_receiver:   Secret key (first 8 bytes): [30, 30, 30, 30, 30, 30, 30, 30]
[DEBUG] cosmic_applet::network::udp_receiver:   Received tag:  [23, bd, b2, 63, 34, 33, 82, 3f]
[DEBUG] cosmic_applet::network::udp_receiver:   Computed tag:  [23, bd, b2, 63, 34, 33, 82, 3f]
[DEBUG] cosmic_applet::network::udp_receiver:   ✓ Tags match
[DEBUG] cosmic_applet::simple_sensors: 📊 CPU packet data - usage: 2.7%, temp: Some(36.0)
[DEBUG] cosmic_applet::simple_sensors: 📊 Memory packet data - used: 35669032960 bytes, total: 134819328000 bytes
[DEBUG] cosmic_applet::simple_sensors: 📊 GPU VRAM used: 3428 MB → 3594518528 bytes
[DEBUG] cosmic_applet::simple_sensors: 📊 GPU VRAM total: 24564 MB → 25757220864 bytes
[DEBUG] cosmic_applet::simple_sensors: 📊 GPU load percent: Some(0.0)
[DEBUG] cosmic_applet::simple_sensors: 📊 GPU temperature: Some(35.0)
[DEBUG] cosmic_applet::simple_sensors: 📊 Temperature packet data - celsius: 36
[DEBUG] cosmic_applet::network::udp_receiver: 📊 Updated metrics for machine: Neptune (CPU: 2.7%, Mem: 35669032960/134819328000 bytes)
[DEBUG] cosmic_applet: 🔄 RefreshMetrics: machine 'Neptune' CPU=2.7%, mem=35669032960/134819328000
[DEBUG] cosmic_applet: 🖼️  Rendering Panel: machine 'Neptune' CPU=2.7%, mem=35669032960/134819328000
[DEBUG] cosmic_applet: 🔄 RefreshMetrics: machine 'Neptune' CPU=2.7%, mem=35669032960/134819328000
[DEBUG] cosmic_applet: 🖼️  Rendering Panel: machine 'Neptune' CPU=2.7%, mem=35669032960/134819328000
[DEBUG] cosmic_applet::network::udp_receiver:   Tag offset in buffer: 360 (buffer len: 392)
[DEBUG] cosmic_applet::network::udp_receiver: 🔐 HMAC verification:
[DEBUG] cosmic_applet::network::udp_receiver:   Secret key (first 8 bytes): [30, 30, 30, 30, 30, 30, 30, 30]
[DEBUG] cosmic_applet::network::udp_receiver:   Received tag:  [57, 19, b0, a2, ad, fa, 90, a0]
[DEBUG] cosmic_applet::network::udp_receiver:   Computed tag:  [57, 19, b0, a2, ad, fa, 90, a0]
[DEBUG] cosmic_applet::network::udp_receiver:   ✓ Tags match
[DEBUG] cosmic_applet::simple_sensors: 📊 CPU packet data - usage: 3.5%, temp: Some(35.0)
[DEBUG] cosmic_applet::simple_sensors: 📊 Memory packet data - used: 35673624576 bytes, total: 134819328000 bytes
[DEBUG] cosmic_applet::simple_sensors: 📊 GPU VRAM used: 3428 MB → 3594518528 bytes
[DEBUG] cosmic_applet::simple_sensors: 📊 GPU VRAM total: 24564 MB → 25757220864 bytes
[DEBUG] cosmic_applet::simple_sensors: 📊 GPU load percent: Some(5.0)
[DEBUG] cosmic_applet::simple_sensors: 📊 GPU temperature: Some(35.0)
[DEBUG] cosmic_applet::simple_sensors: 📊 Temperature packet data - celsius: 35
[DEBUG] cosmic_applet::network::udp_receiver: 📊 Updated metrics for machine: Neptune (CPU: 3.5%, Mem: 35673624576/134819328000 bytes)
[DEBUG] cosmic_applet: 🔄 RefreshMetrics: machine 'Neptune' CPU=3.5%, mem=35673624576/134819328000
[DEBUG] cosmic_applet: 🖼️  Rendering Panel: machine 'Neptune' CPU=3.5%, mem=35673624576/134819328000
[DEBUG] cosmic_applet: 🔄 RefreshMetrics: machine 'Neptune' CPU=3.5%, mem=35673624576/134819328000
[DEBUG] cosmic_applet: 🖼️  Rendering Panel: machine 'Neptune' CPU=3.5%, mem=35673624576/134819328000
[DEBUG] cosmic_applet::network::udp_receiver:   Tag offset in buffer: 360 (buffer len: 392)
[DEBUG] cosmic_applet::network::udp_receiver: 🔐 HMAC verification:
[DEBUG] cosmic_applet::network::udp_receiver:   Secret key (first 8 bytes): [30, 30, 30, 30, 30, 30, 30, 30]
[DEBUG] cosmic_applet::network::udp_receiver:   Received tag:  [6e, 4f, 70, 20, 31, a8, 60, 6a]
[DEBUG] cosmic_applet::network::udp_receiver:   Computed tag:  [6e, 4f, 70, 20, 31, a8, 60, 6a]
[DEBUG] cosmic_applet::network::udp_receiver:   ✓ Tags match
[DEBUG] cosmic_applet::simple_sensors: 📊 CPU packet data - usage: 3.2%, temp: Some(35.0)
[DEBUG] cosmic_applet::simple_sensors: 📊 Memory packet data - used: 35676098560 bytes, total: 134819328000 bytes
[DEBUG] cosmic_applet::simple_sensors: 📊 GPU VRAM used: 3428 MB → 3594518528 bytes
[DEBUG] cosmic_applet::simple_sensors: 📊 GPU VRAM total: 24564 MB → 25757220864 bytes
[DEBUG] cosmic_applet::simple_sensors: 📊 GPU load percent: Some(1.0)
[DEBUG] cosmic_applet::simple_sensors: 📊 GPU temperature: Some(35.0)
[DEBUG] cosmic_applet::simple_sensors: 📊 Temperature packet data - celsius: 35
[DEBUG] cosmic_applet::network::udp_receiver: 📊 Updated metrics for machine: Neptune (CPU: 3.2%, Mem: 35676098560/134819328000 bytes)
[DEBUG] cosmic_applet: 🔄 RefreshMetrics: machine 'Neptune' CPU=3.2%, mem=35676098560/134819328000
[DEBUG] cosmic_applet: 🖼️  Rendering Panel: machine 'Neptune' CPU=3.2%, mem=35676098560/134819328000
[DEBUG] cosmic_applet: 🔄 RefreshMetrics: machine 'Neptune' CPU=3.2%, mem=35676098560/134819328000
[DEBUG] cosmic_applet: 🖼️  Rendering Panel: machine 'Neptune' CPU=3.2%, mem=35676098560/134819328000
[DEBUG] cosmic_applet::network::udp_receiver:   Tag offset in buffer: 360 (buffer len: 392)
[DEBUG] cosmic_applet::network::udp_receiver: 🔐 HMAC verification:
[DEBUG] cosmic_applet::network::udp_receiver:   Secret key (first 8 bytes): [30, 30, 30, 30, 30, 30, 30, 30]
[DEBUG] cosmic_applet::network::udp_receiver:   Received tag:  [f8, e4, d3, 9e, 03, 4c, d5, c9]
[DEBUG] cosmic_applet::network::udp_receiver:   Computed tag:  [f8, e4, d3, 9e, 03, 4c, d5, c9]
[DEBUG] cosmic_applet::network::udp_receiver:   ✓ Tags match
[DEBUG] cosmic_applet::simple_sensors: 📊 CPU packet data - usage: 2.7%, temp: Some(57.0)
[DEBUG] cosmic_applet::simple_sensors: 📊 Memory packet data - used: 35675570176 bytes, total: 134819328000 bytes
[DEBUG] cosmic_applet::simple_sensors: 📊 GPU VRAM used: 3428 MB → 3594518528 bytes
[DEBUG] cosmic_applet::simple_sensors: 📊 GPU VRAM total: 24564 MB → 25757220864 bytes
[DEBUG] cosmic_applet::simple_sensors: 📊 GPU load percent: Some(1.0)
[DEBUG] cosmic_applet::simple_sensors: 📊 GPU temperature: Some(35.0)
[DEBUG] cosmic_applet::simple_sensors: 📊 Temperature packet data - celsius: 57
[DEBUG] cosmic_applet::network::udp_receiver: 📊 Updated metrics for machine: Neptune (CPU: 2.7%, Mem: 35675570176/134819328000 bytes)
[DEBUG] cosmic_applet: 🔄 RefreshMetrics: machine 'Neptune' CPU=2.7%, mem=35675570176/134819328000
[DEBUG] cosmic_applet: 🖼️  Rendering Panel: machine 'Neptune' CPU=2.7%, mem=35675570176/134819328000
[DEBUG] cosmic_applet: 🔄 RefreshMetrics: machine 'Neptune' CPU=2.7%, mem=35675570176/134819328000
[DEBUG] cosmic_applet: 🖼️  Rendering Panel: machine 'Neptune' CPU=2.7%, mem=35675570176/134819328000
[DEBUG] cosmic_applet::network::udp_receiver:   Tag offset in buffer: 360 (buffer len: 392)
[DEBUG] cosmic_applet::network::udp_receiver: 🔐 HMAC verification:
[DEBUG] cosmic_applet::network::udp_receiver:   Secret key (first 8 bytes): [30, 30, 30, 30, 30, 30, 30, 30]
[DEBUG] cosmic_applet::network::udp_receiver:   Received tag:  [23, 22, ef, 86, db, dd, 2f, e6]
[DEBUG] cosmic_applet::network::udp_receiver:   Computed tag:  [23, 22, ef, 86, db, dd, 2f, e6]
[DEBUG] cosmic_applet::network::udp_receiver:   ✓ Tags match
[DEBUG] cosmic_applet::simple_sensors: 📊 CPU packet data - usage: 2.8%, temp: Some(36.0)
[DEBUG] cosmic_applet::simple_sensors: 📊 Memory packet data - used: 35677413376 bytes, total: 134819328000 bytes
[DEBUG] cosmic_applet::simple_sensors: 📊 GPU VRAM used: 3428 MB → 3594518528 bytes
[DEBUG] cosmic_applet::simple_sensors: 📊 GPU VRAM total: 24564 MB → 25757220864 bytes
[DEBUG] cosmic_applet::simple_sensors: 📊 GPU load percent: Some(1.0)
[DEBUG] cosmic_applet::simple_sensors: 📊 GPU temperature: Some(35.0)
[DEBUG] cosmic_applet::simple_sensors: 📊 Temperature packet data - celsius: 36
[DEBUG] cosmic_applet::network::udp_receiver: 📊 Updated metrics for machine: Neptune (CPU: 2.8%, Mem: 35677413376/134819328000 bytes)
[DEBUG] cosmic_applet: 🔄 RefreshMetrics: machine 'Neptune' CPU=2.8%, mem=35677413376/134819328000
[DEBUG] cosmic_applet: 🖼️  Rendering Panel: machine 'Neptune' CPU=2.8%, mem=35677413376/134819328000
[DEBUG] cosmic_applet: 🔄 RefreshMetrics: machine 'Neptune' CPU=2.8%, mem=35677413376/134819328000
[DEBUG] cosmic_applet: 🖼️  Rendering Panel: machine 'Neptune' CPU=2.8%, mem=35677413376/134819328000
[DEBUG] cosmic_applet::network::udp_receiver:   Tag offset in buffer: 360 (buffer len: 392)
[DEBUG] cosmic_applet::network::udp_receiver: 🔐 HMAC verification:
[DEBUG] cosmic_applet::network::udp_receiver:   Secret key (first 8 bytes): [30, 30, 30, 30, 30, 30, 30, 30]
[DEBUG] cosmic_applet::network::udp_receiver:   Received tag:  [89, b9, de, ee, d7, a6, cd, b3]
[DEBUG] cosmic_applet::network::udp_receiver:   Computed tag:  [89, b9, de, ee, d7, a6, cd, b3]
[DEBUG] cosmic_applet::network::udp_receiver:   ✓ Tags match
[DEBUG] cosmic_applet::simple_sensors: 📊 CPU packet data - usage: 2.4%, temp: Some(35.0)
[DEBUG] cosmic_applet::simple_sensors: 📊 Memory packet data - used: 35682521088 bytes, total: 134819328000 bytes
[DEBUG] cosmic_applet::simple_sensors: 📊 GPU VRAM used: 3428 MB → 3594518528 bytes
[DEBUG] cosmic_applet::simple_sensors: 📊 GPU VRAM total: 24564 MB → 25757220864 bytes
[DEBUG] cosmic_applet::simple_sensors: 📊 GPU load percent: Some(2.0)
[DEBUG] cosmic_applet::simple_sensors: 📊 GPU temperature: Some(35.0)
[DEBUG] cosmic_applet::simple_sensors: 📊 Temperature packet data - celsius: 35
[DEBUG] cosmic_applet::network::udp_receiver: 📊 Updated metrics for machine: Neptune (CPU: 2.4%, Mem: 35682521088/134819328000 bytes)
[DEBUG] cosmic_applet: 🔄 RefreshMetrics: machine 'Neptune' CPU=2.4%, mem=35682521088/134819328000
[DEBUG] cosmic_applet: 🖼️  Rendering Panel: machine 'Neptune' CPU=2.4%, mem=35682521088/134819328000
[DEBUG] cosmic_applet: 🔄 RefreshMetrics: machine 'Neptune' CPU=2.4%, mem=35682521088/134819328000
[DEBUG] cosmic_applet: 🖼️  Rendering Panel: machine 'Neptune' CPU=2.4%, mem=35682521088/134819328000
[DEBUG] cosmic_applet::network::udp_receiver:   Tag offset in buffer: 360 (buffer len: 392)
[DEBUG] cosmic_applet::network::udp_receiver: 🔐 HMAC verification:
[DEBUG] cosmic_applet::network::udp_receiver:   Secret key (first 8 bytes): [30, 30, 30, 30, 30, 30, 30, 30]
[DEBUG] cosmic_applet::network::udp_receiver:   Received tag:  [6a, b5, 60, f0, 93, 0f, c8, 0a]
[DEBUG] cosmic_applet::network::udp_receiver:   Computed tag:  [6a, b5, 60, f0, 93, 0f, c8, 0a]
[DEBUG] cosmic_applet::network::udp_receiver:   ✓ Tags match
[DEBUG] cosmic_applet::simple_sensors: 📊 CPU packet data - usage: 3.0%, temp: Some(35.0)
[DEBUG] cosmic_applet::simple_sensors: 📊 Memory packet data - used: 35686133760 bytes, total: 134819328000 bytes
[DEBUG] cosmic_applet::simple_sensors: 📊 GPU VRAM used: 3428 MB → 3594518528 bytes
[DEBUG] cosmic_applet::simple_sensors: 📊 GPU VRAM total: 24564 MB → 25757220864 bytes
[DEBUG] cosmic_applet::simple_sensors: 📊 GPU load percent: Some(1.0)
[DEBUG] cosmic_applet::simple_sensors: 📊 GPU temperature: Some(35.0)
[DEBUG] cosmic_applet::simple_sensors: 📊 Temperature packet data - celsius: 35
[DEBUG] cosmic_applet::network::udp_receiver: 📊 Updated metrics for machine: Neptune (CPU: 3.0%, Mem: 35686133760/134819328000 bytes)
[DEBUG] cosmic_applet: 🔄 RefreshMetrics: machine 'Neptune' CPU=3.0%, mem=35686133760/134819328000
[DEBUG] cosmic_applet: 🖼️  Rendering Panel: machine 'Neptune' CPU=3.0%, mem=35686133760/134819328000
[DEBUG] cosmic_applet: 🔄 RefreshMetrics: machine 'Neptune' CPU=3.0%, mem=35686133760/134819328000
[DEBUG] cosmic_applet: 🖼️  Rendering Panel: machine 'Neptune' CPU=3.0%, mem=35686133760/134819328000
[DEBUG] cosmic_applet::network::udp_receiver:   Tag offset in buffer: 360 (buffer len: 392)
[DEBUG] cosmic_applet::network::udp_receiver: 🔐 HMAC verification:
[DEBUG] cosmic_applet::network::udp_receiver:   Secret key (first 8 bytes): [30, 30, 30, 30, 30, 30, 30, 30]
[DEBUG] cosmic_applet::network::udp_receiver:   Received tag:  [8e, 06, 9c, 7c, f9, 45, c8, c0]
[DEBUG] cosmic_applet::network::udp_receiver:   Computed tag:  [8e, 06, 9c, 7c, f9, 45, c8, c0]
[DEBUG] cosmic_applet::network::udp_receiver:   ✓ Tags match
[DEBUG] cosmic_applet::simple_sensors: 📊 CPU packet data - usage: 4.4%, temp: Some(69.0)
[DEBUG] cosmic_applet::simple_sensors: 📊 Memory packet data - used: 35686727680 bytes, total: 134819328000 bytes
[DEBUG] cosmic_applet::simple_sensors: 📊 GPU VRAM used: 3428 MB → 3594518528 bytes
[DEBUG] cosmic_applet::simple_sensors: 📊 GPU VRAM total: 24564 MB → 25757220864 bytes
[DEBUG] cosmic_applet::simple_sensors: 📊 GPU load percent: Some(1.0)
[DEBUG] cosmic_applet::simple_sensors: 📊 GPU temperature: Some(35.0)
[DEBUG] cosmic_applet::simple_sensors: 📊 Temperature packet data - celsius: 69
[DEBUG] cosmic_applet::network::udp_receiver: 📊 Updated metrics for machine: Neptune (CPU: 4.4%, Mem: 35686727680/134819328000 bytes)
[DEBUG] cosmic_applet: 🔄 RefreshMetrics: machine 'Neptune' CPU=4.4%, mem=35686727680/134819328000
[DEBUG] cosmic_applet: 🖼️  Rendering Panel: machine 'Neptune' CPU=4.4%, mem=35686727680/134819328000
[DEBUG] cosmic_applet: 🔄 RefreshMetrics: machine 'Neptune' CPU=4.4%, mem=35686727680/134819328000
[DEBUG] cosmic_applet: 🖼️  Rendering Panel: machine 'Neptune' CPU=4.4%, mem=35686727680/134819328000
[DEBUG] cosmic_applet::network::udp_receiver:   Tag offset in buffer: 360 (buffer len: 392)
[DEBUG] cosmic_applet::network::udp_receiver: 🔐 HMAC verification:
[DEBUG] cosmic_applet::network::udp_receiver:   Secret key (first 8 bytes): [30, 30, 30, 30, 30, 30, 30, 30]
[DEBUG] cosmic_applet::network::udp_receiver:   Received tag:  [ab, 39, ca, c3, 1c, 7b, 94, 45]
[DEBUG] cosmic_applet::network::udp_receiver:   Computed tag:  [ab, 39, ca, c3, 1c, 7b, 94, 45]
[DEBUG] cosmic_applet::network::udp_receiver:   ✓ Tags match
[DEBUG] cosmic_applet::simple_sensors: 📊 CPU packet data - usage: 2.6%, temp: Some(37.0)
[DEBUG] cosmic_applet::simple_sensors: 📊 Memory packet data - used: 35689447424 bytes, total: 134819328000 bytes
[DEBUG] cosmic_applet::simple_sensors: 📊 GPU VRAM used: 3428 MB → 3594518528 bytes
[DEBUG] cosmic_applet::simple_sensors: 📊 GPU VRAM total: 24564 MB → 25757220864 bytes
[DEBUG] cosmic_applet::simple_sensors: 📊 GPU load percent: Some(8.0)
[DEBUG] cosmic_applet::simple_sensors: 📊 GPU temperature: Some(35.0)
[DEBUG] cosmic_applet::simple_sensors: 📊 Temperature packet data - celsius: 37
[DEBUG] cosmic_applet::network::udp_receiver: 📊 Updated metrics for machine: Neptune (CPU: 2.6%, Mem: 35689447424/134819328000 bytes)
[DEBUG] cosmic_applet: 🔄 RefreshMetrics: machine 'Neptune' CPU=2.6%, mem=35689447424/134819328000
[DEBUG] cosmic_applet: 🖼️  Rendering Panel: machine 'Neptune' CPU=2.6%, mem=35689447424/134819328000
[DEBUG] cosmic_applet: 🔄 RefreshMetrics: machine 'Neptune' CPU=2.6%, mem=35689447424/134819328000
[DEBUG] cosmic_applet: 🖼️  Rendering Panel: machine 'Neptune' CPU=2.6%, mem=35689447424/134819328000
[DEBUG] cosmic_applet::network::udp_receiver:   Tag offset in buffer: 360 (buffer len: 392)
[DEBUG] cosmic_applet::network::udp_receiver: 🔐 HMAC verification:
[DEBUG] cosmic_applet::network::udp_receiver:   Secret key (first 8 bytes): [30, 30, 30, 30, 30, 30, 30, 30]
[DEBUG] cosmic_applet::network::udp_receiver:   Received tag:  [12, 66, 7a, e3, 4a, 7e, 98, 89]
[DEBUG] cosmic_applet::network::udp_receiver:   Computed tag:  [12, 66, 7a, e3, 4a, 7e, 98, 89]
[DEBUG] cosmic_applet::network::udp_receiver:   ✓ Tags match
[DEBUG] cosmic_applet::simple_sensors: 📊 CPU packet data - usage: 3.4%, temp: Some(36.0)
[DEBUG] cosmic_applet::simple_sensors: 📊 Memory packet data - used: 35694854144 bytes, total: 134819328000 bytes
[DEBUG] cosmic_applet::simple_sensors: 📊 GPU VRAM used: 3428 MB → 3594518528 bytes
[DEBUG] cosmic_applet::simple_sensors: 📊 GPU VRAM total: 24564 MB → 25757220864 bytes
[DEBUG] cosmic_applet::simple_sensors: 📊 GPU load percent: Some(4.0)
[DEBUG] cosmic_applet::simple_sensors: 📊 GPU temperature: Some(35.0)
[DEBUG] cosmic_applet::simple_sensors: 📊 Temperature packet data - celsius: 36
[DEBUG] cosmic_applet::network::udp_receiver: 📊 Updated metrics for machine: Neptune (CPU: 3.4%, Mem: 35694854144/134819328000 bytes)
[DEBUG] cosmic_applet: 🔄 RefreshMetrics: machine 'Neptune' CPU=3.4%, mem=35694854144/134819328000
[DEBUG] cosmic_applet: 🖼️  Rendering Panel: machine 'Neptune' CPU=3.4%, mem=35694854144/134819328000
[DEBUG] cosmic_applet: 🔄 RefreshMetrics: machine 'Neptune' CPU=3.4%, mem=35694854144/134819328000
[DEBUG] cosmic_applet: 🖼️  Rendering Panel: machine 'Neptune' CPU=3.4%, mem=35694854144/134819328000
[DEBUG] cosmic_applet::network::udp_receiver:   Tag offset in buffer: 360 (buffer len: 392)
[DEBUG] cosmic_applet::network::udp_receiver: 🔐 HMAC verification:
[DEBUG] cosmic_applet::network::udp_receiver:   Secret key (first 8 bytes): [30, 30, 30, 30, 30, 30, 30, 30]
[DEBUG] cosmic_applet::network::udp_receiver:   Received tag:  [69, 51, 93, 7a, 89, 78, eb, be]
[DEBUG] cosmic_applet::network::udp_receiver:   Computed tag:  [69, 51, 93, 7a, 89, 78, eb, be]
[DEBUG] cosmic_applet::network::udp_receiver:   ✓ Tags match
[DEBUG] cosmic_applet::simple_sensors: 📊 CPU packet data - usage: 5.0%, temp: Some(66.0)
[DEBUG] cosmic_applet::simple_sensors: 📊 Memory packet data - used: 35697389568 bytes, total: 134819328000 bytes
[DEBUG] cosmic_applet::simple_sensors: 📊 GPU VRAM used: 3416 MB → 3581935616 bytes
[DEBUG] cosmic_applet::simple_sensors: 📊 GPU VRAM total: 24564 MB → 25757220864 bytes
[DEBUG] cosmic_applet::simple_sensors: 📊 GPU load percent: Some(72.0)
[DEBUG] cosmic_applet::simple_sensors: 📊 GPU temperature: Some(36.0)
[DEBUG] cosmic_applet::simple_sensors: 📊 Temperature packet data - celsius: 66
[DEBUG] cosmic_applet::network::udp_receiver: 📊 Updated metrics for machine: Neptune (CPU: 5.0%, Mem: 35697389568/134819328000 bytes)
[DEBUG] cosmic_applet: 🔄 RefreshMetrics: machine 'Neptune' CPU=5.0%, mem=35697389568/134819328000
[DEBUG] cosmic_applet: 🖼️  Rendering Panel: machine 'Neptune' CPU=5.0%, mem=35697389568/134819328000
[DEBUG] cosmic_applet: 🔄 RefreshMetrics: machine 'Neptune' CPU=5.0%, mem=35697389568/134819328000
[DEBUG] cosmic_applet: 🖼️  Rendering Panel: machine 'Neptune' CPU=5.0%, mem=35697389568/134819328000
[DEBUG] cosmic_applet::network::udp_receiver:   Tag offset in buffer: 360 (buffer len: 392)
[DEBUG] cosmic_applet::network::udp_receiver: 🔐 HMAC verification:
[DEBUG] cosmic_applet::network::udp_receiver:   Secret key (first 8 bytes): [30, 30, 30, 30, 30, 30, 30, 30]
[DEBUG] cosmic_applet::network::udp_receiver:   Received tag:  [a9, 3f, 20, db, 20, 97, be, bb]
[DEBUG] cosmic_applet::network::udp_receiver:   Computed tag:  [a9, 3f, 20, db, 20, 97, be, bb]
[DEBUG] cosmic_applet::network::udp_receiver:   ✓ Tags match
[DEBUG] cosmic_applet::simple_sensors: 📊 CPU packet data - usage: 3.4%, temp: Some(66.0)
[DEBUG] cosmic_applet::simple_sensors: 📊 Memory packet data - used: 35700785152 bytes, total: 134819328000 bytes
[DEBUG] cosmic_applet::simple_sensors: 📊 GPU VRAM used: 3426 MB → 3592421376 bytes
[DEBUG] cosmic_applet::simple_sensors: 📊 GPU VRAM total: 24564 MB → 25757220864 bytes
[DEBUG] cosmic_applet::simple_sensors: 📊 GPU load percent: Some(5.0)
[DEBUG] cosmic_applet::simple_sensors: 📊 GPU temperature: Some(36.0)
[DEBUG] cosmic_applet::simple_sensors: 📊 Temperature packet data - celsius: 66
[DEBUG] cosmic_applet::network::udp_receiver: 📊 Updated metrics for machine: Neptune (CPU: 3.4%, Mem: 35700785152/134819328000 bytes)
[DEBUG] cosmic_applet: 🔄 RefreshMetrics: machine 'Neptune' CPU=3.4%, mem=35700785152/134819328000
[DEBUG] cosmic_applet: 🖼️  Rendering Panel: machine 'Neptune' CPU=3.4%, mem=35700785152/134819328000
[DEBUG] cosmic_applet: 🔄 RefreshMetrics: machine 'Neptune' CPU=3.4%, mem=35700785152/134819328000
[DEBUG] cosmic_applet: 🖼️  Rendering Panel: machine 'Neptune' CPU=3.4%, mem=35700785152/134819328000
[DEBUG] cosmic_applet::network::udp_receiver:   Tag offset in buffer: 360 (buffer len: 392)
[DEBUG] cosmic_applet::network::udp_receiver: 🔐 HMAC verification:
[DEBUG] cosmic_applet::network::udp_receiver:   Secret key (first 8 bytes): [30, 30, 30, 30, 30, 30, 30, 30]
[DEBUG] cosmic_applet::network::udp_receiver:   Received tag:  [9d, a6, 2d, 36, 21, 0b, f8, 7d]
[DEBUG] cosmic_applet::network::udp_receiver:   Computed tag:  [9d, a6, 2d, 36, 21, 0b, f8, 7d]
[DEBUG] cosmic_applet::network::udp_receiver:   ✓ Tags match
[DEBUG] cosmic_applet::simple_sensors: 📊 CPU packet data - usage: 2.9%, temp: Some(37.0)
[DEBUG] cosmic_applet::simple_sensors: 📊 Memory packet data - used: 35710185472 bytes, total: 134819328000 bytes
[DEBUG] cosmic_applet::simple_sensors: 📊 GPU VRAM used: 3427 MB → 3593469952 bytes
[DEBUG] cosmic_applet::simple_sensors: 📊 GPU VRAM total: 24564 MB → 25757220864 bytes
[DEBUG] cosmic_applet::simple_sensors: 📊 GPU load percent: Some(2.0)
[DEBUG] cosmic_applet::simple_sensors: 📊 GPU temperature: Some(36.0)
[DEBUG] cosmic_applet::simple_sensors: 📊 Temperature packet data - celsius: 37
[DEBUG] cosmic_applet::network::udp_receiver: 📊 Updated metrics for machine: Neptune (CPU: 2.9%, Mem: 35710185472/134819328000 bytes)
[DEBUG] cosmic_applet: 🔄 RefreshMetrics: machine 'Neptune' CPU=2.9%, mem=35710185472/134819328000
[DEBUG] cosmic_applet: 🖼️  Rendering Panel: machine 'Neptune' CPU=2.9%, mem=35710185472/134819328000
[DEBUG] cosmic_applet: 🔄 RefreshMetrics: machine 'Neptune' CPU=2.9%, mem=35710185472/134819328000
[DEBUG] cosmic_applet: 🖼️  Rendering Panel: machine 'Neptune' CPU=2.9%, mem=35710185472/134819328000
[DEBUG] cosmic_applet::network::udp_receiver:   Tag offset in buffer: 360 (buffer len: 392)
[DEBUG] cosmic_applet::network::udp_receiver: 🔐 HMAC verification:
[DEBUG] cosmic_applet::network::udp_receiver:   Secret key (first 8 bytes): [30, 30, 30, 30, 30, 30, 30, 30]
[DEBUG] cosmic_applet::network::udp_receiver:   Received tag:  [2c, 97, b2, f1, e1, 0e, 94, a5]
[DEBUG] cosmic_applet::network::udp_receiver:   Computed tag:  [2c, 97, b2, f1, e1, 0e, 94, a5]
[DEBUG] cosmic_applet::network::udp_receiver:   ✓ Tags match
[DEBUG] cosmic_applet::simple_sensors: 📊 CPU packet data - usage: 3.5%, temp: Some(35.0)
[DEBUG] cosmic_applet::simple_sensors: 📊 Memory packet data - used: 35712221184 bytes, total: 134819328000 bytes
[DEBUG] cosmic_applet::simple_sensors: 📊 GPU VRAM used: 3426 MB → 3592421376 bytes
[DEBUG] cosmic_applet::simple_sensors: 📊 GPU VRAM total: 24564 MB → 25757220864 bytes
[DEBUG] cosmic_applet::simple_sensors: 📊 GPU load percent: Some(1.0)
[DEBUG] cosmic_applet::simple_sensors: 📊 GPU temperature: Some(35.0)
[DEBUG] cosmic_applet::simple_sensors: 📊 Temperature packet data - celsius: 35
[DEBUG] cosmic_applet::network::udp_receiver: 📊 Updated metrics for machine: Neptune (CPU: 3.5%, Mem: 35712221184/134819328000 bytes)
[DEBUG] cosmic_applet: 🔄 RefreshMetrics: machine 'Neptune' CPU=3.5%, mem=35712221184/134819328000
[DEBUG] cosmic_applet: 🖼️  Rendering Panel: machine 'Neptune' CPU=3.5%, mem=35712221184/134819328000
[DEBUG] cosmic_applet: 🔄 RefreshMetrics: machine 'Neptune' CPU=3.5%, mem=35712221184/134819328000
[DEBUG] cosmic_applet: 🖼️  Rendering Panel: machine 'Neptune' CPU=3.5%, mem=35712221184/134819328000
[DEBUG] cosmic_applet::network::udp_receiver:   Tag offset in buffer: 360 (buffer len: 392)
[DEBUG] cosmic_applet::network::udp_receiver: 🔐 HMAC verification:
[DEBUG] cosmic_applet::network::udp_receiver:   Secret key (first 8 bytes): [30, 30, 30, 30, 30, 30, 30, 30]
[DEBUG] cosmic_applet::network::udp_receiver:   Received tag:  [8d, ea, 4f, 2d, 65, 14, f0, a7]
[DEBUG] cosmic_applet::network::udp_receiver:   Computed tag:  [8d, ea, 4f, 2d, 65, 14, f0, a7]
[DEBUG] cosmic_applet::network::udp_receiver:   ✓ Tags match
[DEBUG] cosmic_applet::simple_sensors: 📊 CPU packet data - usage: 3.0%, temp: Some(35.0)
[DEBUG] cosmic_applet::simple_sensors: 📊 Memory packet data - used: 35712262144 bytes, total: 134819328000 bytes
[DEBUG] cosmic_applet::simple_sensors: 📊 GPU VRAM used: 3424 MB → 3590324224 bytes
[DEBUG] cosmic_applet::simple_sensors: 📊 GPU VRAM total: 24564 MB → 25757220864 bytes
[DEBUG] cosmic_applet::simple_sensors: 📊 GPU load percent: Some(1.0)
[DEBUG] cosmic_applet::simple_sensors: 📊 GPU temperature: Some(35.0)
[DEBUG] cosmic_applet::simple_sensors: 📊 Temperature packet data - celsius: 35
[DEBUG] cosmic_applet::network::udp_receiver: 📊 Updated metrics for machine: Neptune (CPU: 3.0%, Mem: 35712262144/134819328000 bytes)
[DEBUG] cosmic_applet: 🔄 RefreshMetrics: machine 'Neptune' CPU=3.0%, mem=35712262144/134819328000
[DEBUG] cosmic_applet: 🖼️  Rendering Panel: machine 'Neptune' CPU=3.0%, mem=35712262144/134819328000
[DEBUG] cosmic_applet: 🔄 RefreshMetrics: machine 'Neptune' CPU=3.0%, mem=35712262144/134819328000
[DEBUG] cosmic_applet: 🖼️  Rendering Panel: machine 'Neptune' CPU=3.0%, mem=35712262144/134819328000
[DEBUG] cosmic_applet::network::udp_receiver:   Tag offset in buffer: 360 (buffer len: 392)
[DEBUG] cosmic_applet::network::udp_receiver: 🔐 HMAC verification:
[DEBUG] cosmic_applet::network::udp_receiver:   Secret key (first 8 bytes): [30, 30, 30, 30, 30, 30, 30, 30]
[DEBUG] cosmic_applet::network::udp_receiver:   Received tag:  [f8, b4, ef, a8, 0a, 81, 60, 57]
[DEBUG] cosmic_applet::network::udp_receiver:   Computed tag:  [f8, b4, ef, a8, 0a, 81, 60, 57]
[DEBUG] cosmic_applet::network::udp_receiver:   ✓ Tags match
[DEBUG] cosmic_applet::simple_sensors: 📊 CPU packet data - usage: 3.0%, temp: Some(57.0)
[DEBUG] cosmic_applet::simple_sensors: 📊 Memory packet data - used: 35728617472 bytes, total: 134819328000 bytes
[DEBUG] cosmic_applet::simple_sensors: 📊 GPU VRAM used: 3423 MB → 3589275648 bytes
[DEBUG] cosmic_applet::simple_sensors: 📊 GPU VRAM total: 24564 MB → 25757220864 bytes
[DEBUG] cosmic_applet::simple_sensors: 📊 GPU load percent: Some(1.0)
[DEBUG] cosmic_applet::simple_sensors: 📊 GPU temperature: Some(35.0)
[DEBUG] cosmic_applet::simple_sensors: 📊 Temperature packet data - celsius: 57
[DEBUG] cosmic_applet::network::udp_receiver: 📊 Updated metrics for machine: Neptune (CPU: 3.0%, Mem: 35728617472/134819328000 bytes)
[DEBUG] cosmic_applet: 🔄 RefreshMetrics: machine 'Neptune' CPU=3.0%, mem=35728617472/134819328000
[DEBUG] cosmic_applet: 🖼️  Rendering Panel: machine 'Neptune' CPU=3.0%, mem=35728617472/134819328000
[DEBUG] cosmic_applet: 🔄 RefreshMetrics: machine 'Neptune' CPU=3.0%, mem=35728617472/134819328000
[DEBUG] cosmic_applet: 🖼️  Rendering Panel: machine 'Neptune' CPU=3.0%, mem=35728617472/134819328000
[DEBUG] cosmic_applet::network::udp_receiver:   Tag offset in buffer: 360 (buffer len: 392)
[DEBUG] cosmic_applet::network::udp_receiver: 🔐 HMAC verification:
[DEBUG] cosmic_applet::network::udp_receiver:   Secret key (first 8 bytes): [30, 30, 30, 30, 30, 30, 30, 30]
[DEBUG] cosmic_applet::network::udp_receiver:   Received tag:  [4f, 25, ed, 41, 13, e7, 24, ec]
[DEBUG] cosmic_applet::network::udp_receiver:   Computed tag:  [4f, 25, ed, 41, 13, e7, 24, ec]
[DEBUG] cosmic_applet::network::udp_receiver:   ✓ Tags match
[DEBUG] cosmic_applet::simple_sensors: 📊 CPU packet data - usage: 4.5%, temp: Some(63.0)
[DEBUG] cosmic_applet::simple_sensors: 📊 Memory packet data - used: 35731337216 bytes, total: 134819328000 bytes
[DEBUG] cosmic_applet::simple_sensors: 📊 GPU VRAM used: 3419 MB → 3585081344 bytes
[DEBUG] cosmic_applet::simple_sensors: 📊 GPU VRAM total: 24564 MB → 25757220864 bytes
[DEBUG] cosmic_applet::simple_sensors: 📊 GPU load percent: Some(3.0)
[DEBUG] cosmic_applet::simple_sensors: 📊 GPU temperature: Some(35.0)
[DEBUG] cosmic_applet::simple_sensors: 📊 Temperature packet data - celsius: 63
[DEBUG] cosmic_applet::network::udp_receiver: 📊 Updated metrics for machine: Neptune (CPU: 4.5%, Mem: 35731337216/134819328000 bytes)
[DEBUG] cosmic_applet: 🔄 RefreshMetrics: machine 'Neptune' CPU=4.5%, mem=35731337216/134819328000
[DEBUG] cosmic_applet: 🖼️  Rendering Panel: machine 'Neptune' CPU=4.5%, mem=35731337216/134819328000
[DEBUG] cosmic_applet: 🔄 RefreshMetrics: machine 'Neptune' CPU=4.5%, mem=35731337216/134819328000
[DEBUG] cosmic_applet: 🖼️  Rendering Panel: machine 'Neptune' CPU=4.5%, mem=35731337216/134819328000
[DEBUG] cosmic_applet::network::udp_receiver:   Tag offset in buffer: 360 (buffer len: 392)
[DEBUG] cosmic_applet::network::udp_receiver: 🔐 HMAC verification:
[DEBUG] cosmic_applet::network::udp_receiver:   Secret key (first 8 bytes): [30, 30, 30, 30, 30, 30, 30, 30]
[DEBUG] cosmic_applet::network::udp_receiver:   Received tag:  [2d, 77, ff, a2, d2, ad, 9e, 83]
[DEBUG] cosmic_applet::network::udp_receiver:   Computed tag:  [2d, 77, ff, a2, d2, ad, 9e, 83]
[DEBUG] cosmic_applet::network::udp_receiver:   ✓ Tags match
[DEBUG] cosmic_applet::simple_sensors: 📊 CPU packet data - usage: 8.5%, temp: Some(54.0)
[DEBUG] cosmic_applet::simple_sensors: 📊 Memory packet data - used: 36075020288 bytes, total: 134819328000 bytes
[DEBUG] cosmic_applet::simple_sensors: 📊 GPU VRAM used: 3415 MB → 3580887040 bytes
[DEBUG] cosmic_applet::simple_sensors: 📊 GPU VRAM total: 24564 MB → 25757220864 bytes
[DEBUG] cosmic_applet::simple_sensors: 📊 GPU load percent: Some(3.0)
[DEBUG] cosmic_applet::simple_sensors: 📊 GPU temperature: Some(35.0)
[DEBUG] cosmic_applet::simple_sensors: 📊 Temperature packet data - celsius: 54
[DEBUG] cosmic_applet::network::udp_receiver: 📊 Updated metrics for machine: Neptune (CPU: 8.5%, Mem: 36075020288/134819328000 bytes)
[DEBUG] cosmic_applet: 🔄 RefreshMetrics: machine 'Neptune' CPU=8.5%, mem=36075020288/134819328000
[DEBUG] cosmic_applet: 🖼️  Rendering Panel: machine 'Neptune' CPU=8.5%, mem=36075020288/134819328000
[DEBUG] cosmic_applet: 🔄 RefreshMetrics: machine 'Neptune' CPU=8.5%, mem=36075020288/134819328000
[DEBUG] cosmic_applet: 🖼️  Rendering Panel: machine 'Neptune' CPU=8.5%, mem=36075020288/134819328000
[DEBUG] cosmic_applet::network::udp_receiver:   Tag offset in buffer: 360 (buffer len: 392)
[DEBUG] cosmic_applet::network::udp_receiver: 🔐 HMAC verification:
[DEBUG] cosmic_applet::network::udp_receiver:   Secret key (first 8 bytes): [30, 30, 30, 30, 30, 30, 30, 30]
[DEBUG] cosmic_applet::network::udp_receiver:   Received tag:  [2a, a1, 4e, 5b, 4e, 2f, 65, a6]
[DEBUG] cosmic_applet::network::udp_receiver:   Computed tag:  [2a, a1, 4e, 5b, 4e, 2f, 65, a6]
[DEBUG] cosmic_applet::network::udp_receiver:   ✓ Tags match
[DEBUG] cosmic_applet::simple_sensors: 📊 CPU packet data - usage: 13.4%, temp: Some(54.0)
[DEBUG] cosmic_applet::simple_sensors: 📊 Memory packet data - used: 35857379328 bytes, total: 134819328000 bytes
[DEBUG] cosmic_applet::simple_sensors: 📊 GPU VRAM used: 3415 MB → 3580887040 bytes
[DEBUG] cosmic_applet::simple_sensors: 📊 GPU VRAM total: 24564 MB → 25757220864 bytes
[DEBUG] cosmic_applet::simple_sensors: 📊 GPU load percent: Some(1.0)
[DEBUG] cosmic_applet::simple_sensors: 📊 GPU temperature: Some(35.0)
[DEBUG] cosmic_applet::simple_sensors: 📊 Temperature packet data - celsius: 54
[DEBUG] cosmic_applet::network::udp_receiver: 📊 Updated metrics for machine: Neptune (CPU: 13.4%, Mem: 35857379328/134819328000 bytes)
[DEBUG] cosmic_applet: 🔄 RefreshMetrics: machine 'Neptune' CPU=13.4%, mem=35857379328/134819328000
[DEBUG] cosmic_applet: 🖼️  Rendering Panel: machine 'Neptune' CPU=13.4%, mem=35857379328/134819328000
[DEBUG] cosmic_applet: 🔄 RefreshMetrics: machine 'Neptune' CPU=13.4%, mem=35857379328/134819328000
[DEBUG] cosmic_applet: 🖼️  Rendering Panel: machine 'Neptune' CPU=13.4%, mem=35857379328/134819328000
[DEBUG] cosmic_applet::network::udp_receiver:   Tag offset in buffer: 360 (buffer len: 392)
[DEBUG] cosmic_applet::network::udp_receiver: 🔐 HMAC verification:
[DEBUG] cosmic_applet::network::udp_receiver:   Secret key (first 8 bytes): [30, 30, 30, 30, 30, 30, 30, 30]
[DEBUG] cosmic_applet::network::udp_receiver:   Received tag:  [0b, 9f, b3, 2a, 9e, 74, 72, 91]
[DEBUG] cosmic_applet::network::udp_receiver:   Computed tag:  [0b, 9f, b3, 2a, 9e, 74, 72, 91]
[DEBUG] cosmic_applet::network::udp_receiver:   ✓ Tags match
[DEBUG] cosmic_applet::simple_sensors: 📊 CPU packet data - usage: 3.8%, temp: Some(64.0)
[DEBUG] cosmic_applet::simple_sensors: 📊 Memory packet data - used: 35634905088 bytes, total: 134819328000 bytes
[DEBUG] cosmic_applet::simple_sensors: 📊 GPU VRAM used: 3415 MB → 3580887040 bytes
[DEBUG] cosmic_applet::simple_sensors: 📊 GPU VRAM total: 24564 MB → 25757220864 bytes
[DEBUG] cosmic_applet::simple_sensors: 📊 GPU load percent: Some(1.0)
[DEBUG] cosmic_applet::simple_sensors: 📊 GPU temperature: Some(35.0)
[DEBUG] cosmic_applet::simple_sensors: 📊 Temperature packet data - celsius: 64
[DEBUG] cosmic_applet::network::udp_receiver: 📊 Updated metrics for machine: Neptune (CPU: 3.8%, Mem: 35634905088/134819328000 bytes)
[DEBUG] cosmic_applet: 🔄 RefreshMetrics: machine 'Neptune' CPU=3.8%, mem=35634905088/134819328000
[DEBUG] cosmic_applet: 🖼️  Rendering Panel: machine 'Neptune' CPU=3.8%, mem=35634905088/134819328000
[DEBUG] cosmic_applet: 🔄 RefreshMetrics: machine 'Neptune' CPU=3.8%, mem=35634905088/134819328000
[DEBUG] cosmic_applet: 🖼️  Rendering Panel: machine 'Neptune' CPU=3.8%, mem=35634905088/134819328000
[DEBUG] cosmic_applet::network::udp_receiver:   Tag offset in buffer: 360 (buffer len: 392)
[DEBUG] cosmic_applet::network::udp_receiver: 🔐 HMAC verification:
[DEBUG] cosmic_applet::network::udp_receiver:   Secret key (first 8 bytes): [30, 30, 30, 30, 30, 30, 30, 30]
[DEBUG] cosmic_applet::network::udp_receiver:   Received tag:  [c0, 8d, 54, 20, be, ef, 5b, 28]
[DEBUG] cosmic_applet::network::udp_receiver:   Computed tag:  [c0, 8d, 54, 20, be, ef, 5b, 28]
[DEBUG] cosmic_applet::network::udp_receiver:   ✓ Tags match
[DEBUG] cosmic_applet::simple_sensors: 📊 CPU packet data - usage: 7.6%, temp: Some(75.0)
[DEBUG] cosmic_applet::simple_sensors: 📊 Memory packet data - used: 35634749440 bytes, total: 134819328000 bytes
[DEBUG] cosmic_applet::simple_sensors: 📊 GPU VRAM used: 3415 MB → 3580887040 bytes
[DEBUG] cosmic_applet::simple_sensors: 📊 GPU VRAM total: 24564 MB → 25757220864 bytes
[DEBUG] cosmic_applet::simple_sensors: 📊 GPU load percent: Some(5.0)
[DEBUG] cosmic_applet::simple_sensors: 📊 GPU temperature: Some(35.0)
[DEBUG] cosmic_applet::simple_sensors: 📊 Temperature packet data - celsius: 75
[DEBUG] cosmic_applet::network::udp_receiver: 📊 Updated metrics for machine: Neptune (CPU: 7.6%, Mem: 35634749440/134819328000 bytes)
[DEBUG] cosmic_applet: 🔄 RefreshMetrics: machine 'Neptune' CPU=7.6%, mem=35634749440/134819328000
[DEBUG] cosmic_applet: 🖼️  Rendering Panel: machine 'Neptune' CPU=7.6%, mem=35634749440/134819328000
[DEBUG] cosmic_applet: 🔄 RefreshMetrics: machine 'Neptune' CPU=7.6%, mem=35634749440/134819328000
[DEBUG] cosmic_applet: 🖼️  Rendering Panel: machine 'Neptune' CPU=7.6%, mem=35634749440/134819328000
[DEBUG] cosmic_applet::network::udp_receiver:   Tag offset in buffer: 360 (buffer len: 392)
[DEBUG] cosmic_applet::network::udp_receiver: 🔐 HMAC verification:
[DEBUG] cosmic_applet::network::udp_receiver:   Secret key (first 8 bytes): [30, 30, 30, 30, 30, 30, 30, 30]
[DEBUG] cosmic_applet::network::udp_receiver:   Received tag:  [27, b5, 5d, de, 6c, 1d, c1, e7]
[DEBUG] cosmic_applet::network::udp_receiver:   Computed tag:  [27, b5, 5d, de, 6c, 1d, c1, e7]
[DEBUG] cosmic_applet::network::udp_receiver:   ✓ Tags match
[DEBUG] cosmic_applet::simple_sensors: 📊 CPU packet data - usage: 3.0%, temp: Some(36.0)
[DEBUG] cosmic_applet::simple_sensors: 📊 Memory packet data - used: 35637063680 bytes, total: 134819328000 bytes
[DEBUG] cosmic_applet::simple_sensors: 📊 GPU VRAM used: 3415 MB → 3580887040 bytes
[DEBUG] cosmic_applet::simple_sensors: 📊 GPU VRAM total: 24564 MB → 25757220864 bytes
[DEBUG] cosmic_applet::simple_sensors: 📊 GPU load percent: Some(1.0)
[DEBUG] cosmic_applet::simple_sensors: 📊 GPU temperature: Some(35.0)
[DEBUG] cosmic_applet::simple_sensors: 📊 Temperature packet data - celsius: 36
[DEBUG] cosmic_applet::network::udp_receiver: 📊 Updated metrics for machine: Neptune (CPU: 3.0%, Mem: 35637063680/134819328000 bytes)
[DEBUG] cosmic_applet: 🔄 RefreshMetrics: machine 'Neptune' CPU=3.0%, mem=35637063680/134819328000
[DEBUG] cosmic_applet: 🖼️  Rendering Panel: machine 'Neptune' CPU=3.0%, mem=35637063680/134819328000
[DEBUG] cosmic_applet: 🔄 RefreshMetrics: machine 'Neptune' CPU=3.0%, mem=35637063680/134819328000
[DEBUG] cosmic_applet: 🖼️  Rendering Panel: machine 'Neptune' CPU=3.0%, mem=35637063680/134819328000
[DEBUG] cosmic_applet::network::udp_receiver:   Tag offset in buffer: 360 (buffer len: 392)
[DEBUG] cosmic_applet::network::udp_receiver: 🔐 HMAC verification:
[DEBUG] cosmic_applet::network::udp_receiver:   Secret key (first 8 bytes): [30, 30, 30, 30, 30, 30, 30, 30]
[DEBUG] cosmic_applet::network::udp_receiver:   Received tag:  [81, 00, 3d, be, 5f, 19, 99, c8]
[DEBUG] cosmic_applet::network::udp_receiver:   Computed tag:  [81, 00, 3d, be, 5f, 19, 99, c8]
[DEBUG] cosmic_applet::network::udp_receiver:   ✓ Tags match
[DEBUG] cosmic_applet::simple_sensors: 📊 CPU packet data - usage: 4.0%, temp: Some(36.0)
[DEBUG] cosmic_applet::simple_sensors: 📊 Memory packet data - used: 35632668672 bytes, total: 134819328000 bytes
[DEBUG] cosmic_applet::simple_sensors: 📊 GPU VRAM used: 3420 MB → 3586129920 bytes
[DEBUG] cosmic_applet::simple_sensors: 📊 GPU VRAM total: 24564 MB → 25757220864 bytes
[DEBUG] cosmic_applet::simple_sensors: 📊 GPU load percent: Some(6.0)
[DEBUG] cosmic_applet::simple_sensors: 📊 GPU temperature: Some(35.0)
[DEBUG] cosmic_applet::simple_sensors: 📊 Temperature packet data - celsius: 36
[DEBUG] cosmic_applet::network::udp_receiver: 📊 Updated metrics for machine: Neptune (CPU: 4.0%, Mem: 35632668672/134819328000 bytes)
[DEBUG] cosmic_applet: 🔄 RefreshMetrics: machine 'Neptune' CPU=4.0%, mem=35632668672/134819328000
[DEBUG] cosmic_applet: 🖼️  Rendering Panel: machine 'Neptune' CPU=4.0%, mem=35632668672/134819328000
[DEBUG] cosmic_applet: 🔄 RefreshMetrics: machine 'Neptune' CPU=4.0%, mem=35632668672/134819328000
[DEBUG] cosmic_applet: 🖼️  Rendering Panel: machine 'Neptune' CPU=4.0%, mem=35632668672/134819328000
[DEBUG] cosmic_applet::network::udp_receiver:   Tag offset in buffer: 360 (buffer len: 392)
[DEBUG] cosmic_applet::network::udp_receiver: 🔐 HMAC verification:
[DEBUG] cosmic_applet::network::udp_receiver:   Secret key (first 8 bytes): [30, 30, 30, 30, 30, 30, 30, 30]
[DEBUG] cosmic_applet::network::udp_receiver:   Received tag:  [6d, 72, d9, 69, 60, cf, d1, ef]
[DEBUG] cosmic_applet::network::udp_receiver:   Computed tag:  [6d, 72, d9, 69, 60, cf, d1, ef]
[DEBUG] cosmic_applet::network::udp_receiver:   ✓ Tags match
[DEBUG] cosmic_applet::simple_sensors: 📊 CPU packet data - usage: 3.7%, temp: Some(61.0)
[DEBUG] cosmic_applet::simple_sensors: 📊 Memory packet data - used: 35626242048 bytes, total: 134819328000 bytes
[DEBUG] cosmic_applet::simple_sensors: 📊 GPU VRAM used: 3420 MB → 3586129920 bytes
[DEBUG] cosmic_applet::simple_sensors: 📊 GPU VRAM total: 24564 MB → 25757220864 bytes
[DEBUG] cosmic_applet::simple_sensors: 📊 GPU load percent: Some(1.0)
[DEBUG] cosmic_applet::simple_sensors: 📊 GPU temperature: Some(35.0)
[DEBUG] cosmic_applet::simple_sensors: 📊 Temperature packet data - celsius: 61
[DEBUG] cosmic_applet::network::udp_receiver: 📊 Updated metrics for machine: Neptune (CPU: 3.7%, Mem: 35626242048/134819328000 bytes)
[DEBUG] cosmic_applet: 🔄 RefreshMetrics: machine 'Neptune' CPU=3.7%, mem=35626242048/134819328000
[DEBUG] cosmic_applet: 🖼️  Rendering Panel: machine 'Neptune' CPU=3.7%, mem=35626242048/134819328000
[DEBUG] cosmic_applet: 🔄 RefreshMetrics: machine 'Neptune' CPU=3.7%, mem=35626242048/134819328000
[DEBUG] cosmic_applet: 🖼️  Rendering Panel: machine 'Neptune' CPU=3.7%, mem=35626242048/134819328000
[DEBUG] cosmic_applet::network::udp_receiver:   Tag offset in buffer: 360 (buffer len: 392)
[DEBUG] cosmic_applet::network::udp_receiver: 🔐 HMAC verification:
[DEBUG] cosmic_applet::network::udp_receiver:   Secret key (first 8 bytes): [30, 30, 30, 30, 30, 30, 30, 30]
[DEBUG] cosmic_applet::network::udp_receiver:   Received tag:  [6a, b0, 6c, 83, bb, 0a, d3, 83]
[DEBUG] cosmic_applet::network::udp_receiver:   Computed tag:  [6a, b0, 6c, 83, bb, 0a, d3, 83]
[DEBUG] cosmic_applet::network::udp_receiver:   ✓ Tags match
[DEBUG] cosmic_applet::simple_sensors: 📊 CPU packet data - usage: 3.5%, temp: Some(37.0)
[DEBUG] cosmic_applet::simple_sensors: 📊 Memory packet data - used: 35629248512 bytes, total: 134819328000 bytes
[DEBUG] cosmic_applet::simple_sensors: 📊 GPU VRAM used: 3418 MB → 3584032768 bytes
[DEBUG] cosmic_applet::simple_sensors: 📊 GPU VRAM total: 24564 MB → 25757220864 bytes
[DEBUG] cosmic_applet::simple_sensors: 📊 GPU load percent: Some(6.0)
[DEBUG] cosmic_applet::simple_sensors: 📊 GPU temperature: Some(35.0)
[DEBUG] cosmic_applet::simple_sensors: 📊 Temperature packet data - celsius: 37
[DEBUG] cosmic_applet::network::udp_receiver: 📊 Updated metrics for machine: Neptune (CPU: 3.5%, Mem: 35629248512/134819328000 bytes)
[DEBUG] cosmic_applet: 🔄 RefreshMetrics: machine 'Neptune' CPU=3.5%, mem=35629248512/134819328000
[DEBUG] cosmic_applet: 🖼️  Rendering Panel: machine 'Neptune' CPU=3.5%, mem=35629248512/134819328000
[DEBUG] cosmic_applet: 🔄 RefreshMetrics: machine 'Neptune' CPU=3.5%, mem=35629248512/134819328000
[DEBUG] cosmic_applet: 🖼️  Rendering Panel: machine 'Neptune' CPU=3.5%, mem=35629248512/134819328000
[DEBUG] cosmic_applet::network::udp_receiver:   Tag offset in buffer: 360 (buffer len: 392)
[DEBUG] cosmic_applet::network::udp_receiver: 🔐 HMAC verification:
[DEBUG] cosmic_applet::network::udp_receiver:   Secret key (first 8 bytes): [30, 30, 30, 30, 30, 30, 30, 30]
[DEBUG] cosmic_applet::network::udp_receiver:   Received tag:  [02, 4a, 7f, c3, 04, cc, 7d, 0d]
[DEBUG] cosmic_applet::network::udp_receiver:   Computed tag:  [02, 4a, 7f, c3, 04, cc, 7d, 0d]
[DEBUG] cosmic_applet::network::udp_receiver:   ✓ Tags match
[DEBUG] cosmic_applet::simple_sensors: 📊 CPU packet data - usage: 4.2%, temp: Some(36.0)
[DEBUG] cosmic_applet::simple_sensors: 📊 Memory packet data - used: 35631869952 bytes, total: 134819328000 bytes
[DEBUG] cosmic_applet::simple_sensors: 📊 GPU VRAM used: 3418 MB → 3584032768 bytes
[DEBUG] cosmic_applet::simple_sensors: 📊 GPU VRAM total: 24564 MB → 25757220864 bytes
[DEBUG] cosmic_applet::simple_sensors: 📊 GPU load percent: Some(6.0)
[DEBUG] cosmic_applet::simple_sensors: 📊 GPU temperature: Some(35.0)
[DEBUG] cosmic_applet::simple_sensors: 📊 Temperature packet data - celsius: 36
[DEBUG] cosmic_applet::network::udp_receiver: 📊 Updated metrics for machine: Neptune (CPU: 4.2%, Mem: 35631869952/134819328000 bytes)
[DEBUG] cosmic_applet: 🔄 RefreshMetrics: machine 'Neptune' CPU=4.2%, mem=35631869952/134819328000
[DEBUG] cosmic_applet: 🖼️  Rendering Panel: machine 'Neptune' CPU=4.2%, mem=35631869952/134819328000
[DEBUG] cosmic_applet: 🔄 RefreshMetrics: machine 'Neptune' CPU=4.2%, mem=35631869952/134819328000
[DEBUG] cosmic_applet: 🖼️  Rendering Panel: machine 'Neptune' CPU=4.2%, mem=35631869952/134819328000
[DEBUG] cosmic_applet::network::udp_receiver:   Tag offset in buffer: 360 (buffer len: 392)
[DEBUG] cosmic_applet::network::udp_receiver: 🔐 HMAC verification:
[DEBUG] cosmic_applet::network::udp_receiver:   Secret key (first 8 bytes): [30, 30, 30, 30, 30, 30, 30, 30]
[DEBUG] cosmic_applet::network::udp_receiver:   Received tag:  [c6, cf, f5, d6, 36, dc, 2a, e3]
[DEBUG] cosmic_applet::network::udp_receiver:   Computed tag:  [c6, cf, f5, d6, 36, dc, 2a, e3]
[DEBUG] cosmic_applet::network::udp_receiver:   ✓ Tags match
[DEBUG] cosmic_applet::simple_sensors: 📊 CPU packet data - usage: 2.9%, temp: Some(36.0)
[DEBUG] cosmic_applet::simple_sensors: 📊 Memory packet data - used: 35634278400 bytes, total: 134819328000 bytes
[DEBUG] cosmic_applet::simple_sensors: 📊 GPU VRAM used: 3418 MB → 3584032768 bytes
[DEBUG] cosmic_applet::simple_sensors: 📊 GPU VRAM total: 24564 MB → 25757220864 bytes
[DEBUG] cosmic_applet::simple_sensors: 📊 GPU load percent: Some(1.0)
[DEBUG] cosmic_applet::simple_sensors: 📊 GPU temperature: Some(35.0)
[DEBUG] cosmic_applet::simple_sensors: 📊 Temperature packet data - celsius: 36
[DEBUG] cosmic_applet::network::udp_receiver: 📊 Updated metrics for machine: Neptune (CPU: 2.9%, Mem: 35634278400/134819328000 bytes)
[DEBUG] cosmic_applet: 🔄 RefreshMetrics: machine 'Neptune' CPU=2.9%, mem=35634278400/134819328000
[DEBUG] cosmic_applet: 🖼️  Rendering Panel: machine 'Neptune' CPU=2.9%, mem=35634278400/134819328000
[DEBUG] cosmic_applet: 🔄 RefreshMetrics: machine 'Neptune' CPU=2.9%, mem=35634278400/134819328000
[DEBUG] cosmic_applet: 🖼️  Rendering Panel: machine 'Neptune' CPU=2.9%, mem=35634278400/134819328000
[DEBUG] cosmic_applet::network::udp_receiver:   Tag offset in buffer: 360 (buffer len: 392)
[DEBUG] cosmic_applet::network::udp_receiver: 🔐 HMAC verification:
[DEBUG] cosmic_applet::network::udp_receiver:   Secret key (first 8 bytes): [30, 30, 30, 30, 30, 30, 30, 30]
[DEBUG] cosmic_applet::network::udp_receiver:   Received tag:  [30, 53, 69, 81, 7a, 33, c5, 69]
[DEBUG] cosmic_applet::network::udp_receiver:   Computed tag:  [30, 53, 69, 81, 7a, 33, c5, 69]
[DEBUG] cosmic_applet::network::udp_receiver:   ✓ Tags match
[DEBUG] cosmic_applet::simple_sensors: 📊 CPU packet data - usage: 2.7%, temp: Some(58.0)
[DEBUG] cosmic_applet::simple_sensors: 📊 Memory packet data - used: 35622866944 bytes, total: 134819328000 bytes
[DEBUG] cosmic_applet::simple_sensors: 📊 GPU VRAM used: 3417 MB → 3582984192 bytes
[DEBUG] cosmic_applet::simple_sensors: 📊 GPU VRAM total: 24564 MB → 25757220864 bytes
[DEBUG] cosmic_applet::simple_sensors: 📊 GPU load percent: Some(1.0)
[DEBUG] cosmic_applet::simple_sensors: 📊 GPU temperature: Some(35.0)
[DEBUG] cosmic_applet::simple_sensors: 📊 Temperature packet data - celsius: 58
[DEBUG] cosmic_applet::network::udp_receiver: 📊 Updated metrics for machine: Neptune (CPU: 2.7%, Mem: 35622866944/134819328000 bytes)
[DEBUG] cosmic_applet: 🔄 RefreshMetrics: machine 'Neptune' CPU=2.7%, mem=35622866944/134819328000
[DEBUG] cosmic_applet: 🖼️  Rendering Panel: machine 'Neptune' CPU=2.7%, mem=35622866944/134819328000
[DEBUG] cosmic_applet: 🔄 RefreshMetrics: machine 'Neptune' CPU=2.7%, mem=35622866944/134819328000
[DEBUG] cosmic_applet: 🖼️  Rendering Panel: machine 'Neptune' CPU=2.7%, mem=35622866944/134819328000
[DEBUG] cosmic_applet::network::udp_receiver:   Tag offset in buffer: 360 (buffer len: 392)
[DEBUG] cosmic_applet::network::udp_receiver: 🔐 HMAC verification:
[DEBUG] cosmic_applet::network::udp_receiver:   Secret key (first 8 bytes): [30, 30, 30, 30, 30, 30, 30, 30]
[DEBUG] cosmic_applet::network::udp_receiver:   Received tag:  [cb, da, ae, fb, ab, 48, f2, 42]
[DEBUG] cosmic_applet::network::udp_receiver:   Computed tag:  [cb, da, ae, fb, ab, 48, f2, 42]
[DEBUG] cosmic_applet::network::udp_receiver:   ✓ Tags match
[DEBUG] cosmic_applet::simple_sensors: 📊 CPU packet data - usage: 4.6%, temp: Some(43.0)
[DEBUG] cosmic_applet::simple_sensors: 📊 Memory packet data - used: 35625127936 bytes, total: 134819328000 bytes
[DEBUG] cosmic_applet::simple_sensors: 📊 GPU VRAM used: 3417 MB → 3582984192 bytes
[DEBUG] cosmic_applet::simple_sensors: 📊 GPU VRAM total: 24564 MB → 25757220864 bytes
[DEBUG] cosmic_applet::simple_sensors: 📊 GPU load percent: Some(1.0)
[DEBUG] cosmic_applet::simple_sensors: 📊 GPU temperature: Some(35.0)
[DEBUG] cosmic_applet::simple_sensors: 📊 Temperature packet data - celsius: 43
[DEBUG] cosmic_applet::network::udp_receiver: 📊 Updated metrics for machine: Neptune (CPU: 4.6%, Mem: 35625127936/134819328000 bytes)
[DEBUG] cosmic_applet: 🔄 RefreshMetrics: machine 'Neptune' CPU=4.6%, mem=35625127936/134819328000
[DEBUG] cosmic_applet: 🖼️  Rendering Panel: machine 'Neptune' CPU=4.6%, mem=35625127936/134819328000
[DEBUG] cosmic_applet: 🔄 RefreshMetrics: machine 'Neptune' CPU=4.6%, mem=35625127936/134819328000
[DEBUG] cosmic_applet: 🖼️  Rendering Panel: machine 'Neptune' CPU=4.6%, mem=35625127936/134819328000
[DEBUG] cosmic_applet::network::udp_receiver:   Tag offset in buffer: 360 (buffer len: 392)
[DEBUG] cosmic_applet::network::udp_receiver: 🔐 HMAC verification:
[DEBUG] cosmic_applet::network::udp_receiver:   Secret key (first 8 bytes): [30, 30, 30, 30, 30, 30, 30, 30]
[DEBUG] cosmic_applet::network::udp_receiver:   Received tag:  [57, f5, 3e, 92, 30, af, 44, d5]
[DEBUG] cosmic_applet::network::udp_receiver:   Computed tag:  [57, f5, 3e, 92, 30, af, 44, d5]
[DEBUG] cosmic_applet::network::udp_receiver:   ✓ Tags match
[DEBUG] cosmic_applet::simple_sensors: 📊 CPU packet data - usage: 3.2%, temp: Some(36.0)
[DEBUG] cosmic_applet::simple_sensors: 📊 Memory packet data - used: 35628376064 bytes, total: 134819328000 bytes
[DEBUG] cosmic_applet::simple_sensors: 📊 GPU VRAM used: 3411 MB → 3576692736 bytes
[DEBUG] cosmic_applet::simple_sensors: 📊 GPU VRAM total: 24564 MB → 25757220864 bytes
[DEBUG] cosmic_applet::simple_sensors: 📊 GPU load percent: Some(0.0)
[DEBUG] cosmic_applet::simple_sensors: 📊 GPU temperature: Some(35.0)
[DEBUG] cosmic_applet::simple_sensors: 📊 Temperature packet data - celsius: 36
[DEBUG] cosmic_applet::network::udp_receiver: 📊 Updated metrics for machine: Neptune (CPU: 3.2%, Mem: 35628376064/134819328000 bytes)
[DEBUG] cosmic_applet: 🔄 RefreshMetrics: machine 'Neptune' CPU=3.2%, mem=35628376064/134819328000
[DEBUG] cosmic_applet: 🖼️  Rendering Panel: machine 'Neptune' CPU=3.2%, mem=35628376064/134819328000
[DEBUG] cosmic_applet: 🔄 RefreshMetrics: machine 'Neptune' CPU=3.2%, mem=35628376064/134819328000
[DEBUG] cosmic_applet: 🖼️  Rendering Panel: machine 'Neptune' CPU=3.2%, mem=35628376064/134819328000
[DEBUG] cosmic_applet::network::udp_receiver:   Tag offset in buffer: 360 (buffer len: 392)
[DEBUG] cosmic_applet::network::udp_receiver: 🔐 HMAC verification:
[DEBUG] cosmic_applet::network::udp_receiver:   Secret key (first 8 bytes): [30, 30, 30, 30, 30, 30, 30, 30]
[DEBUG] cosmic_applet::network::udp_receiver:   Received tag:  [9b, 1a, d9, d6, c5, 88, e8, ab]
[DEBUG] cosmic_applet::network::udp_receiver:   Computed tag:  [9b, 1a, d9, d6, c5, 88, e8, ab]
[DEBUG] cosmic_applet::network::udp_receiver:   ✓ Tags match
[DEBUG] cosmic_applet::simple_sensors: 📊 CPU packet data - usage: 2.9%, temp: Some(36.0)
[DEBUG] cosmic_applet::simple_sensors: 📊 Memory packet data - used: 35630837760 bytes, total: 134819328000 bytes
[DEBUG] cosmic_applet::simple_sensors: 📊 GPU VRAM used: 3411 MB → 3576692736 bytes
[DEBUG] cosmic_applet::simple_sensors: 📊 GPU VRAM total: 24564 MB → 25757220864 bytes
[DEBUG] cosmic_applet::simple_sensors: 📊 GPU load percent: Some(0.0)
[DEBUG] cosmic_applet::simple_sensors: 📊 GPU temperature: Some(35.0)
[DEBUG] cosmic_applet::simple_sensors: 📊 Temperature packet data - celsius: 36
[DEBUG] cosmic_applet::network::udp_receiver: 📊 Updated metrics for machine: Neptune (CPU: 2.9%, Mem: 35630837760/134819328000 bytes)
[DEBUG] cosmic_applet: 🔄 RefreshMetrics: machine 'Neptune' CPU=2.9%, mem=35630837760/134819328000
[DEBUG] cosmic_applet: 🖼️  Rendering Panel: machine 'Neptune' CPU=2.9%, mem=35630837760/134819328000
[DEBUG] cosmic_applet: 🔄 RefreshMetrics: machine 'Neptune' CPU=2.9%, mem=35630837760/134819328000
[DEBUG] cosmic_applet: 🖼️  Rendering Panel: machine 'Neptune' CPU=2.9%, mem=35630837760/134819328000
[DEBUG] cosmic_applet::network::udp_receiver:   Tag offset in buffer: 360 (buffer len: 392)
[DEBUG] cosmic_applet::network::udp_receiver: 🔐 HMAC verification:
[DEBUG] cosmic_applet::network::udp_receiver:   Secret key (first 8 bytes): [30, 30, 30, 30, 30, 30, 30, 30]
[DEBUG] cosmic_applet::network::udp_receiver:   Received tag:  [0a, ec, 74, ad, d5, 08, b7, a4]
[DEBUG] cosmic_applet::network::udp_receiver:   Computed tag:  [0a, ec, 74, ad, d5, 08, b7, a4]
[DEBUG] cosmic_applet::network::udp_receiver:   ✓ Tags match
[DEBUG] cosmic_applet::simple_sensors: 📊 CPU packet data - usage: 3.4%, temp: Some(61.0)
[DEBUG] cosmic_applet::simple_sensors: 📊 Memory packet data - used: 35614408704 bytes, total: 134819328000 bytes
[DEBUG] cosmic_applet::simple_sensors: 📊 GPU VRAM used: 3411 MB → 3576692736 bytes
[DEBUG] cosmic_applet::simple_sensors: 📊 GPU VRAM total: 24564 MB → 25757220864 bytes
[DEBUG] cosmic_applet::simple_sensors: 📊 GPU load percent: Some(6.0)
[DEBUG] cosmic_applet::simple_sensors: 📊 GPU temperature: Some(35.0)
[DEBUG] cosmic_applet::simple_sensors: 📊 Temperature packet data - celsius: 61
[DEBUG] cosmic_applet::network::udp_receiver: 📊 Updated metrics for machine: Neptune (CPU: 3.4%, Mem: 35614408704/134819328000 bytes)
[DEBUG] cosmic_applet: 🔄 RefreshMetrics: machine 'Neptune' CPU=3.4%, mem=35614408704/134819328000
[DEBUG] cosmic_applet: 🖼️  Rendering Panel: machine 'Neptune' CPU=3.4%, mem=35614408704/134819328000
[DEBUG] cosmic_applet: 🔄 RefreshMetrics: machine 'Neptune' CPU=3.4%, mem=35614408704/134819328000
[DEBUG] cosmic_applet: 🖼️  Rendering Panel: machine 'Neptune' CPU=3.4%, mem=35614408704/134819328000
[DEBUG] cosmic_applet::network::udp_receiver:   Tag offset in buffer: 360 (buffer len: 392)
[DEBUG] cosmic_applet::network::udp_receiver: 🔐 HMAC verification:
[DEBUG] cosmic_applet::network::udp_receiver:   Secret key (first 8 bytes): [30, 30, 30, 30, 30, 30, 30, 30]
[DEBUG] cosmic_applet::network::udp_receiver:   Received tag:  [cc, 50, 70, 8f, 79, 2a, 34, 62]
[DEBUG] cosmic_applet::network::udp_receiver:   Computed tag:  [ff, 63, fb, 54, e7, 70, c0, 2d]
[WARN] cosmic_applet::network::udp_receiver:   ❌ Tags don't match!
[WARN] cosmic_applet::network::udp_receiver: HMAC verification failed for packet from 127.0.0.1:39261
[DEBUG] cosmic_applet::network::udp_receiver:   Tag offset in buffer: 360 (buffer len: 392)
[DEBUG] cosmic_applet::network::udp_receiver: 🔐 HMAC verification:
[DEBUG] cosmic_applet::network::udp_receiver:   Secret key (first 8 bytes): [30, 30, 30, 30, 30, 30, 30, 30]
[DEBUG] cosmic_applet::network::udp_receiver:   Received tag:  [8c, d4, 0f, 8c, fc, 64, d6, 81]
[DEBUG] cosmic_applet::network::udp_receiver:   Computed tag:  [8c, d4, 0f, 8c, fc, 64, d6, 81]
[DEBUG] cosmic_applet::network::udp_receiver:   ✓ Tags match
[DEBUG] cosmic_applet::simple_sensors: 📊 CPU packet data - usage: 3.7%, temp: Some(36.0)
[DEBUG] cosmic_applet::simple_sensors: 📊 Memory packet data - used: 35649073152 bytes, total: 134819328000 bytes
[DEBUG] cosmic_applet::simple_sensors: 📊 GPU VRAM used: 3417 MB → 3582984192 bytes
[DEBUG] cosmic_applet::simple_sensors: 📊 GPU VRAM total: 24564 MB → 25757220864 bytes
[DEBUG] cosmic_applet::simple_sensors: 📊 GPU load percent: Some(7.0)
[DEBUG] cosmic_applet::simple_sensors: 📊 GPU temperature: Some(35.0)
[DEBUG] cosmic_applet::simple_sensors: 📊 Temperature packet data - celsius: 36
[DEBUG] cosmic_applet::network::udp_receiver: 📊 Updated metrics for machine: Neptune (CPU: 3.7%, Mem: 35649073152/134819328000 bytes)
[DEBUG] cosmic_applet: 🔄 RefreshMetrics: machine 'Neptune' CPU=3.7%, mem=35649073152/134819328000
[DEBUG] cosmic_applet: 🖼️  Rendering Panel: machine 'Neptune' CPU=3.7%, mem=35649073152/134819328000
[DEBUG] cosmic_applet: 🔄 RefreshMetrics: machine 'Neptune' CPU=3.7%, mem=35649073152/134819328000
[DEBUG] cosmic_applet: 🖼️  Rendering Panel: machine 'Neptune' CPU=3.7%, mem=35649073152/134819328000
[DEBUG] cosmic_applet::network::udp_receiver:   Tag offset in buffer: 360 (buffer len: 392)
[DEBUG] cosmic_applet::network::udp_receiver: 🔐 HMAC verification:
[DEBUG] cosmic_applet::network::udp_receiver:   Secret key (first 8 bytes): [30, 30, 30, 30, 30, 30, 30, 30]
[DEBUG] cosmic_applet::network::udp_receiver:   Received tag:  [9c, 41, ba, e3, c8, 1b, 62, 18]
[DEBUG] cosmic_applet::network::udp_receiver:   Computed tag:  [1d, 5f, f6, bc, 35, ee, c1, bb]
[WARN] cosmic_applet::network::udp_receiver:   ❌ Tags don't match!
[WARN] cosmic_applet::network::udp_receiver: HMAC verification failed for packet from 127.0.0.1:39261
[DEBUG] cosmic_applet::network::udp_receiver:   Tag offset in buffer: 360 (buffer len: 392)
[DEBUG] cosmic_applet::network::udp_receiver: 🔐 HMAC verification:
[DEBUG] cosmic_applet::network::udp_receiver:   Secret key (first 8 bytes): [30, 30, 30, 30, 30, 30, 30, 30]
[DEBUG] cosmic_applet::network::udp_receiver:   Received tag:  [8d, 2b, 30, 0e, 89, dc, 12, d7]
[DEBUG] cosmic_applet::network::udp_receiver:   Computed tag:  [8d, 2b, 30, 0e, 89, dc, 12, d7]
[DEBUG] cosmic_applet::network::udp_receiver:   ✓ Tags match
[DEBUG] cosmic_applet::simple_sensors: 📊 CPU packet data - usage: 4.8%, temp: Some(46.0)
[DEBUG] cosmic_applet::simple_sensors: 📊 Memory packet data - used: 35672895488 bytes, total: 134819328000 bytes
[DEBUG] cosmic_applet::simple_sensors: 📊 GPU VRAM used: 3417 MB → 3582984192 bytes
[DEBUG] cosmic_applet::simple_sensors: 📊 GPU VRAM total: 24564 MB → 25757220864 bytes
[DEBUG] cosmic_applet::simple_sensors: 📊 GPU load percent: Some(12.0)
[DEBUG] cosmic_applet::simple_sensors: 📊 GPU temperature: Some(35.0)
[DEBUG] cosmic_applet::simple_sensors: 📊 Temperature packet data - celsius: 46
[DEBUG] cosmic_applet::network::udp_receiver: 📊 Updated metrics for machine: Neptune (CPU: 4.8%, Mem: 35672895488/134819328000 bytes)
[DEBUG] cosmic_applet: 🔄 RefreshMetrics: machine 'Neptune' CPU=4.8%, mem=35672895488/134819328000
[DEBUG] cosmic_applet: 🖼️  Rendering Panel: machine 'Neptune' CPU=4.8%, mem=35672895488/134819328000
[DEBUG] cosmic_applet: 🔄 RefreshMetrics: machine 'Neptune' CPU=4.8%, mem=35672895488/134819328000
[DEBUG] cosmic_applet: 🖼️  Rendering Panel: machine 'Neptune' CPU=4.8%, mem=35672895488/134819328000
[DEBUG] cosmic_applet::network::udp_receiver:   Tag offset in buffer: 360 (buffer len: 392)
[DEBUG] cosmic_applet::network::udp_receiver: 🔐 HMAC verification:
[DEBUG] cosmic_applet::network::udp_receiver:   Secret key (first 8 bytes): [30, 30, 30, 30, 30, 30, 30, 30]
[DEBUG] cosmic_applet::network::udp_receiver:   Received tag:  [83, 8f, bb, dc, e1, 02, 79, c8]
[DEBUG] cosmic_applet::network::udp_receiver:   Computed tag:  [b5, f6, 0b, be, 45, 62, ec, 7d]
[WARN] cosmic_applet::network::udp_receiver:   ❌ Tags don't match!
[WARN] cosmic_applet::network::udp_receiver: HMAC verification failed for packet from 127.0.0.1:39261
[DEBUG] cosmic_applet::network::udp_receiver:   Tag offset in buffer: 360 (buffer len: 392)
[DEBUG] cosmic_applet::network::udp_receiver: 🔐 HMAC verification:
[DEBUG] cosmic_applet::network::udp_receiver:   Secret key (first 8 bytes): [30, 30, 30, 30, 30, 30, 30, 30]
[DEBUG] cosmic_applet::network::udp_receiver:   Received tag:  [de, 13, 3a, c6, 64, 72, d8, d0]
[DEBUG] cosmic_applet::network::udp_receiver:   Computed tag:  [de, 13, 3a, c6, 64, 72, d8, d0]
[DEBUG] cosmic_applet::network::udp_receiver:   ✓ Tags match
[DEBUG] cosmic_applet::simple_sensors: 📊 CPU packet data - usage: 5.2%, temp: Some(64.0)
[DEBUG] cosmic_applet::simple_sensors: 📊 Memory packet data - used: 35657891840 bytes, total: 134819328000 bytes
[DEBUG] cosmic_applet::simple_sensors: 📊 GPU VRAM used: 3434 MB → 3600809984 bytes
[DEBUG] cosmic_applet::simple_sensors: 📊 GPU VRAM total: 24564 MB → 25757220864 bytes
[DEBUG] cosmic_applet::simple_sensors: 📊 GPU load percent: Some(8.0)
[DEBUG] cosmic_applet::simple_sensors: 📊 GPU temperature: Some(36.0)
[DEBUG] cosmic_applet::simple_sensors: 📊 Temperature packet data - celsius: 64
[DEBUG] cosmic_applet::network::udp_receiver: 📊 Updated metrics for machine: Neptune (CPU: 5.2%, Mem: 35657891840/134819328000 bytes)
[DEBUG] cosmic_applet: 🔄 RefreshMetrics: machine 'Neptune' CPU=5.2%, mem=35657891840/134819328000
[DEBUG] cosmic_applet: 🖼️  Rendering Panel: machine 'Neptune' CPU=5.2%, mem=35657891840/134819328000
[DEBUG] cosmic_applet: 🔄 RefreshMetrics: machine 'Neptune' CPU=5.2%, mem=35657891840/134819328000
[DEBUG] cosmic_applet: 🖼️  Rendering Panel: machine 'Neptune' CPU=5.2%, mem=35657891840/134819328000
[DEBUG] cosmic_applet::network::udp_receiver:   Tag offset in buffer: 360 (buffer len: 392)
[DEBUG] cosmic_applet::network::udp_receiver: 🔐 HMAC verification:
[DEBUG] cosmic_applet::network::udp_receiver:   Secret key (first 8 bytes): [30, 30, 30, 30, 30, 30, 30, 30]
[DEBUG] cosmic_applet::network::udp_receiver:   Received tag:  [bc, 2c, c8, 04, f1, b7, e2, 25]
[DEBUG] cosmic_applet::network::udp_receiver:   Computed tag:  [35, 74, 7d, 5e, 94, 9f, fb, c3]
[WARN] cosmic_applet::network::udp_receiver:   ❌ Tags don't match!
[WARN] cosmic_applet::network::udp_receiver: HMAC verification failed for packet from 127.0.0.1:39261
[DEBUG] cosmic_applet::network::udp_receiver:   Tag offset in buffer: 360 (buffer len: 392)
[DEBUG] cosmic_applet::network::udp_receiver: 🔐 HMAC verification:
[DEBUG] cosmic_applet::network::udp_receiver:   Secret key (first 8 bytes): [30, 30, 30, 30, 30, 30, 30, 30]
[DEBUG] cosmic_applet::network::udp_receiver:   Received tag:  [2d, f1, 6c, 4c, 5c, 23, c9, fc]
[DEBUG] cosmic_applet::network::udp_receiver:   Computed tag:  [2d, f1, 6c, 4c, 5c, 23, c9, fc]
[DEBUG] cosmic_applet::network::udp_receiver:   ✓ Tags match
[DEBUG] cosmic_applet::simple_sensors: 📊 CPU packet data - usage: 7.1%, temp: Some(64.0)
[DEBUG] cosmic_applet::simple_sensors: 📊 Memory packet data - used: 35708219392 bytes, total: 134819328000 bytes
[DEBUG] cosmic_applet::simple_sensors: 📊 GPU VRAM used: 3427 MB → 3593469952 bytes
[DEBUG] cosmic_applet::simple_sensors: 📊 GPU VRAM total: 24564 MB → 25757220864 bytes
[DEBUG] cosmic_applet::simple_sensors: 📊 GPU load percent: Some(6.0)
[DEBUG] cosmic_applet::simple_sensors: 📊 GPU temperature: Some(35.0)
[DEBUG] cosmic_applet::simple_sensors: 📊 Temperature packet data - celsius: 64
[DEBUG] cosmic_applet::network::udp_receiver: 📊 Updated metrics for machine: Neptune (CPU: 7.1%, Mem: 35708219392/134819328000 bytes)
[DEBUG] cosmic_applet: 🔄 RefreshMetrics: machine 'Neptune' CPU=7.1%, mem=35708219392/134819328000
[DEBUG] cosmic_applet: 🖼️  Rendering Panel: machine 'Neptune' CPU=7.1%, mem=35708219392/134819328000
[DEBUG] cosmic_applet: 🔄 RefreshMetrics: machine 'Neptune' CPU=7.1%, mem=35708219392/134819328000
[DEBUG] cosmic_applet: 🖼️  Rendering Panel: machine 'Neptune' CPU=7.1%, mem=35708219392/134819328000
[DEBUG] cosmic_applet::network::udp_receiver:   Tag offset in buffer: 360 (buffer len: 392)
[DEBUG] cosmic_applet::network::udp_receiver: 🔐 HMAC verification:
[DEBUG] cosmic_applet::network::udp_receiver:   Secret key (first 8 bytes): [30, 30, 30, 30, 30, 30, 30, 30]
[DEBUG] cosmic_applet::network::udp_receiver:   Received tag:  [bf, c2, 87, 0b, ef, 5f, 6f, 03]
[DEBUG] cosmic_applet::network::udp_receiver:   Computed tag:  [f7, 86, 72, de, 19, cb, 5c, cd]
[WARN] cosmic_applet::network::udp_receiver:   ❌ Tags don't match!
[WARN] cosmic_applet::network::udp_receiver: HMAC verification failed for packet from 127.0.0.1:39261
[DEBUG] cosmic_applet::network::udp_receiver:   Tag offset in buffer: 360 (buffer len: 392)
[DEBUG] cosmic_applet::network::udp_receiver: 🔐 HMAC verification:
[DEBUG] cosmic_applet::network::udp_receiver:   Secret key (first 8 bytes): [30, 30, 30, 30, 30, 30, 30, 30]
[DEBUG] cosmic_applet::network::udp_receiver:   Received tag:  [08, 0b, 4d, 9a, ad, 0b, ab, e8]
[DEBUG] cosmic_applet::network::udp_receiver:   Computed tag:  [08, 0b, 4d, 9a, ad, 0b, ab, e8]
[DEBUG] cosmic_applet::network::udp_receiver:   ✓ Tags match
[DEBUG] cosmic_applet::simple_sensors: 📊 CPU packet data - usage: 4.6%, temp: Some(37.0)
[DEBUG] cosmic_applet::simple_sensors: 📊 Memory packet data - used: 35711881216 bytes, total: 134819328000 bytes
[DEBUG] cosmic_applet::simple_sensors: 📊 GPU VRAM used: 3426 MB → 3592421376 bytes
[DEBUG] cosmic_applet::simple_sensors: 📊 GPU VRAM total: 24564 MB → 25757220864 bytes
[DEBUG] cosmic_applet::simple_sensors: 📊 GPU load percent: Some(1.0)
[DEBUG] cosmic_applet::simple_sensors: 📊 GPU temperature: Some(35.0)
[DEBUG] cosmic_applet::simple_sensors: 📊 Temperature packet data - celsius: 37
[DEBUG] cosmic_applet::network::udp_receiver: 📊 Updated metrics for machine: Neptune (CPU: 4.6%, Mem: 35711881216/134819328000 bytes)
[DEBUG] cosmic_applet: 🔄 RefreshMetrics: machine 'Neptune' CPU=4.6%, mem=35711881216/134819328000
[DEBUG] cosmic_applet: 🖼️  Rendering Panel: machine 'Neptune' CPU=4.6%, mem=35711881216/134819328000
[DEBUG] cosmic_applet: 🔄 RefreshMetrics: machine 'Neptune' CPU=4.6%, mem=35711881216/134819328000
[DEBUG] cosmic_applet: 🖼️  Rendering Panel: machine 'Neptune' CPU=4.6%, mem=35711881216/134819328000
[DEBUG] cosmic_applet::network::udp_receiver:   Tag offset in buffer: 360 (buffer len: 392)
[DEBUG] cosmic_applet::network::udp_receiver: 🔐 HMAC verification:
[DEBUG] cosmic_applet::network::udp_receiver:   Secret key (first 8 bytes): [30, 30, 30, 30, 30, 30, 30, 30]
[DEBUG] cosmic_applet::network::udp_receiver:   Received tag:  [64, ac, aa, 3c, 97, a6, 1e, 68]
[DEBUG] cosmic_applet::network::udp_receiver:   Computed tag:  [7d, de, e2, cb, f8, 13, 7c, 15]
[WARN] cosmic_applet::network::udp_receiver:   ❌ Tags don't match!
[WARN] cosmic_applet::network::udp_receiver: HMAC verification failed for packet from 127.0.0.1:39261
[DEBUG] cosmic_applet::network::udp_receiver:   Tag offset in buffer: 360 (buffer len: 392)
[DEBUG] cosmic_applet::network::udp_receiver: 🔐 HMAC verification:
[DEBUG] cosmic_applet::network::udp_receiver:   Secret key (first 8 bytes): [30, 30, 30, 30, 30, 30, 30, 30]
[DEBUG] cosmic_applet::network::udp_receiver:   Received tag:  [08, ff, 60, ac, b7, 97, 72, 5f]
[DEBUG] cosmic_applet::network::udp_receiver:   Computed tag:  [08, ff, 60, ac, b7, 97, 72, 5f]
[DEBUG] cosmic_applet::network::udp_receiver:   ✓ Tags match
[DEBUG] cosmic_applet::simple_sensors: 📊 CPU packet data - usage: 4.7%, temp: Some(65.0)
[DEBUG] cosmic_applet::simple_sensors: 📊 Memory packet data - used: 35715072000 bytes, total: 134819328000 bytes
[DEBUG] cosmic_applet::simple_sensors: 📊 GPU VRAM used: 3426 MB → 3592421376 bytes
[DEBUG] cosmic_applet::simple_sensors: 📊 GPU VRAM total: 24564 MB → 25757220864 bytes
[DEBUG] cosmic_applet::simple_sensors: 📊 GPU load percent: Some(1.0)
[DEBUG] cosmic_applet::simple_sensors: 📊 GPU temperature: Some(35.0)
[DEBUG] cosmic_applet::simple_sensors: 📊 Temperature packet data - celsius: 65
[DEBUG] cosmic_applet::network::udp_receiver: 📊 Updated metrics for machine: Neptune (CPU: 4.7%, Mem: 35715072000/134819328000 bytes)
[DEBUG] cosmic_applet: 🔄 RefreshMetrics: machine 'Neptune' CPU=4.7%, mem=35715072000/134819328000
[DEBUG] cosmic_applet: 🖼️  Rendering Panel: machine 'Neptune' CPU=4.7%, mem=35715072000/134819328000
[DEBUG] cosmic_applet: 🔄 RefreshMetrics: machine 'Neptune' CPU=4.7%, mem=35715072000/134819328000
[DEBUG] cosmic_applet: 🖼️  Rendering Panel: machine 'Neptune' CPU=4.7%, mem=35715072000/134819328000
[DEBUG] cosmic_applet::network::udp_receiver:   Tag offset in buffer: 360 (buffer len: 392)
[DEBUG] cosmic_applet::network::udp_receiver: 🔐 HMAC verification:
[DEBUG] cosmic_applet::network::udp_receiver:   Secret key (first 8 bytes): [30, 30, 30, 30, 30, 30, 30, 30]
[DEBUG] cosmic_applet::network::udp_receiver:   Received tag:  [16, 75, b5, 7e, 3b, a5, 6b, 40]
[DEBUG] cosmic_applet::network::udp_receiver:   Computed tag:  [d3, 4d, bb, 48, aa, 7c, 1b, cf]
[WARN] cosmic_applet::network::udp_receiver:   ❌ Tags don't match!
[WARN] cosmic_applet::network::udp_receiver: HMAC verification failed for packet from 127.0.0.1:39261
[DEBUG] cosmic_applet::network::udp_receiver:   Tag offset in buffer: 360 (buffer len: 392)
[DEBUG] cosmic_applet::network::udp_receiver: 🔐 HMAC verification:
[DEBUG] cosmic_applet::network::udp_receiver:   Secret key (first 8 bytes): [30, 30, 30, 30, 30, 30, 30, 30]
[DEBUG] cosmic_applet::network::udp_receiver:   Received tag:  [f8, 0a, f9, ee, 14, b0, 64, 9b]
[DEBUG] cosmic_applet::network::udp_receiver:   Computed tag:  [f8, 0a, f9, ee, 14, b0, 64, 9b]
[DEBUG] cosmic_applet::network::udp_receiver:   ✓ Tags match
[DEBUG] cosmic_applet::simple_sensors: 📊 CPU packet data - usage: 5.1%, temp: Some(58.0)
[DEBUG] cosmic_applet::simple_sensors: 📊 Memory packet data - used: 35708751872 bytes, total: 134819328000 bytes
[DEBUG] cosmic_applet::simple_sensors: 📊 GPU VRAM used: 3426 MB → 3592421376 bytes
[DEBUG] cosmic_applet::simple_sensors: 📊 GPU VRAM total: 24564 MB → 25757220864 bytes
[DEBUG] cosmic_applet::simple_sensors: 📊 GPU load percent: Some(1.0)
[DEBUG] cosmic_applet::simple_sensors: 📊 GPU temperature: Some(35.0)
[DEBUG] cosmic_applet::simple_sensors: 📊 Temperature packet data - celsius: 58
[DEBUG] cosmic_applet::network::udp_receiver: 📊 Updated metrics for machine: Neptune (CPU: 5.1%, Mem: 35708751872/134819328000 bytes)
[DEBUG] cosmic_applet: 🔄 RefreshMetrics: machine 'Neptune' CPU=5.1%, mem=35708751872/134819328000
[DEBUG] cosmic_applet: 🖼️  Rendering Panel: machine 'Neptune' CPU=5.1%, mem=35708751872/134819328000
[DEBUG] cosmic_applet: 🔄 RefreshMetrics: machine 'Neptune' CPU=5.1%, mem=35708751872/134819328000
[DEBUG] cosmic_applet: 🖼️  Rendering Panel: machine 'Neptune' CPU=5.1%, mem=35708751872/134819328000
[DEBUG] cosmic_applet::network::udp_receiver:   Tag offset in buffer: 360 (buffer len: 392)
[DEBUG] cosmic_applet::network::udp_receiver: 🔐 HMAC verification:
[DEBUG] cosmic_applet::network::udp_receiver:   Secret key (first 8 bytes): [30, 30, 30, 30, 30, 30, 30, 30]
[DEBUG] cosmic_applet::network::udp_receiver:   Received tag:  [01, 99, 1b, 99, 10, 39, dd, 94]
[DEBUG] cosmic_applet::network::udp_receiver:   Computed tag:  [58, bf, d9, f5, 69, a3, 3a, b6]
[WARN] cosmic_applet::network::udp_receiver:   ❌ Tags don't match!
[WARN] cosmic_applet::network::udp_receiver: HMAC verification failed for packet from 127.0.0.1:39261
[DEBUG] cosmic_applet::network::udp_receiver:   Tag offset in buffer: 360 (buffer len: 392)
[DEBUG] cosmic_applet::network::udp_receiver: 🔐 HMAC verification:
[DEBUG] cosmic_applet::network::udp_receiver:   Secret key (first 8 bytes): [30, 30, 30, 30, 30, 30, 30, 30]
[DEBUG] cosmic_applet::network::udp_receiver:   Received tag:  [59, 11, 14, f9, 28, 84, 3d, e1]
[DEBUG] cosmic_applet::network::udp_receiver:   Computed tag:  [59, 11, 14, f9, 28, 84, 3d, e1]
[DEBUG] cosmic_applet::network::udp_receiver:   ✓ Tags match
[DEBUG] cosmic_applet::simple_sensors: 📊 CPU packet data - usage: 6.2%, temp: Some(66.0)
[DEBUG] cosmic_applet::simple_sensors: 📊 Memory packet data - used: 35757797376 bytes, total: 134819328000 bytes
[DEBUG] cosmic_applet::simple_sensors: 📊 GPU VRAM used: 3427 MB → 3593469952 bytes
[DEBUG] cosmic_applet::simple_sensors: 📊 GPU VRAM total: 24564 MB → 25757220864 bytes
[DEBUG] cosmic_applet::simple_sensors: 📊 GPU load percent: Some(11.0)
[DEBUG] cosmic_applet::simple_sensors: 📊 GPU temperature: Some(35.0)
[DEBUG] cosmic_applet::simple_sensors: 📊 Temperature packet data - celsius: 66
[DEBUG] cosmic_applet::network::udp_receiver: 📊 Updated metrics for machine: Neptune (CPU: 6.2%, Mem: 35757797376/134819328000 bytes)
[DEBUG] cosmic_applet: 🔄 RefreshMetrics: machine 'Neptune' CPU=6.2%, mem=35757797376/134819328000
[DEBUG] cosmic_applet: 🖼️  Rendering Panel: machine 'Neptune' CPU=6.2%, mem=35757797376/134819328000
[DEBUG] cosmic_applet: 🔄 RefreshMetrics: machine 'Neptune' CPU=6.2%, mem=35757797376/134819328000
[DEBUG] cosmic_applet: 🖼️  Rendering Panel: machine 'Neptune' CPU=6.2%, mem=35757797376/134819328000
[DEBUG] cosmic_applet::network::udp_receiver:   Tag offset in buffer: 360 (buffer len: 392)
[DEBUG] cosmic_applet::network::udp_receiver: 🔐 HMAC verification:
[DEBUG] cosmic_applet::network::udp_receiver:   Secret key (first 8 bytes): [30, 30, 30, 30, 30, 30, 30, 30]
[DEBUG] cosmic_applet::network::udp_receiver:   Received tag:  [53, 4d, 56, fc, b8, 31, 5e, 97]
[DEBUG] cosmic_applet::network::udp_receiver:   Computed tag:  [0d, 5a, d8, e6, 3e, d4, 0a, 3c]
[WARN] cosmic_applet::network::udp_receiver:   ❌ Tags don't match!
[WARN] cosmic_applet::network::udp_receiver: HMAC verification failed for packet from 127.0.0.1:39261
[DEBUG] cosmic_applet::network::udp_receiver:   Tag offset in buffer: 360 (buffer len: 392)
[DEBUG] cosmic_applet::network::udp_receiver: 🔐 HMAC verification:
[DEBUG] cosmic_applet::network::udp_receiver:   Secret key (first 8 bytes): [30, 30, 30, 30, 30, 30, 30, 30]
[DEBUG] cosmic_applet::network::udp_receiver:   Received tag:  [d2, 21, 65, b2, fc, 6d, ae, df]
[DEBUG] cosmic_applet::network::udp_receiver:   Computed tag:  [d2, 21, 65, b2, fc, 6d, ae, df]
[DEBUG] cosmic_applet::network::udp_receiver:   ✓ Tags match
[DEBUG] cosmic_applet::simple_sensors: 📊 CPU packet data - usage: 5.9%, temp: Some(66.0)
[DEBUG] cosmic_applet::simple_sensors: 📊 Memory packet data - used: 35763068928 bytes, total: 134819328000 bytes
[DEBUG] cosmic_applet::simple_sensors: 📊 GPU VRAM used: 3423 MB → 3589275648 bytes
[DEBUG] cosmic_applet::simple_sensors: 📊 GPU VRAM total: 24564 MB → 25757220864 bytes
[DEBUG] cosmic_applet::simple_sensors: 📊 GPU load percent: Some(7.0)
[DEBUG] cosmic_applet::simple_sensors: 📊 GPU temperature: Some(35.0)
[DEBUG] cosmic_applet::simple_sensors: 📊 Temperature packet data - celsius: 66
[DEBUG] cosmic_applet::network::udp_receiver: 📊 Updated metrics for machine: Neptune (CPU: 5.9%, Mem: 35763068928/134819328000 bytes)
[DEBUG] cosmic_applet: 🔄 RefreshMetrics: machine 'Neptune' CPU=5.9%, mem=35763068928/134819328000
[DEBUG] cosmic_applet: 🖼️  Rendering Panel: machine 'Neptune' CPU=5.9%, mem=35763068928/134819328000
[DEBUG] cosmic_applet: 🔄 RefreshMetrics: machine 'Neptune' CPU=5.9%, mem=35763068928/134819328000
[DEBUG] cosmic_applet: 🖼️  Rendering Panel: machine 'Neptune' CPU=5.9%, mem=35763068928/134819328000
[DEBUG] cosmic_applet::network::udp_receiver:   Tag offset in buffer: 360 (buffer len: 392)
[DEBUG] cosmic_applet::network::udp_receiver: 🔐 HMAC verification:
[DEBUG] cosmic_applet::network::udp_receiver:   Secret key (first 8 bytes): [30, 30, 30, 30, 30, 30, 30, 30]
[DEBUG] cosmic_applet::network::udp_receiver:   Received tag:  [0b, ec, ac, 36, ec, 2f, 02, bf]
[DEBUG] cosmic_applet::network::udp_receiver:   Computed tag:  [e1, a6, 1e, b4, 1b, 62, 1d, b3]
[WARN] cosmic_applet::network::udp_receiver:   ❌ Tags don't match!
[WARN] cosmic_applet::network::udp_receiver: HMAC verification failed for packet from 127.0.0.1:39261
[DEBUG] cosmic_applet::network::udp_receiver:   Tag offset in buffer: 360 (buffer len: 392)
[DEBUG] cosmic_applet::network::udp_receiver: 🔐 HMAC verification:
[DEBUG] cosmic_applet::network::udp_receiver:   Secret key (first 8 bytes): [30, 30, 30, 30, 30, 30, 30, 30]
[DEBUG] cosmic_applet::network::udp_receiver:   Received tag:  [ab, 90, 02, 7a, 63, d2, b0, 5e]
[DEBUG] cosmic_applet::network::udp_receiver:   Computed tag:  [ab, 90, 02, 7a, 63, d2, b0, 5e]
[DEBUG] cosmic_applet::network::udp_receiver:   ✓ Tags match
[DEBUG] cosmic_applet::simple_sensors: 📊 CPU packet data - usage: 5.0%, temp: Some(64.0)
[DEBUG] cosmic_applet::simple_sensors: 📊 Memory packet data - used: 35743674368 bytes, total: 134819328000 bytes
[DEBUG] cosmic_applet::simple_sensors: 📊 GPU VRAM used: 3422 MB → 3588227072 bytes
[DEBUG] cosmic_applet::simple_sensors: 📊 GPU VRAM total: 24564 MB → 25757220864 bytes
[DEBUG] cosmic_applet::simple_sensors: 📊 GPU load percent: Some(6.0)
[DEBUG] cosmic_applet::simple_sensors: 📊 GPU temperature: Some(35.0)
[DEBUG] cosmic_applet::simple_sensors: 📊 Temperature packet data - celsius: 64
[DEBUG] cosmic_applet::network::udp_receiver: 📊 Updated metrics for machine: Neptune (CPU: 5.0%, Mem: 35743674368/134819328000 bytes)
[DEBUG] cosmic_applet: 🔄 RefreshMetrics: machine 'Neptune' CPU=5.0%, mem=35743674368/134819328000
[DEBUG] cosmic_applet: 🖼️  Rendering Panel: machine 'Neptune' CPU=5.0%, mem=35743674368/134819328000
[DEBUG] cosmic_applet: 🔄 RefreshMetrics: machine 'Neptune' CPU=5.0%, mem=35743674368/134819328000
[DEBUG] cosmic_applet: 🖼️  Rendering Panel: machine 'Neptune' CPU=5.0%, mem=35743674368/134819328000
[DEBUG] cosmic_applet::network::udp_receiver:   Tag offset in buffer: 360 (buffer len: 392)
[DEBUG] cosmic_applet::network::udp_receiver: 🔐 HMAC verification:
[DEBUG] cosmic_applet::network::udp_receiver:   Secret key (first 8 bytes): [30, 30, 30, 30, 30, 30, 30, 30]
[DEBUG] cosmic_applet::network::udp_receiver:   Received tag:  [9d, 28, 03, d9, 30, 94, f3, f5]
[DEBUG] cosmic_applet::network::udp_receiver:   Computed tag:  [76, f5, 1b, cc, 2a, 29, 71, 11]
[WARN] cosmic_applet::network::udp_receiver:   ❌ Tags don't match!
[WARN] cosmic_applet::network::udp_receiver: HMAC verification failed for packet from 127.0.0.1:39261
[DEBUG] cosmic_applet::network::udp_receiver:   Tag offset in buffer: 360 (buffer len: 392)
[DEBUG] cosmic_applet::network::udp_receiver: 🔐 HMAC verification:
[DEBUG] cosmic_applet::network::udp_receiver:   Secret key (first 8 bytes): [30, 30, 30, 30, 30, 30, 30, 30]
[DEBUG] cosmic_applet::network::udp_receiver:   Received tag:  [7c, 18, 37, fb, af, 7a, 9a, ed]
[DEBUG] cosmic_applet::network::udp_receiver:   Computed tag:  [7c, 18, 37, fb, af, 7a, 9a, ed]
[DEBUG] cosmic_applet::network::udp_receiver:   ✓ Tags match
[DEBUG] cosmic_applet::simple_sensors: 📊 CPU packet data - usage: 4.2%, temp: Some(36.0)
[DEBUG] cosmic_applet::simple_sensors: 📊 Memory packet data - used: 35720273920 bytes, total: 134819328000 bytes
[DEBUG] cosmic_applet::simple_sensors: 📊 GPU VRAM used: 3422 MB → 3588227072 bytes
[DEBUG] cosmic_applet::simple_sensors: 📊 GPU VRAM total: 24564 MB → 25757220864 bytes
[DEBUG] cosmic_applet::simple_sensors: 📊 GPU load percent: Some(1.0)
[DEBUG] cosmic_applet::simple_sensors: 📊 GPU temperature: Some(35.0)
[DEBUG] cosmic_applet::simple_sensors: 📊 Temperature packet data - celsius: 36
[DEBUG] cosmic_applet::network::udp_receiver: 📊 Updated metrics for machine: Neptune (CPU: 4.2%, Mem: 35720273920/134819328000 bytes)
[DEBUG] cosmic_applet: 🔄 RefreshMetrics: machine 'Neptune' CPU=4.2%, mem=35720273920/134819328000
[DEBUG] cosmic_applet: 🖼️  Rendering Panel: machine 'Neptune' CPU=4.2%, mem=35720273920/134819328000
[DEBUG] cosmic_applet: 🔄 RefreshMetrics: machine 'Neptune' CPU=4.2%, mem=35720273920/134819328000
[DEBUG] cosmic_applet: 🖼️  Rendering Panel: machine 'Neptune' CPU=4.2%, mem=35720273920/134819328000
[DEBUG] cosmic_applet::network::udp_receiver:   Tag offset in buffer: 360 (buffer len: 392)
[DEBUG] cosmic_applet::network::udp_receiver: 🔐 HMAC verification:
[DEBUG] cosmic_applet::network::udp_receiver:   Secret key (first 8 bytes): [30, 30, 30, 30, 30, 30, 30, 30]
[DEBUG] cosmic_applet::network::udp_receiver:   Received tag:  [94, 1d, eb, 68, f5, b1, 10, f8]
[DEBUG] cosmic_applet::network::udp_receiver:   Computed tag:  [e1, 4d, c4, 00, 38, 90, 87, 8c]
[WARN] cosmic_applet::network::udp_receiver:   ❌ Tags don't match!
[WARN] cosmic_applet::network::udp_receiver: HMAC verification failed for packet from 127.0.0.1:39261
[DEBUG] cosmic_applet::network::udp_receiver:   Tag offset in buffer: 360 (buffer len: 392)
[DEBUG] cosmic_applet::network::udp_receiver: 🔐 HMAC verification:
[DEBUG] cosmic_applet::network::udp_receiver:   Secret key (first 8 bytes): [30, 30, 30, 30, 30, 30, 30, 30]
[DEBUG] cosmic_applet::network::udp_receiver:   Received tag:  [64, 79, 08, 75, 28, 1f, 58, 09]
[DEBUG] cosmic_applet::network::udp_receiver:   Computed tag:  [64, 79, 08, 75, 28, 1f, 58, 09]
[DEBUG] cosmic_applet::network::udp_receiver:   ✓ Tags match
[DEBUG] cosmic_applet::simple_sensors: 📊 CPU packet data - usage: 4.7%, temp: Some(37.0)
[DEBUG] cosmic_applet::simple_sensors: 📊 Memory packet data - used: 35730460672 bytes, total: 134819328000 bytes
[DEBUG] cosmic_applet::simple_sensors: 📊 GPU VRAM used: 3422 MB → 3588227072 bytes
[DEBUG] cosmic_applet::simple_sensors: 📊 GPU VRAM total: 24564 MB → 25757220864 bytes
[DEBUG] cosmic_applet::simple_sensors: 📊 GPU load percent: Some(20.0)
[DEBUG] cosmic_applet::simple_sensors: 📊 GPU temperature: Some(36.0)
[DEBUG] cosmic_applet::simple_sensors: 📊 Temperature packet data - celsius: 37
[DEBUG] cosmic_applet::network::udp_receiver: 📊 Updated metrics for machine: Neptune (CPU: 4.7%, Mem: 35730460672/134819328000 bytes)
[DEBUG] cosmic_applet: 🔄 RefreshMetrics: machine 'Neptune' CPU=4.7%, mem=35730460672/134819328000
[DEBUG] cosmic_applet: 🖼️  Rendering Panel: machine 'Neptune' CPU=4.7%, mem=35730460672/134819328000
[DEBUG] cosmic_applet: 🔄 RefreshMetrics: machine 'Neptune' CPU=4.7%, mem=35730460672/134819328000
[DEBUG] cosmic_applet: 🖼️  Rendering Panel: machine 'Neptune' CPU=4.7%, mem=35730460672/134819328000
[DEBUG] cosmic_applet::network::udp_receiver:   Tag offset in buffer: 360 (buffer len: 392)
[DEBUG] cosmic_applet::network::udp_receiver: 🔐 HMAC verification:
[DEBUG] cosmic_applet::network::udp_receiver:   Secret key (first 8 bytes): [30, 30, 30, 30, 30, 30, 30, 30]
[DEBUG] cosmic_applet::network::udp_receiver:   Received tag:  [a2, ae, 68, 8b, 5d, 57, 14, 4a]
[DEBUG] cosmic_applet::network::udp_receiver:   Computed tag:  [33, dc, 35, 52, 27, 1b, 37, c2]
[WARN] cosmic_applet::network::udp_receiver:   ❌ Tags don't match!
[WARN] cosmic_applet::network::udp_receiver: HMAC verification failed for packet from 127.0.0.1:39261
[DEBUG] cosmic_applet::network::udp_receiver:   Tag offset in buffer: 360 (buffer len: 392)
[DEBUG] cosmic_applet::network::udp_receiver: 🔐 HMAC verification:
[DEBUG] cosmic_applet::network::udp_receiver:   Secret key (first 8 bytes): [30, 30, 30, 30, 30, 30, 30, 30]
[DEBUG] cosmic_applet::network::udp_receiver:   Received tag:  [c0, 6c, 87, bb, a2, a5, 32, 01]
[DEBUG] cosmic_applet::network::udp_receiver:   Computed tag:  [c0, 6c, 87, bb, a2, a5, 32, 01]
[DEBUG] cosmic_applet::network::udp_receiver:   ✓ Tags match
[DEBUG] cosmic_applet::simple_sensors: 📊 CPU packet data - usage: 4.6%, temp: Some(38.0)
[DEBUG] cosmic_applet::simple_sensors: 📊 Memory packet data - used: 35729735680 bytes, total: 134819328000 bytes
[DEBUG] cosmic_applet::simple_sensors: 📊 GPU VRAM used: 3421 MB → 3587178496 bytes
[DEBUG] cosmic_applet::simple_sensors: 📊 GPU VRAM total: 24564 MB → 25757220864 bytes
[DEBUG] cosmic_applet::simple_sensors: 📊 GPU load percent: Some(0.0)
[DEBUG] cosmic_applet::simple_sensors: 📊 GPU temperature: Some(36.0)
[DEBUG] cosmic_applet::simple_sensors: 📊 Temperature packet data - celsius: 38
[DEBUG] cosmic_applet::network::udp_receiver: 📊 Updated metrics for machine: Neptune (CPU: 4.6%, Mem: 35729735680/134819328000 bytes)
[DEBUG] cosmic_applet: 🔄 RefreshMetrics: machine 'Neptune' CPU=4.6%, mem=35729735680/134819328000
[DEBUG] cosmic_applet: 🖼️  Rendering Panel: machine 'Neptune' CPU=4.6%, mem=35729735680/134819328000
[DEBUG] cosmic_applet: 🔄 RefreshMetrics: machine 'Neptune' CPU=4.6%, mem=35729735680/134819328000
[DEBUG] cosmic_applet: 🖼️  Rendering Panel: machine 'Neptune' CPU=4.6%, mem=35729735680/134819328000
[DEBUG] cosmic_applet::network::udp_receiver:   Tag offset in buffer: 360 (buffer len: 392)
[DEBUG] cosmic_applet::network::udp_receiver: 🔐 HMAC verification:
[DEBUG] cosmic_applet::network::udp_receiver:   Secret key (first 8 bytes): [30, 30, 30, 30, 30, 30, 30, 30]
[DEBUG] cosmic_applet::network::udp_receiver:   Received tag:  [05, 51, 51, b9, a1, c3, 00, 07]
[DEBUG] cosmic_applet::network::udp_receiver:   Computed tag:  [54, 18, 3e, 79, 10, b2, d3, 90]
[WARN] cosmic_applet::network::udp_receiver:   ❌ Tags don't match!
[WARN] cosmic_applet::network::udp_receiver: HMAC verification failed for packet from 127.0.0.1:39261
[DEBUG] cosmic_applet::network::udp_receiver:   Tag offset in buffer: 360 (buffer len: 392)
[DEBUG] cosmic_applet::network::udp_receiver: 🔐 HMAC verification:
[DEBUG] cosmic_applet::network::udp_receiver:   Secret key (first 8 bytes): [30, 30, 30, 30, 30, 30, 30, 30]
[DEBUG] cosmic_applet::network::udp_receiver:   Received tag:  [69, b0, 63, 07, 48, c0, e6, 53]
[DEBUG] cosmic_applet::network::udp_receiver:   Computed tag:  [69, b0, 63, 07, 48, c0, e6, 53]
[DEBUG] cosmic_applet::network::udp_receiver:   ✓ Tags match
[DEBUG] cosmic_applet::simple_sensors: 📊 CPU packet data - usage: 5.0%, temp: Some(61.0)
[DEBUG] cosmic_applet::simple_sensors: 📊 Memory packet data - used: 35732897792 bytes, total: 134819328000 bytes
[DEBUG] cosmic_applet::simple_sensors: 📊 GPU VRAM used: 3417 MB → 3582984192 bytes
[DEBUG] cosmic_applet::simple_sensors: 📊 GPU VRAM total: 24564 MB → 25757220864 bytes
[DEBUG] cosmic_applet::simple_sensors: 📊 GPU load percent: Some(1.0)
[DEBUG] cosmic_applet::simple_sensors: 📊 GPU temperature: Some(36.0)
[DEBUG] cosmic_applet::simple_sensors: 📊 Temperature packet data - celsius: 61
[DEBUG] cosmic_applet::network::udp_receiver: 📊 Updated metrics for machine: Neptune (CPU: 5.0%, Mem: 35732897792/134819328000 bytes)
[DEBUG] cosmic_applet: 🔄 RefreshMetrics: machine 'Neptune' CPU=5.0%, mem=35732897792/134819328000
[DEBUG] cosmic_applet: 🖼️  Rendering Panel: machine 'Neptune' CPU=5.0%, mem=35732897792/134819328000
[DEBUG] cosmic_applet: 🔄 RefreshMetrics: machine 'Neptune' CPU=5.0%, mem=35732897792/134819328000
[DEBUG] cosmic_applet: 🖼️  Rendering Panel: machine 'Neptune' CPU=5.0%, mem=35732897792/134819328000
[DEBUG] cosmic_applet::network::udp_receiver:   Tag offset in buffer: 360 (buffer len: 392)
[DEBUG] cosmic_applet::network::udp_receiver: 🔐 HMAC verification:
[DEBUG] cosmic_applet::network::udp_receiver:   Secret key (first 8 bytes): [30, 30, 30, 30, 30, 30, 30, 30]
[DEBUG] cosmic_applet::network::udp_receiver:   Received tag:  [bc, be, 25, 09, 3a, c1, 45, be]
[DEBUG] cosmic_applet::network::udp_receiver:   Computed tag:  [15, 2c, 04, 58, 32, fe, d0, 3a]
[WARN] cosmic_applet::network::udp_receiver:   ❌ Tags don't match!
[WARN] cosmic_applet::network::udp_receiver: HMAC verification failed for packet from 127.0.0.1:39261
[DEBUG] cosmic_applet::network::udp_receiver:   Tag offset in buffer: 360 (buffer len: 392)
[DEBUG] cosmic_applet::network::udp_receiver: 🔐 HMAC verification:
[DEBUG] cosmic_applet::network::udp_receiver:   Secret key (first 8 bytes): [30, 30, 30, 30, 30, 30, 30, 30]
[DEBUG] cosmic_applet::network::udp_receiver:   Received tag:  [99, 6b, 0b, 64, 5d, 25, 2c, 7c]
[DEBUG] cosmic_applet::network::udp_receiver:   Computed tag:  [99, 6b, 0b, 64, 5d, 25, 2c, 7c]
[DEBUG] cosmic_applet::network::udp_receiver:   ✓ Tags match
[DEBUG] cosmic_applet::simple_sensors: 📊 CPU packet data - usage: 4.2%, temp: Some(61.0)
[DEBUG] cosmic_applet::simple_sensors: 📊 Memory packet data - used: 35741597696 bytes, total: 134819328000 bytes
[DEBUG] cosmic_applet::simple_sensors: 📊 GPU VRAM used: 3417 MB → 3582984192 bytes
[DEBUG] cosmic_applet::simple_sensors: 📊 GPU VRAM total: 24564 MB → 25757220864 bytes
[DEBUG] cosmic_applet::simple_sensors: 📊 GPU load percent: Some(1.0)
[DEBUG] cosmic_applet::simple_sensors: 📊 GPU temperature: Some(36.0)
[DEBUG] cosmic_applet::simple_sensors: 📊 Temperature packet data - celsius: 61
[DEBUG] cosmic_applet::network::udp_receiver: 📊 Updated metrics for machine: Neptune (CPU: 4.2%, Mem: 35741597696/134819328000 bytes)
[DEBUG] cosmic_applet: 🔄 RefreshMetrics: machine 'Neptune' CPU=4.2%, mem=35741597696/134819328000
[DEBUG] cosmic_applet: 🖼️  Rendering Panel: machine 'Neptune' CPU=4.2%, mem=35741597696/134819328000
[DEBUG] cosmic_applet: 🔄 RefreshMetrics: machine 'Neptune' CPU=4.2%, mem=35741597696/134819328000
[DEBUG] cosmic_applet: 🖼️  Rendering Panel: machine 'Neptune' CPU=4.2%, mem=35741597696/134819328000
[DEBUG] cosmic_applet::network::udp_receiver:   Tag offset in buffer: 360 (buffer len: 392)
[DEBUG] cosmic_applet::network::udp_receiver: 🔐 HMAC verification:
[DEBUG] cosmic_applet::network::udp_receiver:   Secret key (first 8 bytes): [30, 30, 30, 30, 30, 30, 30, 30]
[DEBUG] cosmic_applet::network::udp_receiver:   Received tag:  [29, 78, 6f, b4, 2c, 29, d4, 8d]
[DEBUG] cosmic_applet::network::udp_receiver:   Computed tag:  [6f, 29, 6a, 25, c9, 99, e7, a2]
[WARN] cosmic_applet::network::udp_receiver:   ❌ Tags don't match!
[WARN] cosmic_applet::network::udp_receiver: HMAC verification failed for packet from 127.0.0.1:39261
[DEBUG] cosmic_applet::network::udp_receiver:   Tag offset in buffer: 360 (buffer len: 392)
[DEBUG] cosmic_applet::network::udp_receiver: 🔐 HMAC verification:
[DEBUG] cosmic_applet::network::udp_receiver:   Secret key (first 8 bytes): [30, 30, 30, 30, 30, 30, 30, 30]
[DEBUG] cosmic_applet::network::udp_receiver:   Received tag:  [d2, 6f, 6d, 5b, 3c, 61, 0e, cd]
[DEBUG] cosmic_applet::network::udp_receiver:   Computed tag:  [d2, 6f, 6d, 5b, 3c, 61, 0e, cd]
[DEBUG] cosmic_applet::network::udp_receiver:   ✓ Tags match
[DEBUG] cosmic_applet::simple_sensors: 📊 CPU packet data - usage: 5.9%, temp: Some(61.0)
[DEBUG] cosmic_applet::simple_sensors: 📊 Memory packet data - used: 35734401024 bytes, total: 134819328000 bytes
[DEBUG] cosmic_applet::simple_sensors: 📊 GPU VRAM used: 3417 MB → 3582984192 bytes
[DEBUG] cosmic_applet::simple_sensors: 📊 GPU VRAM total: 24564 MB → 25757220864 bytes
[DEBUG] cosmic_applet::simple_sensors: 📊 GPU load percent: Some(0.0)
[DEBUG] cosmic_applet::simple_sensors: 📊 GPU temperature: Some(35.0)
[DEBUG] cosmic_applet::simple_sensors: 📊 Temperature packet data - celsius: 61
[DEBUG] cosmic_applet::network::udp_receiver: 📊 Updated metrics for machine: Neptune (CPU: 5.9%, Mem: 35734401024/134819328000 bytes)
[DEBUG] cosmic_applet: 🔄 RefreshMetrics: machine 'Neptune' CPU=5.9%, mem=35734401024/134819328000
[DEBUG] cosmic_applet: 🖼️  Rendering Panel: machine 'Neptune' CPU=5.9%, mem=35734401024/134819328000
[DEBUG] cosmic_applet: 🔄 RefreshMetrics: machine 'Neptune' CPU=5.9%, mem=35734401024/134819328000
[DEBUG] cosmic_applet: 🖼️  Rendering Panel: machine 'Neptune' CPU=5.9%, mem=35734401024/134819328000
[DEBUG] cosmic_applet::network::udp_receiver:   Tag offset in buffer: 360 (buffer len: 392)
[DEBUG] cosmic_applet::network::udp_receiver: 🔐 HMAC verification:
[DEBUG] cosmic_applet::network::udp_receiver:   Secret key (first 8 bytes): [30, 30, 30, 30, 30, 30, 30, 30]
[DEBUG] cosmic_applet::network::udp_receiver:   Received tag:  [43, a8, 9c, 7f, e0, bd, f0, d4]
[DEBUG] cosmic_applet::network::udp_receiver:   Computed tag:  [84, de, bc, 43, b5, ff, b5, 94]
[WARN] cosmic_applet::network::udp_receiver:   ❌ Tags don't match!
[WARN] cosmic_applet::network::udp_receiver: HMAC verification failed for packet from 127.0.0.1:39261
[DEBUG] cosmic_applet::network::udp_receiver:   Tag offset in buffer: 360 (buffer len: 392)
[DEBUG] cosmic_applet::network::udp_receiver: 🔐 HMAC verification:
[DEBUG] cosmic_applet::network::udp_receiver:   Secret key (first 8 bytes): [30, 30, 30, 30, 30, 30, 30, 30]
[DEBUG] cosmic_applet::network::udp_receiver:   Received tag:  [0e, c1, 84, 7e, 7e, ec, 53, a4]
[DEBUG] cosmic_applet::network::udp_receiver:   Computed tag:  [0e, c1, 84, 7e, 7e, ec, 53, a4]
[DEBUG] cosmic_applet::network::udp_receiver:   ✓ Tags match
[DEBUG] cosmic_applet::simple_sensors: 📊 CPU packet data - usage: 4.4%, temp: Some(37.0)
[DEBUG] cosmic_applet::simple_sensors: 📊 Memory packet data - used: 35745538048 bytes, total: 134819328000 bytes
[DEBUG] cosmic_applet::simple_sensors: 📊 GPU VRAM used: 3417 MB → 3582984192 bytes
[DEBUG] cosmic_applet::simple_sensors: 📊 GPU VRAM total: 24564 MB → 25757220864 bytes
[DEBUG] cosmic_applet::simple_sensors: 📊 GPU load percent: Some(0.0)
[DEBUG] cosmic_applet::simple_sensors: 📊 GPU temperature: Some(35.0)
[DEBUG] cosmic_applet::simple_sensors: 📊 Temperature packet data - celsius: 37
[DEBUG] cosmic_applet::network::udp_receiver: 📊 Updated metrics for machine: Neptune (CPU: 4.4%, Mem: 35745538048/134819328000 bytes)
[DEBUG] cosmic_applet: 🔄 RefreshMetrics: machine 'Neptune' CPU=4.4%, mem=35745538048/134819328000
[DEBUG] cosmic_applet: 🖼️  Rendering Panel: machine 'Neptune' CPU=4.4%, mem=35745538048/134819328000
[DEBUG] cosmic_applet: 🔄 RefreshMetrics: machine 'Neptune' CPU=4.4%, mem=35745538048/134819328000
[DEBUG] cosmic_applet: 🖼️  Rendering Panel: machine 'Neptune' CPU=4.4%, mem=35745538048/134819328000
[DEBUG] cosmic_applet::network::udp_receiver:   Tag offset in buffer: 360 (buffer len: 392)
[DEBUG] cosmic_applet::network::udp_receiver: 🔐 HMAC verification:
[DEBUG] cosmic_applet::network::udp_receiver:   Secret key (first 8 bytes): [30, 30, 30, 30, 30, 30, 30, 30]
[DEBUG] cosmic_applet::network::udp_receiver:   Received tag:  [97, a1, 28, 58, 15, 95, bf, 4d]
[DEBUG] cosmic_applet::network::udp_receiver:   Computed tag:  [27, a3, 4c, d1, 46, c6, d1, c5]
[WARN] cosmic_applet::network::udp_receiver:   ❌ Tags don't match!
[WARN] cosmic_applet::network::udp_receiver: HMAC verification failed for packet from 127.0.0.1:39261
[DEBUG] cosmic_applet::network::udp_receiver:   Tag offset in buffer: 360 (buffer len: 392)
[DEBUG] cosmic_applet::network::udp_receiver: 🔐 HMAC verification:
[DEBUG] cosmic_applet::network::udp_receiver:   Secret key (first 8 bytes): [30, 30, 30, 30, 30, 30, 30, 30]
[DEBUG] cosmic_applet::network::udp_receiver:   Received tag:  [be, 29, 9b, 58, ed, f1, d0, ce]
[DEBUG] cosmic_applet::network::udp_receiver:   Computed tag:  [be, 29, 9b, 58, ed, f1, d0, ce]
[DEBUG] cosmic_applet::network::udp_receiver:   ✓ Tags match
[DEBUG] cosmic_applet::simple_sensors: 📊 CPU packet data - usage: 4.4%, temp: Some(36.0)
[DEBUG] cosmic_applet::simple_sensors: 📊 Memory packet data - used: 35750748160 bytes, total: 134819328000 bytes
[DEBUG] cosmic_applet::simple_sensors: 📊 GPU VRAM used: 3417 MB → 3582984192 bytes
[DEBUG] cosmic_applet::simple_sensors: 📊 GPU VRAM total: 24564 MB → 25757220864 bytes
[DEBUG] cosmic_applet::simple_sensors: 📊 GPU load percent: Some(1.0)
[DEBUG] cosmic_applet::simple_sensors: 📊 GPU temperature: Some(35.0)
[DEBUG] cosmic_applet::simple_sensors: 📊 Temperature packet data - celsius: 36
[DEBUG] cosmic_applet::network::udp_receiver: 📊 Updated metrics for machine: Neptune (CPU: 4.4%, Mem: 35750748160/134819328000 bytes)
[DEBUG] cosmic_applet: 🔄 RefreshMetrics: machine 'Neptune' CPU=4.4%, mem=35750748160/134819328000
[DEBUG] cosmic_applet: 🖼️  Rendering Panel: machine 'Neptune' CPU=4.4%, mem=35750748160/134819328000
[DEBUG] cosmic_applet: 🔄 RefreshMetrics: machine 'Neptune' CPU=4.4%, mem=35750748160/134819328000
[DEBUG] cosmic_applet: 🖼️  Rendering Panel: machine 'Neptune' CPU=4.4%, mem=35750748160/134819328000
[DEBUG] cosmic_applet::network::udp_receiver:   Tag offset in buffer: 360 (buffer len: 392)
[DEBUG] cosmic_applet::network::udp_receiver: 🔐 HMAC verification:
[DEBUG] cosmic_applet::network::udp_receiver:   Secret key (first 8 bytes): [30, 30, 30, 30, 30, 30, 30, 30]
[DEBUG] cosmic_applet::network::udp_receiver:   Received tag:  [72, 9b, 72, ce, ad, 5f, 07, 94]
[DEBUG] cosmic_applet::network::udp_receiver:   Computed tag:  [c1, a8, 6c, 29, aa, 43, 64, 3e]
[WARN] cosmic_applet::network::udp_receiver:   ❌ Tags don't match!
[WARN] cosmic_applet::network::udp_receiver: HMAC verification failed for packet from 127.0.0.1:39261
[DEBUG] cosmic_applet::network::udp_receiver:   Tag offset in buffer: 360 (buffer len: 392)
[DEBUG] cosmic_applet::network::udp_receiver: 🔐 HMAC verification:
[DEBUG] cosmic_applet::network::udp_receiver:   Secret key (first 8 bytes): [30, 30, 30, 30, 30, 30, 30, 30]
[DEBUG] cosmic_applet::network::udp_receiver:   Received tag:  [55, ec, eb, c9, 9e, 7c, 53, f3]
[DEBUG] cosmic_applet::network::udp_receiver:   Computed tag:  [55, ec, eb, c9, 9e, 7c, 53, f3]
[DEBUG] cosmic_applet::network::udp_receiver:   ✓ Tags match
[DEBUG] cosmic_applet::simple_sensors: 📊 CPU packet data - usage: 4.6%, temp: Some(38.0)
[DEBUG] cosmic_applet::simple_sensors: 📊 Memory packet data - used: 35745406976 bytes, total: 134819328000 bytes
[DEBUG] cosmic_applet::simple_sensors: 📊 GPU VRAM used: 3417 MB → 3582984192 bytes
[DEBUG] cosmic_applet::simple_sensors: 📊 GPU VRAM total: 24564 MB → 25757220864 bytes
[DEBUG] cosmic_applet::simple_sensors: 📊 GPU load percent: Some(0.0)
[DEBUG] cosmic_applet::simple_sensors: 📊 GPU temperature: Some(35.0)
[DEBUG] cosmic_applet::simple_sensors: 📊 Temperature packet data - celsius: 38
[DEBUG] cosmic_applet::network::udp_receiver: 📊 Updated metrics for machine: Neptune (CPU: 4.6%, Mem: 35745406976/134819328000 bytes)
[DEBUG] cosmic_applet: 🔄 RefreshMetrics: machine 'Neptune' CPU=4.6%, mem=35745406976/134819328000
[DEBUG] cosmic_applet: 🖼️  Rendering Panel: machine 'Neptune' CPU=4.6%, mem=35745406976/134819328000
[DEBUG] cosmic_applet: 🔄 RefreshMetrics: machine 'Neptune' CPU=4.6%, mem=35745406976/134819328000
[DEBUG] cosmic_applet: 🖼️  Rendering Panel: machine 'Neptune' CPU=4.6%, mem=35745406976/134819328000
[DEBUG] cosmic_applet::network::udp_receiver:   Tag offset in buffer: 360 (buffer len: 392)
[DEBUG] cosmic_applet::network::udp_receiver: 🔐 HMAC verification:
[DEBUG] cosmic_applet::network::udp_receiver:   Secret key (first 8 bytes): [30, 30, 30, 30, 30, 30, 30, 30]
[DEBUG] cosmic_applet::network::udp_receiver:   Received tag:  [2e, 45, 5d, 9e, b5, e2, 88, 22]
[DEBUG] cosmic_applet::network::udp_receiver:   Computed tag:  [01, ae, ba, 72, 32, 29, 94, 26]
[WARN] cosmic_applet::network::udp_receiver:   ❌ Tags don't match!
[WARN] cosmic_applet::network::udp_receiver: HMAC verification failed for packet from 127.0.0.1:39261
[DEBUG] cosmic_applet::network::udp_receiver:   Tag offset in buffer: 360 (buffer len: 392)
[DEBUG] cosmic_applet::network::udp_receiver: 🔐 HMAC verification:
[DEBUG] cosmic_applet::network::udp_receiver:   Secret key (first 8 bytes): [30, 30, 30, 30, 30, 30, 30, 30]
[DEBUG] cosmic_applet::network::udp_receiver:   Received tag:  [cf, 2e, 65, 73, ce, 87, 51, 46]
[DEBUG] cosmic_applet::network::udp_receiver:   Computed tag:  [cf, 2e, 65, 73, ce, 87, 51, 46]
[DEBUG] cosmic_applet::network::udp_receiver:   ✓ Tags match
[DEBUG] cosmic_applet::simple_sensors: 📊 CPU packet data - usage: 4.3%, temp: Some(61.0)
[DEBUG] cosmic_applet::simple_sensors: 📊 Memory packet data - used: 35756441600 bytes, total: 134819328000 bytes
[DEBUG] cosmic_applet::simple_sensors: 📊 GPU VRAM used: 3417 MB → 3582984192 bytes
[DEBUG] cosmic_applet::simple_sensors: 📊 GPU VRAM total: 24564 MB → 25757220864 bytes
[DEBUG] cosmic_applet::simple_sensors: 📊 GPU load percent: Some(1.0)
[DEBUG] cosmic_applet::simple_sensors: 📊 GPU temperature: Some(35.0)
[DEBUG] cosmic_applet::simple_sensors: 📊 Temperature packet data - celsius: 61
[DEBUG] cosmic_applet::network::udp_receiver: 📊 Updated metrics for machine: Neptune (CPU: 4.3%, Mem: 35756441600/134819328000 bytes)
[DEBUG] cosmic_applet: 🔄 RefreshMetrics: machine 'Neptune' CPU=4.3%, mem=35756441600/134819328000
[DEBUG] cosmic_applet: 🖼️  Rendering Panel: machine 'Neptune' CPU=4.3%, mem=35756441600/134819328000
[DEBUG] cosmic_applet: 🔄 RefreshMetrics: machine 'Neptune' CPU=4.3%, mem=35756441600/134819328000
[DEBUG] cosmic_applet: 🖼️  Rendering Panel: machine 'Neptune' CPU=4.3%, mem=35756441600/134819328000
[DEBUG] cosmic_applet::network::udp_receiver:   Tag offset in buffer: 360 (buffer len: 392)
[DEBUG] cosmic_applet::network::udp_receiver: 🔐 HMAC verification:
[DEBUG] cosmic_applet::network::udp_receiver:   Secret key (first 8 bytes): [30, 30, 30, 30, 30, 30, 30, 30]
[DEBUG] cosmic_applet::network::udp_receiver:   Received tag:  [66, a0, ad, 28, 28, 26, 82, 88]
[DEBUG] cosmic_applet::network::udp_receiver:   Computed tag:  [50, 99, a1, 2d, c0, 41, a4, cd]
[WARN] cosmic_applet::network::udp_receiver:   ❌ Tags don't match!
[WARN] cosmic_applet::network::udp_receiver: HMAC verification failed for packet from 127.0.0.1:39261
[DEBUG] cosmic_applet::network::udp_receiver:   Tag offset in buffer: 360 (buffer len: 392)
[DEBUG] cosmic_applet::network::udp_receiver: 🔐 HMAC verification:
[DEBUG] cosmic_applet::network::udp_receiver:   Secret key (first 8 bytes): [30, 30, 30, 30, 30, 30, 30, 30]
[DEBUG] cosmic_applet::network::udp_receiver:   Received tag:  [0e, 19, 21, a2, 1a, 1a, ff, ba]
[DEBUG] cosmic_applet::network::udp_receiver:   Computed tag:  [0e, 19, 21, a2, 1a, 1a, ff, ba]
[DEBUG] cosmic_applet::network::udp_receiver:   ✓ Tags match
[DEBUG] cosmic_applet::simple_sensors: 📊 CPU packet data - usage: 4.2%, temp: Some(61.0)
[DEBUG] cosmic_applet::simple_sensors: 📊 Memory packet data - used: 35734794240 bytes, total: 134819328000 bytes
[DEBUG] cosmic_applet::simple_sensors: 📊 GPU VRAM used: 3417 MB → 3582984192 bytes
[DEBUG] cosmic_applet::simple_sensors: 📊 GPU VRAM total: 24564 MB → 25757220864 bytes
[DEBUG] cosmic_applet::simple_sensors: 📊 GPU load percent: Some(0.0)
[DEBUG] cosmic_applet::simple_sensors: 📊 GPU temperature: Some(35.0)
[DEBUG] cosmic_applet::simple_sensors: 📊 Temperature packet data - celsius: 61
[DEBUG] cosmic_applet::network::udp_receiver: 📊 Updated metrics for machine: Neptune (CPU: 4.2%, Mem: 35734794240/134819328000 bytes)
[DEBUG] cosmic_applet: 🔄 RefreshMetrics: machine 'Neptune' CPU=4.2%, mem=35734794240/134819328000
[DEBUG] cosmic_applet: 🖼️  Rendering Panel: machine 'Neptune' CPU=4.2%, mem=35734794240/134819328000
[DEBUG] cosmic_applet: 🔄 RefreshMetrics: machine 'Neptune' CPU=4.2%, mem=35734794240/134819328000
[DEBUG] cosmic_applet: 🖼️  Rendering Panel: machine 'Neptune' CPU=4.2%, mem=35734794240/134819328000
[DEBUG] cosmic_applet::network::udp_receiver:   Tag offset in buffer: 360 (buffer len: 392)
[DEBUG] cosmic_applet::network::udp_receiver: 🔐 HMAC verification:
[DEBUG] cosmic_applet::network::udp_receiver:   Secret key (first 8 bytes): [30, 30, 30, 30, 30, 30, 30, 30]
[DEBUG] cosmic_applet::network::udp_receiver:   Received tag:  [c9, eb, c6, 04, 1d, 2f, e6, 1e]
[DEBUG] cosmic_applet::network::udp_receiver:   Computed tag:  [89, ef, ba, d1, db, 2b, d9, d7]
[WARN] cosmic_applet::network::udp_receiver:   ❌ Tags don't match!
[WARN] cosmic_applet::network::udp_receiver: HMAC verification failed for packet from 127.0.0.1:39261
[DEBUG] cosmic_applet::network::udp_receiver:   Tag offset in buffer: 360 (buffer len: 392)
[DEBUG] cosmic_applet::network::udp_receiver: 🔐 HMAC verification:
[DEBUG] cosmic_applet::network::udp_receiver:   Secret key (first 8 bytes): [30, 30, 30, 30, 30, 30, 30, 30]
[DEBUG] cosmic_applet::network::udp_receiver:   Received tag:  [1a, d3, d8, 91, 8d, 85, c5, 5b]
[DEBUG] cosmic_applet::network::udp_receiver:   Computed tag:  [1a, d3, d8, 91, 8d, 85, c5, 5b]
[DEBUG] cosmic_applet::network::udp_receiver:   ✓ Tags match
[DEBUG] cosmic_applet::simple_sensors: 📊 CPU packet data - usage: 4.7%, temp: Some(63.0)
[DEBUG] cosmic_applet::simple_sensors: 📊 Memory packet data - used: 35743899648 bytes, total: 134819328000 bytes
[DEBUG] cosmic_applet::simple_sensors: 📊 GPU VRAM used: 3417 MB → 3582984192 bytes
[DEBUG] cosmic_applet::simple_sensors: 📊 GPU VRAM total: 24564 MB → 25757220864 bytes
[DEBUG] cosmic_applet::simple_sensors: 📊 GPU load percent: Some(9.0)
[DEBUG] cosmic_applet::simple_sensors: 📊 GPU temperature: Some(36.0)
[DEBUG] cosmic_applet::simple_sensors: 📊 Temperature packet data - celsius: 63
[DEBUG] cosmic_applet::network::udp_receiver: 📊 Updated metrics for machine: Neptune (CPU: 4.7%, Mem: 35743899648/134819328000 bytes)
[DEBUG] cosmic_applet: 🔄 RefreshMetrics: machine 'Neptune' CPU=4.7%, mem=35743899648/134819328000
[DEBUG] cosmic_applet: 🖼️  Rendering Panel: machine 'Neptune' CPU=4.7%, mem=35743899648/134819328000
[DEBUG] cosmic_applet: 🔄 RefreshMetrics: machine 'Neptune' CPU=4.7%, mem=35743899648/134819328000
[DEBUG] cosmic_applet: 🖼️  Rendering Panel: machine 'Neptune' CPU=4.7%, mem=35743899648/134819328000
[DEBUG] cosmic_applet::network::udp_receiver:   Tag offset in buffer: 360 (buffer len: 392)
[DEBUG] cosmic_applet::network::udp_receiver: 🔐 HMAC verification:
[DEBUG] cosmic_applet::network::udp_receiver:   Secret key (first 8 bytes): [30, 30, 30, 30, 30, 30, 30, 30]
[DEBUG] cosmic_applet::network::udp_receiver:   Received tag:  [75, 6d, 7c, 8c, ae, ed, 08, 88]
[DEBUG] cosmic_applet::network::udp_receiver:   Computed tag:  [aa, c2, f8, a6, bc, ab, 6f, a6]
[WARN] cosmic_applet::network::udp_receiver:   ❌ Tags don't match!
[WARN] cosmic_applet::network::udp_receiver: HMAC verification failed for packet from 127.0.0.1:39261
[DEBUG] cosmic_applet::network::udp_receiver:   Tag offset in buffer: 360 (buffer len: 392)
[DEBUG] cosmic_applet::network::udp_receiver: 🔐 HMAC verification:
[DEBUG] cosmic_applet::network::udp_receiver:   Secret key (first 8 bytes): [30, 30, 30, 30, 30, 30, 30, 30]
[DEBUG] cosmic_applet::network::udp_receiver:   Received tag:  [9f, 06, f6, 8b, e1, 9d, 3d, c8]
[DEBUG] cosmic_applet::network::udp_receiver:   Computed tag:  [9f, 06, f6, 8b, e1, 9d, 3d, c8]
[DEBUG] cosmic_applet::network::udp_receiver:   ✓ Tags match
[DEBUG] cosmic_applet::simple_sensors: 📊 CPU packet data - usage: 5.4%, temp: Some(38.0)
[DEBUG] cosmic_applet::simple_sensors: 📊 Memory packet data - used: 35777679360 bytes, total: 134819328000 bytes
[DEBUG] cosmic_applet::simple_sensors: 📊 GPU VRAM used: 3412 MB → 3577741312 bytes
[DEBUG] cosmic_applet::simple_sensors: 📊 GPU VRAM total: 24564 MB → 25757220864 bytes
[DEBUG] cosmic_applet::simple_sensors: 📊 GPU load percent: Some(4.0)
[DEBUG] cosmic_applet::simple_sensors: 📊 GPU temperature: Some(36.0)
[DEBUG] cosmic_applet::simple_sensors: 📊 Temperature packet data - celsius: 38
[DEBUG] cosmic_applet::network::udp_receiver: 📊 Updated metrics for machine: Neptune (CPU: 5.4%, Mem: 35777679360/134819328000 bytes)
[DEBUG] cosmic_applet: 🔄 RefreshMetrics: machine 'Neptune' CPU=5.4%, mem=35777679360/134819328000
[DEBUG] cosmic_applet: 🖼️  Rendering Panel: machine 'Neptune' CPU=5.4%, mem=35777679360/134819328000
[DEBUG] cosmic_applet: 🔄 RefreshMetrics: machine 'Neptune' CPU=5.4%, mem=35777679360/134819328000
[DEBUG] cosmic_applet: 🖼️  Rendering Panel: machine 'Neptune' CPU=5.4%, mem=35777679360/134819328000
[DEBUG] cosmic_applet::network::udp_receiver:   Tag offset in buffer: 360 (buffer len: 392)
[DEBUG] cosmic_applet::network::udp_receiver: 🔐 HMAC verification:
[DEBUG] cosmic_applet::network::udp_receiver:   Secret key (first 8 bytes): [30, 30, 30, 30, 30, 30, 30, 30]
[DEBUG] cosmic_applet::network::udp_receiver:   Received tag:  [b5, 88, 41, e2, 36, e9, e1, 71]
[DEBUG] cosmic_applet::network::udp_receiver:   Computed tag:  [b9, c3, f0, 77, ae, 43, 3f, 32]
[WARN] cosmic_applet::network::udp_receiver:   ❌ Tags don't match!
[WARN] cosmic_applet::network::udp_receiver: HMAC verification failed for packet from 127.0.0.1:39261
[DEBUG] cosmic_applet::network::udp_receiver:   Tag offset in buffer: 360 (buffer len: 392)
[DEBUG] cosmic_applet::network::udp_receiver: 🔐 HMAC verification:
[DEBUG] cosmic_applet::network::udp_receiver:   Secret key (first 8 bytes): [30, 30, 30, 30, 30, 30, 30, 30]
[DEBUG] cosmic_applet::network::udp_receiver:   Received tag:  [3a, b8, 9f, 4e, 0d, 08, cb, aa]
[DEBUG] cosmic_applet::network::udp_receiver:   Computed tag:  [3a, b8, 9f, 4e, 0d, 08, cb, aa]
[DEBUG] cosmic_applet::network::udp_receiver:   ✓ Tags match
[DEBUG] cosmic_applet::simple_sensors: 📊 CPU packet data - usage: 3.9%, temp: Some(36.0)
[DEBUG] cosmic_applet::simple_sensors: 📊 Memory packet data - used: 35791388672 bytes, total: 134819328000 bytes
[DEBUG] cosmic_applet::simple_sensors: 📊 GPU VRAM used: 3412 MB → 3577741312 bytes
[DEBUG] cosmic_applet::simple_sensors: 📊 GPU VRAM total: 24564 MB → 25757220864 bytes
[DEBUG] cosmic_applet::simple_sensors: 📊 GPU load percent: Some(1.0)
[DEBUG] cosmic_applet::simple_sensors: 📊 GPU temperature: Some(36.0)
[DEBUG] cosmic_applet::simple_sensors: 📊 Temperature packet data - celsius: 36
[DEBUG] cosmic_applet::network::udp_receiver: 📊 Updated metrics for machine: Neptune (CPU: 3.9%, Mem: 35791388672/134819328000 bytes)
[DEBUG] cosmic_applet: 🔄 RefreshMetrics: machine 'Neptune' CPU=3.9%, mem=35791388672/134819328000
[DEBUG] cosmic_applet: 🖼️  Rendering Panel: machine 'Neptune' CPU=3.9%, mem=35791388672/134819328000
[DEBUG] cosmic_applet: 🔄 RefreshMetrics: machine 'Neptune' CPU=3.9%, mem=35791388672/134819328000
[DEBUG] cosmic_applet: 🖼️  Rendering Panel: machine 'Neptune' CPU=3.9%, mem=35791388672/134819328000
[DEBUG] cosmic_applet::network::udp_receiver:   Tag offset in buffer: 360 (buffer len: 392)
[DEBUG] cosmic_applet::network::udp_receiver: 🔐 HMAC verification:
[DEBUG] cosmic_applet::network::udp_receiver:   Secret key (first 8 bytes): [30, 30, 30, 30, 30, 30, 30, 30]
[DEBUG] cosmic_applet::network::udp_receiver:   Received tag:  [ad, a9, f1, d4, ed, 83, 63, 96]
[DEBUG] cosmic_applet::network::udp_receiver:   Computed tag:  [85, 94, ce, ce, a2, 60, 58, 56]
[WARN] cosmic_applet::network::udp_receiver:   ❌ Tags don't match!
[WARN] cosmic_applet::network::udp_receiver: HMAC verification failed for packet from 127.0.0.1:39261
[DEBUG] cosmic_applet::network::udp_receiver:   Tag offset in buffer: 360 (buffer len: 392)
[DEBUG] cosmic_applet::network::udp_receiver: 🔐 HMAC verification:
[DEBUG] cosmic_applet::network::udp_receiver:   Secret key (first 8 bytes): [30, 30, 30, 30, 30, 30, 30, 30]
[DEBUG] cosmic_applet::network::udp_receiver:   Received tag:  [1a, 07, 38, ee, ed, 69, 77, de]
[DEBUG] cosmic_applet::network::udp_receiver:   Computed tag:  [1a, 07, 38, ee, ed, 69, 77, de]
[DEBUG] cosmic_applet::network::udp_receiver:   ✓ Tags match
[DEBUG] cosmic_applet::simple_sensors: 📊 CPU packet data - usage: 4.1%, temp: Some(38.0)
[DEBUG] cosmic_applet::simple_sensors: 📊 Memory packet data - used: 35786375168 bytes, total: 134819328000 bytes
[DEBUG] cosmic_applet::simple_sensors: 📊 GPU VRAM used: 3412 MB → 3577741312 bytes
[DEBUG] cosmic_applet::simple_sensors: 📊 GPU VRAM total: 24564 MB → 25757220864 bytes
[DEBUG] cosmic_applet::simple_sensors: 📊 GPU load percent: Some(0.0)
[DEBUG] cosmic_applet::simple_sensors: 📊 GPU temperature: Some(36.0)
[DEBUG] cosmic_applet::simple_sensors: 📊 Temperature packet data - celsius: 38
[DEBUG] cosmic_applet::network::udp_receiver: 📊 Updated metrics for machine: Neptune (CPU: 4.1%, Mem: 35786375168/134819328000 bytes)
[DEBUG] cosmic_applet: 🔄 RefreshMetrics: machine 'Neptune' CPU=4.1%, mem=35786375168/134819328000
[DEBUG] cosmic_applet: 🖼️  Rendering Panel: machine 'Neptune' CPU=4.1%, mem=35786375168/134819328000
[DEBUG] cosmic_applet: 🖼️  Rendering Panel: machine 'Neptune' CPU=4.1%, mem=35786375168/134819328000
[DEBUG] cosmic_applet: 🖼️  Rendering Panel: machine 'Neptune' CPU=4.1%, mem=35786375168/134819328000
[DEBUG] cosmic_applet: 🔄 RefreshMetrics: machine 'Neptune' CPU=4.1%, mem=35786375168/134819328000
[DEBUG] cosmic_applet: 🖼️  Rendering Panel: machine 'Neptune' CPU=4.1%, mem=35786375168/134819328000
[DEBUG] cosmic_applet::network::udp_receiver:   Tag offset in buffer: 360 (buffer len: 392)
[DEBUG] cosmic_applet::network::udp_receiver: 🔐 HMAC verification:
[DEBUG] cosmic_applet::network::udp_receiver:   Secret key (first 8 bytes): [30, 30, 30, 30, 30, 30, 30, 30]
[DEBUG] cosmic_applet::network::udp_receiver:   Received tag:  [51, 70, 9b, 97, 52, 48, cd, d1]
[DEBUG] cosmic_applet::network::udp_receiver:   Computed tag:  [29, ab, 31, ca, c7, 6f, b2, f0]
[WARN] cosmic_applet::network::udp_receiver:   ❌ Tags don't match!
[WARN] cosmic_applet::network::udp_receiver: HMAC verification failed for packet from 127.0.0.1:39261
[DEBUG] cosmic_applet::network::udp_receiver:   Tag offset in buffer: 360 (buffer len: 392)
[DEBUG] cosmic_applet::network::udp_receiver: 🔐 HMAC verification:
[DEBUG] cosmic_applet::network::udp_receiver:   Secret key (first 8 bytes): [30, 30, 30, 30, 30, 30, 30, 30]
[DEBUG] cosmic_applet::network::udp_receiver:   Received tag:  [53, 8e, c4, d0, f6, 01, f5, 68]
[DEBUG] cosmic_applet::network::udp_receiver:   Computed tag:  [53, 8e, c4, d0, f6, 01, f5, 68]
[DEBUG] cosmic_applet::network::udp_receiver:   ✓ Tags match
[DEBUG] cosmic_applet::simple_sensors: 📊 CPU packet data - usage: 6.8%, temp: Some(57.0)
[DEBUG] cosmic_applet::simple_sensors: 📊 Memory packet data - used: 35775066112 bytes, total: 134819328000 bytes
[DEBUG] cosmic_applet::simple_sensors: 📊 GPU VRAM used: 3407 MB → 3572498432 bytes
[DEBUG] cosmic_applet::simple_sensors: 📊 GPU VRAM total: 24564 MB → 25757220864 bytes
[DEBUG] cosmic_applet::simple_sensors: 📊 GPU load percent: Some(25.0)
[DEBUG] cosmic_applet::simple_sensors: 📊 GPU temperature: Some(36.0)
[DEBUG] cosmic_applet::simple_sensors: 📊 Temperature packet data - celsius: 57
[DEBUG] cosmic_applet::network::udp_receiver: 📊 Updated metrics for machine: Neptune (CPU: 6.8%, Mem: 35775066112/134819328000 bytes)
[DEBUG] cosmic_applet: 🔄 RefreshMetrics: machine 'Neptune' CPU=6.8%, mem=35775066112/134819328000
[DEBUG] cosmic_applet: 🖼️  Rendering Panel: machine 'Neptune' CPU=6.8%, mem=35775066112/134819328000
[DEBUG] cosmic_applet: 🔄 RefreshMetrics: machine 'Neptune' CPU=6.8%, mem=35775066112/134819328000
[DEBUG] cosmic_applet: 🖼️  Rendering Panel: machine 'Neptune' CPU=6.8%, mem=35775066112/134819328000
[DEBUG] cosmic_applet::network::udp_receiver:   Tag offset in buffer: 360 (buffer len: 392)
[DEBUG] cosmic_applet::network::udp_receiver: 🔐 HMAC verification:
[DEBUG] cosmic_applet::network::udp_receiver:   Secret key (first 8 bytes): [30, 30, 30, 30, 30, 30, 30, 30]
[DEBUG] cosmic_applet::network::udp_receiver:   Received tag:  [a0, f0, 1c, 5e, e5, 25, 25, 15]
[DEBUG] cosmic_applet::network::udp_receiver:   Computed tag:  [6f, fe, 6e, f9, 57, ea, ce, eb]
[WARN] cosmic_applet::network::udp_receiver:   ❌ Tags don't match!
[WARN] cosmic_applet::network::udp_receiver: HMAC verification failed for packet from 127.0.0.1:39261
[DEBUG] cosmic_applet::network::udp_receiver:   Tag offset in buffer: 360 (buffer len: 392)
[DEBUG] cosmic_applet::network::udp_receiver: 🔐 HMAC verification:
[DEBUG] cosmic_applet::network::udp_receiver:   Secret key (first 8 bytes): [30, 30, 30, 30, 30, 30, 30, 30]
[DEBUG] cosmic_applet::network::udp_receiver:   Received tag:  [80, 41, c9, 86, 8e, 56, 52, aa]
[DEBUG] cosmic_applet::network::udp_receiver:   Computed tag:  [80, 41, c9, 86, 8e, 56, 52, aa]
[DEBUG] cosmic_applet::network::udp_receiver:   ✓ Tags match
[DEBUG] cosmic_applet::simple_sensors: 📊 CPU packet data - usage: 4.9%, temp: Some(57.0)
[DEBUG] cosmic_applet::simple_sensors: 📊 Memory packet data - used: 35786403840 bytes, total: 134819328000 bytes
[DEBUG] cosmic_applet::simple_sensors: 📊 GPU VRAM used: 3418 MB → 3584032768 bytes
[DEBUG] cosmic_applet::simple_sensors: 📊 GPU VRAM total: 24564 MB → 25757220864 bytes
[DEBUG] cosmic_applet::simple_sensors: 📊 GPU load percent: Some(27.0)
[DEBUG] cosmic_applet::simple_sensors: 📊 GPU temperature: Some(36.0)
[DEBUG] cosmic_applet::simple_sensors: 📊 Temperature packet data - celsius: 57
[DEBUG] cosmic_applet::network::udp_receiver: 📊 Updated metrics for machine: Neptune (CPU: 4.9%, Mem: 35786403840/134819328000 bytes)
[DEBUG] cosmic_applet: 🔄 RefreshMetrics: machine 'Neptune' CPU=4.9%, mem=35786403840/134819328000
[DEBUG] cosmic_applet: 🖼️  Rendering Panel: machine 'Neptune' CPU=4.9%, mem=35786403840/134819328000
[DEBUG] cosmic_applet: 🔄 RefreshMetrics: machine 'Neptune' CPU=4.9%, mem=35786403840/134819328000
[DEBUG] cosmic_applet: 🖼️  Rendering Panel: machine 'Neptune' CPU=4.9%, mem=35786403840/134819328000
[DEBUG] cosmic_applet::network::udp_receiver:   Tag offset in buffer: 360 (buffer len: 392)
[DEBUG] cosmic_applet::network::udp_receiver: 🔐 HMAC verification:
[DEBUG] cosmic_applet::network::udp_receiver:   Secret key (first 8 bytes): [30, 30, 30, 30, 30, 30, 30, 30]
[DEBUG] cosmic_applet::network::udp_receiver:   Received tag:  [0b, 76, 4b, bf, cc, 6e, 95, 67]
[DEBUG] cosmic_applet::network::udp_receiver:   Computed tag:  [c1, 76, 1d, 66, f4, 3b, 43, 8a]
[WARN] cosmic_applet::network::udp_receiver:   ❌ Tags don't match!
[WARN] cosmic_applet::network::udp_receiver: HMAC verification failed for packet from 127.0.0.1:39261
[DEBUG] cosmic_applet::network::udp_receiver:   Tag offset in buffer: 360 (buffer len: 392)
[DEBUG] cosmic_applet::network::udp_receiver: 🔐 HMAC verification:
[DEBUG] cosmic_applet::network::udp_receiver:   Secret key (first 8 bytes): [30, 30, 30, 30, 30, 30, 30, 30]
[DEBUG] cosmic_applet::network::udp_receiver:   Received tag:  [dc, 57, 38, 18, 48, 5a, 44, c7]
[DEBUG] cosmic_applet::network::udp_receiver:   Computed tag:  [dc, 57, 38, 18, 48, 5a, 44, c7]
[DEBUG] cosmic_applet::network::udp_receiver:   ✓ Tags match
[DEBUG] cosmic_applet::simple_sensors: 📊 CPU packet data - usage: 5.8%, temp: Some(65.0)
[DEBUG] cosmic_applet::simple_sensors: 📊 Memory packet data - used: 35770961920 bytes, total: 134819328000 bytes
[DEBUG] cosmic_applet::simple_sensors: 📊 GPU VRAM used: 3418 MB → 3584032768 bytes
[DEBUG] cosmic_applet::simple_sensors: 📊 GPU VRAM total: 24564 MB → 25757220864 bytes
[DEBUG] cosmic_applet::simple_sensors: 📊 GPU load percent: Some(11.0)
[DEBUG] cosmic_applet::simple_sensors: 📊 GPU temperature: Some(36.0)
[DEBUG] cosmic_applet::simple_sensors: 📊 Temperature packet data - celsius: 65
[DEBUG] cosmic_applet::network::udp_receiver: 📊 Updated metrics for machine: Neptune (CPU: 5.8%, Mem: 35770961920/134819328000 bytes)
[DEBUG] cosmic_applet: 🔄 RefreshMetrics: machine 'Neptune' CPU=5.8%, mem=35770961920/134819328000
[DEBUG] cosmic_applet: 🖼️  Rendering Panel: machine 'Neptune' CPU=5.8%, mem=35770961920/134819328000
[DEBUG] cosmic_applet: 🔄 RefreshMetrics: machine 'Neptune' CPU=5.8%, mem=35770961920/134819328000
[DEBUG] cosmic_applet: 🖼️  Rendering Panel: machine 'Neptune' CPU=5.8%, mem=35770961920/134819328000
[DEBUG] cosmic_applet::network::udp_receiver:   Tag offset in buffer: 360 (buffer len: 392)
[DEBUG] cosmic_applet::network::udp_receiver: 🔐 HMAC verification:
[DEBUG] cosmic_applet::network::udp_receiver:   Secret key (first 8 bytes): [30, 30, 30, 30, 30, 30, 30, 30]
[DEBUG] cosmic_applet::network::udp_receiver:   Received tag:  [2f, 0c, 24, e7, ea, d3, ae, 9d]
[DEBUG] cosmic_applet::network::udp_receiver:   Computed tag:  [79, 4d, e9, d9, 8d, 12, da, 55]
[WARN] cosmic_applet::network::udp_receiver:   ❌ Tags don't match!
[WARN] cosmic_applet::network::udp_receiver: HMAC verification failed for packet from 127.0.0.1:39261
[DEBUG] cosmic_applet::network::udp_receiver:   Tag offset in buffer: 360 (buffer len: 392)
[DEBUG] cosmic_applet::network::udp_receiver: 🔐 HMAC verification:
[DEBUG] cosmic_applet::network::udp_receiver:   Secret key (first 8 bytes): [30, 30, 30, 30, 30, 30, 30, 30]
[DEBUG] cosmic_applet::network::udp_receiver:   Received tag:  [65, c4, 20, c6, d9, be, d0, 52]
[DEBUG] cosmic_applet::network::udp_receiver:   Computed tag:  [65, c4, 20, c6, d9, be, d0, 52]
[DEBUG] cosmic_applet::network::udp_receiver:   ✓ Tags match
[DEBUG] cosmic_applet::simple_sensors: 📊 CPU packet data - usage: 5.6%, temp: Some(37.0)
[DEBUG] cosmic_applet::simple_sensors: 📊 Memory packet data - used: 35771478016 bytes, total: 134819328000 bytes
[DEBUG] cosmic_applet::simple_sensors: 📊 GPU VRAM used: 3417 MB → 3582984192 bytes
[DEBUG] cosmic_applet::simple_sensors: 📊 GPU VRAM total: 24564 MB → 25757220864 bytes
[DEBUG] cosmic_applet::simple_sensors: 📊 GPU load percent: Some(6.0)
[DEBUG] cosmic_applet::simple_sensors: 📊 GPU temperature: Some(36.0)
[DEBUG] cosmic_applet::simple_sensors: 📊 Temperature packet data - celsius: 37
[DEBUG] cosmic_applet::network::udp_receiver: 📊 Updated metrics for machine: Neptune (CPU: 5.6%, Mem: 35771478016/134819328000 bytes)
[DEBUG] cosmic_applet: 🔄 RefreshMetrics: machine 'Neptune' CPU=5.6%, mem=35771478016/134819328000
[DEBUG] cosmic_applet: 🖼️  Rendering Panel: machine 'Neptune' CPU=5.6%, mem=35771478016/134819328000
[DEBUG] cosmic_applet: 🔄 RefreshMetrics: machine 'Neptune' CPU=5.6%, mem=35771478016/134819328000
[DEBUG] cosmic_applet: 🖼️  Rendering Panel: machine 'Neptune' CPU=5.6%, mem=35771478016/134819328000
[DEBUG] cosmic_applet::network::udp_receiver:   Tag offset in buffer: 360 (buffer len: 392)
[DEBUG] cosmic_applet::network::udp_receiver: 🔐 HMAC verification:
[DEBUG] cosmic_applet::network::udp_receiver:   Secret key (first 8 bytes): [30, 30, 30, 30, 30, 30, 30, 30]
[DEBUG] cosmic_applet::network::udp_receiver:   Received tag:  [11, c9, 63, c3, 30, 4e, e6, e6]
[DEBUG] cosmic_applet::network::udp_receiver:   Computed tag:  [46, 16, 6d, b8, da, 69, 87, ab]
[WARN] cosmic_applet::network::udp_receiver:   ❌ Tags don't match!
[WARN] cosmic_applet::network::udp_receiver: HMAC verification failed for packet from 127.0.0.1:39261
[DEBUG] cosmic_applet: 🖼️  Rendering Panel: machine 'Neptune' CPU=5.6%, mem=35771478016/134819328000
[DEBUG] cosmic_applet::network::udp_receiver:   Tag offset in buffer: 360 (buffer len: 392)
[DEBUG] cosmic_applet::network::udp_receiver: 🔐 HMAC verification:
[DEBUG] cosmic_applet::network::udp_receiver:   Secret key (first 8 bytes): [30, 30, 30, 30, 30, 30, 30, 30]
[DEBUG] cosmic_applet::network::udp_receiver:   Received tag:  [c0, dc, 14, cf, 6f, d7, 02, a4]
[DEBUG] cosmic_applet::network::udp_receiver:   Computed tag:  [c0, dc, 14, cf, 6f, d7, 02, a4]
[DEBUG] cosmic_applet::network::udp_receiver:   ✓ Tags match
[DEBUG] cosmic_applet::simple_sensors: 📊 CPU packet data - usage: 5.0%, temp: Some(37.0)
[DEBUG] cosmic_applet::simple_sensors: 📊 Memory packet data - used: 35774701568 bytes, total: 134819328000 bytes
[DEBUG] cosmic_applet::simple_sensors: 📊 GPU VRAM used: 3417 MB → 3582984192 bytes
[DEBUG] cosmic_applet::simple_sensors: 📊 GPU VRAM total: 24564 MB → 25757220864 bytes
[DEBUG] cosmic_applet::simple_sensors: 📊 GPU load percent: Some(13.0)
[DEBUG] cosmic_applet::simple_sensors: 📊 GPU temperature: Some(36.0)
[DEBUG] cosmic_applet::simple_sensors: 📊 Temperature packet data - celsius: 37
[DEBUG] cosmic_applet::network::udp_receiver: 📊 Updated metrics for machine: Neptune (CPU: 5.0%, Mem: 35774701568/134819328000 bytes)
[DEBUG] cosmic_applet: 🔄 RefreshMetrics: machine 'Neptune' CPU=5.0%, mem=35774701568/134819328000
[DEBUG] cosmic_applet: 🖼️  Rendering Panel: machine 'Neptune' CPU=5.0%, mem=35774701568/134819328000
[DEBUG] cosmic_applet: 🔄 RefreshMetrics: machine 'Neptune' CPU=5.0%, mem=35774701568/134819328000
[DEBUG] cosmic_applet: 🖼️  Rendering Panel: machine 'Neptune' CPU=5.0%, mem=35774701568/134819328000
[DEBUG] cosmic_applet::network::udp_receiver:   Tag offset in buffer: 360 (buffer len: 392)
[DEBUG] cosmic_applet::network::udp_receiver: 🔐 HMAC verification:
[DEBUG] cosmic_applet::network::udp_receiver:   Secret key (first 8 bytes): [30, 30, 30, 30, 30, 30, 30, 30]
[DEBUG] cosmic_applet::network::udp_receiver:   Received tag:  [ba, 17, e4, fc, df, d1, 03, 9d]
[DEBUG] cosmic_applet::network::udp_receiver:   Computed tag:  [3c, 7f, 58, c8, 04, 31, bf, d8]
[WARN] cosmic_applet::network::udp_receiver:   ❌ Tags don't match!
[WARN] cosmic_applet::network::udp_receiver: HMAC verification failed for packet from 127.0.0.1:39261
[DEBUG] cosmic_applet::network::udp_receiver:   Tag offset in buffer: 360 (buffer len: 392)
[DEBUG] cosmic_applet::network::udp_receiver: 🔐 HMAC verification:
[DEBUG] cosmic_applet::network::udp_receiver:   Secret key (first 8 bytes): [30, 30, 30, 30, 30, 30, 30, 30]
[DEBUG] cosmic_applet::network::udp_receiver:   Received tag:  [00, 84, 11, 27, 08, 62, 78, 4e]
[DEBUG] cosmic_applet::network::udp_receiver:   Computed tag:  [00, 84, 11, 27, 08, 62, 78, 4e]
[DEBUG] cosmic_applet::network::udp_receiver:   ✓ Tags match
[DEBUG] cosmic_applet::simple_sensors: 📊 CPU packet data - usage: 4.7%, temp: Some(61.0)
[DEBUG] cosmic_applet::simple_sensors: 📊 Memory packet data - used: 35788341248 bytes, total: 134819328000 bytes
[DEBUG] cosmic_applet::simple_sensors: 📊 GPU VRAM used: 3426 MB → 3592421376 bytes
[DEBUG] cosmic_applet::simple_sensors: 📊 GPU VRAM total: 24564 MB → 25757220864 bytes
[DEBUG] cosmic_applet::simple_sensors: 📊 GPU load percent: Some(7.0)
[DEBUG] cosmic_applet::simple_sensors: 📊 GPU temperature: Some(36.0)
[DEBUG] cosmic_applet::simple_sensors: 📊 Temperature packet data - celsius: 61
[DEBUG] cosmic_applet::network::udp_receiver: 📊 Updated metrics for machine: Neptune (CPU: 4.7%, Mem: 35788341248/134819328000 bytes)
[DEBUG] cosmic_applet: 🔄 RefreshMetrics: machine 'Neptune' CPU=4.7%, mem=35788341248/134819328000
[DEBUG] cosmic_applet: 🖼️  Rendering Panel: machine 'Neptune' CPU=4.7%, mem=35788341248/134819328000
[INFO] iced_winit::platform_specific::wayland::event_loop: Calloop channel closed.
[ERROR] iced_winit::platform_specific::wayland::event_loop: SCTK failed to send Control::AboutToWait. TrySendError { kind: Disconnected }
